customerID,gender,SeniorCitizen,Partner,Dependents,tenure,PhoneService,MultipleLines,InternetService,OnlineSecurity,OnlineBackup,DeviceProtection,TechSupport,StreamingTV,StreamingMovies,Contract,PaperlessBilling,PaymentMethod,MonthlyCharges,TotalCharges,Churn
CUST-00000,Male,0,No,No,61,Yes,No,No,No internet service,No internet service,No internet service,No internet service,No internet service,No internet service,One year,Yes,Bank transfer (automatic),18.0,1090.14,No
CUST-00001,Female,0,No,Yes,33,Yes,Yes,No,No internet service,No internet service,No internet service,No internet service,No internet service,No internet service,Two year,No,Credit card (automatic),21.3,690.11,No
CUST-00002,Female,1,Yes,Yes,50,No,No phone service,No,No internet service,No internet service,No internet service,No internet service,No internet service,No internet service,Month-to-month,No,Electronic check,18.0,911.46,No
CUST-00003,Male,0,Yes,No,70,Yes,Yes,Fiber optic,No,Yes,Yes,No,No,Yes,Month-to-month,Yes,Bank transfer (automatic),93.53,6551.76,No
CUST-00004,Male,0,No,No,3,Yes,Yes,Fiber optic,No,Yes,No,Yes,No,Yes,One year,No,Mailed check,88.05,251.32,No
CUST-00005,Female,0,No,Yes,8,Yes,Yes,Fiber optic,Yes,Yes,No,Yes,Yes,No,Month-to-month,Yes,Mailed check,97.6,772.37,Yes
CUST-00006,Male,1,No,No,67,Yes,No,DSL,No,No,Yes,Yes,Yes,No,One year,Yes,Mailed check,58.74,3974.75,No
CUST-00007,Female,1,No,No,41,Yes,No,No,No internet service,No internet service,No internet service,No internet service,No internet service,No internet service,One year,No,Mailed check,25.59,1033.5,No
CUST-00008,Male,0,No,No,45,Yes,No,Fiber optic,No,Yes,No,No,No,Yes,One year,Yes,Bank transfer (automatic),87.88,3950.93,No
CUST-00009,Male,0,No,No,24,Yes,Yes,Fiber optic,No,No,Yes,Yes,Yes,No,Month-to-month,No,Electronic check,88.72,2140.86,Yes
CUST-00010,Female,0,No,Yes,60,Yes,No,DSL,No,Yes,No,Yes,Yes,No,Month-to-month,Yes,Bank transfer (automatic),60.66,3641.01,No
CUST-00011,Female,0,No,Yes,47,Yes,No,DSL,No,No,No,Yes,Yes,Yes,Two year,Yes,Bank transfer (automatic),63.14,2979.76,No
CUST-00012,Female,0,Yes,Yes,18,Yes,No,No,No internet service,No internet service,No internet service,No internet service,No internet service,No internet service,Month-to-month,Yes,Credit card (automatic),23.02,436.33,No
CUST-00013,Female,0,No,No,47,Yes,No,DSL,Yes,Yes,No,No,Yes,Yes,Month-to-month,No,Bank transfer (automatic),66.38,3148.65,Yes
CUST-00014,Female,0,No,No,0,Yes,No,DSL,No,Yes,Yes,Yes,Yes,No,Month-to-month,No,Bank transfer (automatic),63.9,0.9,Yes
CUST-00015,Female,0,No,No,17,Yes,Yes,Fiber optic,Yes,No,No,Yes,No,Yes,Month-to-month,No,Credit card (automatic),82.85,1416.56,No
CUST-00016,Female,0,No,No,14,Yes,Yes,Fiber optic,Yes,No,Yes,Yes,Yes,No,Month-to-month,No,Bank transfer (automatic),94.73,1330.42,Yes
CUST-00017,Male,0,No,No,57,Yes,No,DSL,Yes,No,Yes,No,Yes,No,Month-to-month,No,Mailed check,65.25,3701.35,No
CUST-00018,Female,0,Yes,Yes,53,Yes,Yes,DSL,No,Yes,Yes,No,No,Yes,One year,Yes,Credit card (automatic),63.49,3368.87,No
CUST-00019,Male,0,Yes,Yes,6,Yes,Yes,No,No internet service,No internet service,No internet service,No internet service,No internet service,No internet service,One year,No,Electronic check,18.0,75.05,No
CUST-00020,Female,0,Yes,No,66,Yes,Yes,No,No internet service,No internet service,No internet service,No internet service,No internet service,No internet service,Two year,Yes,Mailed check,21.67,1437.72,No
CUST-00021,Male,0,Yes,No,59,Yes,Yes,Fiber optic,No,Yes,Yes,No,Yes,No,Two year,Yes,Electronic check,93.1,5450.26,No
CUST-00022,Male,0,Yes,No,31,Yes,No,No,No internet service,No internet service,No internet service,No internet service,No internet service,No internet service,Month-to-month,No,Credit card (automatic),18.0,538.21,Yes
CUST-00023,Female,0,Yes,Yes,15,No,No phone service,DSL,Yes,No,No,No,No,No,Month-to-month,Yes,Credit card (automatic),52.02,797.41,No
CUST-00024,Female,1,Yes,No,30,Yes,No,Fiber optic,Yes,Yes,Yes,Yes,No,Yes,Two year,Yes,Mailed check,107.24,3226.5,No
CUST-00025,Female,0,Yes,Yes,43,No,No phone service,Fiber optic,No,No,No,Yes,Yes,Yes,Month-to-month,No,Credit card (automatic),85.99,3697.23,No
CUST-00026,Male,1,No,No,45,Yes,Yes,No,No internet service,No internet service,No internet service,No internet service,No internet service,No internet service,Month-to-month,No,Credit card (automatic),19.76,880.19,No
CUST-00027,Female,1,No,Yes,25,Yes,No,Fiber optic,Yes,Yes,No,No,Yes,Yes,Month-to-month,Yes,Mailed check,90.66,2249.21,No
CUST-00028,Female,0,Yes,No,7,Yes,Yes,DSL,Yes,No,No,Yes,Yes,Yes,One year,Yes,Electronic check,70.13,479.49,No
CUST-00029,Male,0,Yes,Yes,44,Yes,No,DSL,No,No,No,No,Yes,No,Month-to-month,Yes,Mailed check,50.74,2246.26,No
CUST-00030,Male,0,Yes,Yes,51,No,No phone service,No,No internet service,No internet service,No internet service,No internet service,No internet service,No internet service,Month-to-month,Yes,Credit card (automatic),20.25,1027.67,No
CUST-00031,Male,0,Yes,No,19,Yes,No,DSL,No,No,Yes,No,No,No,Month-to-month,Yes,Credit card (automatic),50.54,918.56,No
CUST-00032,Male,0,Yes,No,46,Yes,No,Fiber optic,Yes,Yes,Yes,Yes,No,Yes,One year,No,Bank transfer (automatic),91.69,4193.11,No
CUST-00033,Female,0,Yes,No,41,Yes,No,Fiber optic,No,Yes,Yes,Yes,Yes,No,Month-to-month,Yes,Mailed check,96.14,3925.5,No
CUST-00034,Female,1,Yes,No,36,Yes,No,DSL,Yes,Yes,Yes,No,Yes,No,One year,Yes,Mailed check,69.38,2492.39,No
CUST-00035,Male,0,No,No,0,No,No phone service,Fiber optic,No,Yes,Yes,No,Yes,Yes,Month-to-month,Yes,Credit card (automatic),86.68,0.0,Yes
CUST-00036,Female,0,No,Yes,22,Yes,Yes,Fiber optic,Yes,No,Yes,No,Yes,Yes,Month-to-month,No,Bank transfer (automatic),85.31,1855.7,No
CUST-00037,Female,0,No,No,27,Yes,No,No,No internet service,No internet service,No internet service,No internet service,No internet service,No internet service,Month-to-month,No,Credit card (automatic),30.55,837.15,No
CUST-00038,Male,0,Yes,No,60,Yes,Yes,DSL,Yes,Yes,No,Yes,No,No,Month-to-month,No,Credit card (automatic),62.24,3694.8,Yes
CUST-00039,Female,0,Yes,No,60,Yes,No,DSL,Yes,Yes,Yes,Yes,No,Yes,Month-to-month,No,Bank transfer (automatic),64.65,3864.08,Yes
CUST-00040,Male,0,No,No,63,Yes,Yes,DSL,No,No,No,Yes,No,Yes,Two year,Yes,Credit card (automatic),55.95,3540.54,No
CUST-00041,Female,0,Yes,No,33,Yes,No,DSL,Yes,Yes,No,No,Yes,Yes,Month-to-month,Yes,Bank transfer (automatic),66.11,2192.43,No
CUST-00042,Female,0,No,Yes,23,Yes,No,Fiber optic,Yes,Yes,No,Yes,Yes,No,Two year,Yes,Mailed check,93.13,2136.59,No
CUST-00043,Male,0,No,No,36,Yes,Yes,Fiber optic,No,No,Yes,No,No,No,Month-to-month,Yes,Electronic check,79.47,2879.69,No
CUST-00044,Male,0,No,No,57,Yes,No,DSL,No,Yes,No,Yes,Yes,Yes,Month-to-month,Yes,Electronic check,60.62,3460.55,No
CUST-00045,Female,0,Yes,No,45,No,No phone service,No,No internet service,No internet service,No internet service,No internet service,No internet service,No internet service,One year,No,Electronic check,18.0,811.41,No
CUST-00046,Male,1,No,No,43,Yes,Yes,DSL,Yes,Yes,No,No,No,Yes,Two year,Yes,Credit card (automatic),49.59,2144.39,No
CUST-00047,Female,0,Yes,Yes,31,No,No phone service,Fiber optic,No,Yes,No,Yes,No,Yes,Month-to-month,Yes,Credit card (automatic),89.58,2785.11,Yes
CUST-00048,Female,0,Yes,Yes,50,Yes,Yes,No,No internet service,No internet service,No internet service,No internet service,No internet service,No internet service,Month-to-month,Yes,Mailed check,18.68,960.63,No
CUST-00049,Female,0,Yes,No,63,Yes,Yes,Fiber optic,Yes,Yes,No,No,Yes,No,One year,Yes,Electronic check,91.45,5755.84,No
CUST-00050,Female,0,No,No,48,Yes,No,DSL,No,Yes,Yes,Yes,No,No,Month-to-month,Yes,Electronic check,56.43,2703.78,No
CUST-00051,Male,0,No,No,29,Yes,No,No,No internet service,No internet service,No internet service,No internet service,No internet service,No internet service,One year,No,Electronic check,20.28,592.06,No
CUST-00052,Male,0,Yes,No,61,Yes,No,Fiber optic,Yes,No,Yes,Yes,Yes,Yes,Two year,Yes,Electronic check,101.56,6195.59,No
CUST-00053,Male,1,Yes,No,68,Yes,No,DSL,No,No,Yes,Yes,Yes,Yes,Month-to-month,No,Credit card (automatic),74.85,5126.94,No
CUST-00054,Male,0,No,No,58,Yes,No,DSL,No,Yes,Yes,Yes,Yes,No,Two year,No,Bank transfer (automatic),71.28,4144.73,No
CUST-00055,Male,0,No,No,64,Yes,No,No,No internet service,No internet service,No internet service,No internet service,No internet service,No internet service,Month-to-month,Yes,Electronic check,18.0,1137.54,Yes
CUST-00056,Female,0,Yes,Yes,19,No,No phone service,DSL,Yes,No,Yes,No,Yes,Yes,Two year,Yes,Electronic check,79.54,1481.44,No
CUST-00057,Male,0,Yes,No,30,Yes,Yes,No,No internet service,No internet service,No internet service,No internet service,No internet service,No internet service,Two year,Yes,Bank transfer (automatic),21.3,670.42,No
CUST-00058,Female,0,No,No,18,Yes,Yes,DSL,No,No,Yes,No,Yes,Yes,One year,No,Electronic check,57.26,1023.18,No
CUST-00059,Female,0,No,Yes,26,Yes,Yes,DSL,No,No,No,Yes,No,Yes,Two year,No,Bank transfer (automatic),55.9,1460.01,No
CUST-00060,Female,0,No,Yes,53,Yes,No,No,No internet service,No internet service,No internet service,No internet service,No internet service,No internet service,Two year,Yes,Mailed check,21.17,1121.64,No
CUST-00061,Female,0,Yes,No,49,Yes,Yes,No,No internet service,No internet service,No internet service,No internet service,No internet service,No internet service,Month-to-month,Yes,Electronic check,21.45,1067.18,Yes
CUST-00062,Male,0,Yes,No,0,Yes,No,DSL,Yes,No,Yes,Yes,Yes,Yes,Month-to-month,No,Bank transfer (automatic),67.95,0.0,No
CUST-00063,Female,0,Yes,No,55,Yes,No,DSL,Yes,Yes,No,Yes,Yes,Yes,Month-to-month,Yes,Electronic check,78.29,4308.33,No
CUST-00064,Male,0,Yes,No,14,Yes,Yes,Fiber optic,No,No,No,No,Yes,No,Month-to-month,Yes,Electronic check,78.68,1090.61,No
CUST-00065,Male,0,No,Yes,13,Yes,No,Fiber optic,Yes,No,No,No,Yes,Yes,One year,No,Mailed check,88.46,1205.61,No
CUST-00066,Female,0,Yes,No,39,Yes,No,Fiber optic,Yes,No,Yes,Yes,Yes,No,Month-to-month,No,Credit card (automatic),97.53,3788.62,Yes
CUST-00067,Male,0,No,No,17,Yes,No,DSL,No,No,Yes,Yes,No,Yes,One year,No,Electronic check,59.91,1029.67,Yes
CUST-00068,Male,0,No,No,70,Yes,Yes,No,No internet service,No internet service,No internet service,No internet service,No internet service,No internet service,Month-to-month,No,Mailed check,18.0,1316.91,No
CUST-00069,Male,1,No,No,10,Yes,No,DSL,No,No,Yes,No,Yes,No,Month-to-month,No,Electronic check,52.56,547.57,No
CUST-00070,Female,0,No,No,11,Yes,Yes,DSL,Yes,No,No,Yes,Yes,Yes,Month-to-month,Yes,Credit card (automatic),71.47,785.74,No
CUST-00071,Male,0,No,No,55,Yes,Yes,DSL,No,Yes,Yes,Yes,No,Yes,Two year,Yes,Credit card (automatic),65.25,3592.09,No
CUST-00072,Male,0,Yes,No,20,Yes,Yes,DSL,Yes,No,Yes,Yes,Yes,Yes,Month-to-month,Yes,Credit card (automatic),66.17,1307.15,No
CUST-00073,Male,0,Yes,Yes,52,Yes,Yes,Fiber optic,Yes,Yes,No,No,No,Yes,Month-to-month,No,Credit card (automatic),84.14,4408.88,Yes
CUST-00074,Female,0,Yes,No,49,Yes,No,Fiber optic,No,Yes,No,No,Yes,Yes,Month-to-month,No,Bank transfer (automatic),88.28,4321.2,Yes
CUST-00075,Male,0,No,No,13,No,No phone service,Fiber optic,Yes,Yes,Yes,No,No,No,Two year,No,Electronic check,79.6,1033.33,No
CUST-00076,Male,0,No,No,42,Yes,Yes,Fiber optic,Yes,Yes,No,No,No,Yes,Month-to-month,Yes,Mailed check,85.69,3581.42,Yes
CUST-00077,Male,1,Yes,No,39,Yes,Yes,DSL,Yes,Yes,No,No,No,Yes,One year,Yes,Bank transfer (automatic),60.89,2368.46,No
CUST-00078,Female,0,Yes,Yes,6,Yes,No,No,No internet service,No internet service,No internet service,No internet service,No internet service,No internet service,Month-to-month,Yes,Credit card (automatic),19.23,116.69,Yes
CUST-00079,Female,1,Yes,No,55,Yes,No,Fiber optic,Yes,No,Yes,Yes,Yes,Yes,Month-to-month,No,Mailed check,105.57,5828.14,No
CUST-00080,Female,0,Yes,Yes,62,Yes,Yes,DSL,No,No,Yes,Yes,Yes,Yes,One year,No,Electronic check,66.58,4133.29,No
CUST-00081,Male,0,No,Yes,69,Yes,Yes,DSL,No,Yes,No,No,Yes,Yes,One year,No,Mailed check,57.9,4017.0,Yes
CUST-00082,Male,0,Yes,No,6,Yes,No,Fiber optic,No,Yes,No,No,Yes,No,One year,Yes,Bank transfer (automatic),85.08,464.79,Yes
CUST-00083,Female,0,No,No,13,Yes,No,No,No internet service,No internet service,No internet service,No internet service,No internet service,No internet service,Month-to-month,Yes,Credit card (automatic),19.4,280.21,No
CUST-00084,Female,0,No,No,60,Yes,No,Fiber optic,No,No,Yes,Yes,Yes,Yes,Two year,Yes,Bank transfer (automatic),92.25,5508.17,No
CUST-00085,Female,0,Yes,No,22,Yes,No,No,No internet service,No internet service,No internet service,No internet service,No internet service,No internet service,One year,Yes,Electronic check,20.36,463.3,No
CUST-00086,Male,0,Yes,Yes,45,Yes,No,DSL,No,No,Yes,No,Yes,Yes,Two year,Yes,Bank transfer (automatic),60.97,2681.48,No
CUST-00087,Male,0,No,No,25,Yes,Yes,No,No internet service,No internet service,No internet service,No internet service,No internet service,No internet service,Month-to-month,No,Credit card (automatic),21.69,543.56,No
CUST-00088,Female,0,No,No,15,Yes,Yes,DSL,Yes,No,No,No,Yes,No,Month-to-month,No,Mailed check,52.26,802.85,No
CUST-00089,Female,0,Yes,No,45,Yes,Yes,DSL,Yes,Yes,No,Yes,Yes,No,Month-to-month,No,Mailed check,70.76,3167.37,No
CUST-00090,Male,0,Yes,No,15,Yes,No,Fiber optic,No,No,Yes,No,No,Yes,One year,Yes,Electronic check,81.2,1218.72,No
CUST-00091,Female,1,No,No,9,Yes,No,DSL,No,Yes,Yes,Yes,No,Yes,One year,Yes,Bank transfer (automatic),63.88,593.45,No
CUST-00092,Female,0,No,No,38,Yes,Yes,Fiber optic,Yes,Yes,No,No,No,No,Month-to-month,Yes,Mailed check,79.82,3047.85,No
CUST-00093,Male,0,No,No,14,Yes,Yes,DSL,No,No,No,No,Yes,Yes,Month-to-month,Yes,Credit card (automatic),57.26,770.45,Yes
CUST-00094,Female,0,No,No,14,Yes,No,Fiber optic,Yes,Yes,No,No,No,No,Month-to-month,Yes,Mailed check,86.16,1226.22,No
CUST-00095,Male,1,No,No,56,Yes,No,Fiber optic,No,Yes,No,Yes,No,No,Month-to-month,Yes,Bank transfer (automatic),79.29,4474.41,Yes
CUST-00096,Male,0,Yes,No,38,Yes,Yes,Fiber optic,No,Yes,Yes,Yes,No,No,Two year,No,Bank transfer (automatic),84.25,3225.8,No
CUST-00097,Female,0,No,No,39,Yes,No,Fiber optic,Yes,No,No,No,Yes,No,Month-to-month,No,Credit card (automatic),78.59,3040.4,Yes
CUST-00098,Female,1,Yes,No,10,Yes,Yes,DSL,Yes,Yes,Yes,No,No,No,Month-to-month,No,Mailed check,56.95,547.79,No
CUST-00099,Male,1,No,No,11,Yes,Yes,No,No internet service,No internet service,No internet service,No internet service,No internet service,No internet service,Month-to-month,Yes,Electronic check,18.3,202.82,Yes
CUST-00100,Female,0,No,No,28,Yes,Yes,Fiber optic,No,No,Yes,Yes,Yes,No,Month-to-month,Yes,Electronic check,86.94,2446.03,Yes
CUST-00101,Male,0,No,No,28,Yes,Yes,Fiber optic,Yes,Yes,Yes,Yes,Yes,Yes,Two year,Yes,Bank transfer (automatic),106.66,3003.9,No
CUST-00102,Female,0,No,No,32,Yes,No,DSL,No,Yes,Yes,No,Yes,No,Month-to-month,No,Mailed check,60.28,1913.12,No
CUST-00103,Male,0,No,Yes,9,Yes,Yes,DSL,Yes,Yes,No,Yes,Yes,Yes,Two year,Yes,Mailed check,63.86,573.25,No
CUST-00104,Female,0,No,Yes,65,Yes,No,Fiber optic,Yes,No,No,No,No,No,One year,Yes,Electronic check,73.96,4791.04,No
CUST-00105,Female,0,No,No,26,Yes,Yes,Fiber optic,No,No,No,Yes,No,Yes,One year,Yes,Mailed check,76.51,1969.13,No
CUST-00106,Female,0,No,No,59,Yes,Yes,No,No internet service,No internet service,No internet service,No internet service,No internet service,No internet service,Month-to-month,Yes,Bank transfer (automatic),19.71,1171.02,No
CUST-00107,Female,0,Yes,No,29,No,No phone service,No,No internet service,No internet service,No internet service,No internet service,No internet service,No internet service,One year,Yes,Electronic check,18.14,524.59,No
CUST-00108,Male,0,Yes,No,34,Yes,Yes,Fiber optic,No,No,No,No,No,Yes,One year,Yes,Bank transfer (automatic),72.16,2462.55,No
CUST-00109,Female,0,No,No,8,No,No phone service,Fiber optic,No,Yes,No,No,Yes,No,Month-to-month,Yes,Bank transfer (automatic),79.85,627.37,No
CUST-00110,Male,1,No,No,49,Yes,No,Fiber optic,No,No,No,Yes,Yes,No,Two year,No,Mailed check,72.74,3577.65,Yes
CUST-00111,Female,0,No,Yes,4,No,No phone service,DSL,Yes,Yes,No,Yes,Yes,Yes,Month-to-month,Yes,Bank transfer (automatic),75.82,280.73,No
CUST-00112,Female,0,No,Yes,54,Yes,Yes,Fiber optic,Yes,Yes,Yes,Yes,Yes,Yes,Month-to-month,Yes,Credit card (automatic),107.93,5819.11,Yes
CUST-00113,Male,0,Yes,No,64,Yes,No,Fiber optic,Yes,No,Yes,No,Yes,No,Month-to-month,No,Electronic check,81.19,5174.03,Yes
CUST-00114,Female,0,Yes,Yes,26,Yes,No,DSL,Yes,No,No,Yes,Yes,No,One year,No,Mailed check,59.84,1561.53,No
CUST-00115,Female,0,No,No,64,Yes,Yes,DSL,No,Yes,Yes,No,Yes,Yes,Month-to-month,Yes,Bank transfer (automatic),63.74,4115.61,Yes
CUST-00116,Male,0,Yes,No,51,Yes,Yes,Fiber optic,Yes,No,No,No,No,Yes,Month-to-month,No,Bank transfer (automatic),74.54,3808.91,No
CUST-00117,Male,1,No,No,0,Yes,Yes,Fiber optic,Yes,No,No,No,No,No,Month-to-month,Yes,Mailed check,73.51,0.0,Yes
CUST-00118,Male,0,No,Yes,14,Yes,Yes,DSL,No,No,No,No,Yes,No,Month-to-month,No,Bank transfer (automatic),48.57,676.03,No
CUST-00119,Male,1,No,No,46,No,No phone service,DSL,Yes,Yes,No,Yes,No,No,Month-to-month,No,Bank transfer (automatic),59.85,2741.5,No
CUST-00120,Male,1,Yes,No,51,No,No phone service,DSL,No,Yes,Yes,No,Yes,No,Two year,Yes,Bank transfer (automatic),65.94,3385.04,No
CUST-00121,Female,1,No,No,6,Yes,No,No,No internet service,No internet service,No internet service,No internet service,No internet service,No internet service,Month-to-month,Yes,Credit card (automatic),18.38,118.52,No
CUST-00122,Female,0,Yes,No,49,No,No phone service,No,No internet service,No internet service,No internet service,No internet service,No internet service,No internet service,Two year,Yes,Electronic check,21.38,1014.15,No
CUST-00123,Male,1,Yes,No,59,Yes,Yes,No,No internet service,No internet service,No internet service,No internet service,No internet service,No internet service,One year,No,Mailed check,19.51,1172.86,No
CUST-00124,Female,0,Yes,No,6,No,No phone service,No,No internet service,No internet service,No internet service,No internet service,No internet service,No internet service,One year,No,Mailed check,18.0,90.59,No
CUST-00125,Female,0,Yes,No,64,Yes,Yes,DSL,Yes,No,No,No,No,Yes,Two year,Yes,Bank transfer (automatic),61.45,3919.68,No
CUST-00126,Male,0,No,No,38,Yes,Yes,DSL,Yes,No,No,Yes,Yes,Yes,Month-to-month,Yes,Bank transfer (automatic),72.61,2767.23,No
CUST-00127,Female,0,No,Yes,45,Yes,No,Fiber optic,No,Yes,No,Yes,No,Yes,One year,No,Credit card (automatic),86.3,3871.54,No
CUST-00128,Female,0,Yes,Yes,3,Yes,Yes,Fiber optic,No,Yes,Yes,Yes,Yes,No,Month-to-month,Yes,Electronic check,85.11,300.19,Yes
CUST-00129,Female,0,No,No,44,Yes,No,Fiber optic,Yes,No,Yes,No,No,Yes,Month-to-month,Yes,Bank transfer (automatic),87.89,3862.39,Yes
CUST-00130,Female,0,No,No,33,Yes,Yes,DSL,Yes,Yes,Yes,No,No,Yes,Month-to-month,Yes,Electronic check,73.65,2443.11,No
CUST-00131,Female,0,No,No,27,Yes,No,No,No internet service,No internet service,No internet service,No internet service,No internet service,No internet service,One year,Yes,Credit card (automatic),19.16,486.43,No
CUST-00132,Male,1,No,No,56,Yes,No,DSL,No,Yes,No,Yes,No,Yes,Two year,Yes,Electronic check,61.53,3433.35,No
CUST-00133,Female,0,No,No,18,Yes,No,Fiber optic,No,Yes,No,Yes,Yes,No,Month-to-month,No,Electronic check,82.33,1479.32,No
CUST-00134,Female,0,Yes,Yes,4,Yes,No,No,No internet service,No internet service,No internet service,No internet service,No internet service,No internet service,One year,Yes,Credit card (automatic),20.59,102.3,No
CUST-00135,Male,0,Yes,No,36,Yes,Yes,Fiber optic,No,Yes,No,No,No,Yes,Month-to-month,Yes,Mailed check,77.23,2758.76,Yes
CUST-00136,Female,0,No,Yes,54,Yes,No,Fiber optic,No,Yes,Yes,Yes,Yes,No,Month-to-month,No,Mailed check,97.84,5307.35,No
CUST-00137,Male,0,No,No,9,Yes,Yes,Fiber optic,Yes,Yes,Yes,Yes,No,Yes,Month-to-month,Yes,Bank transfer (automatic),99.89,901.56,Yes
CUST-00138,Male,0,No,No,71,Yes,No,No,No internet service,No internet service,No internet service,No internet service,No internet service,No internet service,One year,No,Electronic check,19.37,1381.82,No
CUST-00139,Male,0,Yes,No,49,Yes,Yes,No,No internet service,No internet service,No internet service,No internet service,No internet service,No internet service,Month-to-month,No,Mailed check,24.73,1196.86,No
CUST-00140,Female,0,Yes,No,68,Yes,No,Fiber optic,No,No,Yes,Yes,No,Yes,Month-to-month,Yes,Mailed check,83.76,5676.38,Yes
CUST-00141,Male,0,No,No,34,No,No phone service,Fiber optic,Yes,No,Yes,Yes,Yes,Yes,Month-to-month,No,Mailed check,93.43,3133.07,No
CUST-00142,Male,0,Yes,No,8,Yes,No,No,No internet service,No internet service,No internet service,No internet service,No internet service,No internet service,One year,No,Electronic check,22.57,186.55,No
CUST-00143,Male,1,No,Yes,12,No,No phone service,Fiber optic,Yes,Yes,No,No,Yes,No,Two year,Yes,Mailed check,80.31,976.27,No
CUST-00144,Female,0,No,No,36,Yes,No,Fiber optic,No,Yes,Yes,No,No,No,Month-to-month,No,Mailed check,80.41,2887.52,No
CUST-00145,Female,1,Yes,No,42,Yes,No,Fiber optic,Yes,No,No,Yes,Yes,No,One year,Yes,Bank transfer (automatic),88.46,3683.65,No
CUST-00146,Male,0,Yes,Yes,53,Yes,Yes,DSL,No,No,Yes,No,Yes,Yes,One year,No,Electronic check,68.65,3627.33,No
CUST-00147,Male,0,Yes,No,58,Yes,Yes,Fiber optic,No,Yes,No,No,Yes,Yes,Month-to-month,No,Credit card (automatic),91.83,5333.6,Yes
CUST-00148,Female,0,Yes,Yes,55,Yes,Yes,No,No internet service,No internet service,No internet service,No internet service,No internet service,No internet service,Month-to-month,No,Electronic check,18.51,1021.73,No
CUST-00149,Male,1,No,No,42,Yes,No,DSL,Yes,Yes,No,Yes,No,Yes,Two year,Yes,Bank transfer (automatic),69.6,2936.64,No
CUST-00150,Female,1,No,Yes,1,Yes,No,DSL,No,Yes,Yes,Yes,Yes,No,Month-to-month,No,Mailed check,70.36,38.01,Yes
CUST-00151,Male,0,Yes,No,38,Yes,No,DSL,No,No,No,No,No,No,Month-to-month,Yes,Credit card (automatic),52.28,1978.54,Yes
CUST-00152,Female,0,No,Yes,59,Yes,No,Fiber optic,Yes,Yes,No,Yes,No,Yes,Two year,No,Bank transfer (automatic),87.42,5155.78,No
CUST-00153,Male,0,Yes,No,61,Yes,Yes,DSL,No,Yes,Yes,Yes,No,Yes,Two year,Yes,Bank transfer (automatic),71.15,4352.81,No
CUST-00154,Male,0,Yes,Yes,60,Yes,No,Fiber optic,No,Yes,No,No,Yes,Yes,One year,Yes,Electronic check,88.96,5325.53,No
CUST-00155,Female,1,No,No,0,Yes,Yes,DSL,No,No,No,Yes,No,Yes,Two year,No,Credit card (automatic),55.74,10.7,Yes
CUST-00156,Male,0,No,Yes,31,Yes,No,DSL,No,No,No,Yes,Yes,No,Month-to-month,Yes,Credit card (automatic),59.32,1819.93,Yes
CUST-00157,Female,0,No,No,45,Yes,Yes,DSL,No,Yes,No,No,Yes,Yes,One year,No,Electronic check,65.51,2952.29,No
CUST-00158,Female,0,Yes,No,18,Yes,No,DSL,No,No,Yes,No,Yes,No,Month-to-month,Yes,Bank transfer (automatic),53.67,960.2,No
CUST-00159,Female,0,No,Yes,29,Yes,Yes,No,No internet service,No internet service,No internet service,No internet service,No internet service,No internet service,Two year,Yes,Credit card (automatic),19.38,554.99,No
CUST-00160,Female,1,Yes,No,7,Yes,No,No,No internet service,No internet service,No internet service,No internet service,No internet service,No internet service,Month-to-month,No,Bank transfer (automatic),21.05,195.61,No
CUST-00161,Female,0,No,No,14,No,No phone service,Fiber optic,Yes,No,Yes,No,Yes,No,Month-to-month,No,Credit card (automatic),88.52,1232.62,Yes
CUST-00162,Male,0,No,No,0,Yes,No,No,No internet service,No internet service,No internet service,No internet service,No internet service,No internet service,Month-to-month,Yes,Credit card (automatic),23.97,0.0,No
CUST-00163,Male,0,No,No,71,Yes,Yes,DSL,Yes,No,No,No,No,No,One year,No,Credit card (automatic),54.68,3853.79,No
CUST-00164,Male,0,Yes,Yes,62,Yes,No,No,No internet service,No internet service,No internet service,No internet service,No internet service,No internet service,Month-to-month,Yes,Mailed check,18.6,1173.0,No
CUST-00165,Female,0,Yes,No,29,Yes,No,Fiber optic,No,Yes,Yes,Yes,No,Yes,One year,No,Credit card (automatic),87.06,2513.87,No
CUST-00166,Male,1,No,Yes,0,Yes,Yes,Fiber optic,Yes,No,No,Yes,Yes,No,Month-to-month,No,Electronic check,81.46,0.0,Yes
CUST-00167,Male,0,Yes,No,24,Yes,Yes,Fiber optic,Yes,Yes,Yes,Yes,No,Yes,Month-to-month,Yes,Credit card (automatic),96.94,2309.67,Yes
CUST-00168,Male,0,No,No,31,Yes,No,Fiber optic,No,Yes,Yes,No,Yes,Yes,One year,Yes,Bank transfer (automatic),95.23,2960.44,No
CUST-00169,Male,0,No,No,12,Yes,Yes,DSL,Yes,Yes,Yes,No,Yes,No,Month-to-month,Yes,Electronic check,69.08,847.61,Yes
CUST-00170,Male,0,No,Yes,48,Yes,Yes,DSL,Yes,No,No,No,No,No,One year,No,Bank transfer (automatic),51.43,2494.81,No
CUST-00171,Male,0,Yes,No,72,No,No phone service,Fiber optic,No,Yes,No,No,No,Yes,Two year,Yes,Credit card (automatic),84.82,6104.71,Yes
CUST-00172,Female,0,No,Yes,61,Yes,No,Fiber optic,Yes,Yes,Yes,No,No,Yes,One year,Yes,Credit card (automatic),88.53,5388.46,No
CUST-00173,Female,0,Yes,No,62,Yes,No,No,No internet service,No internet service,No internet service,No internet service,No internet service,No internet service,Month-to-month,Yes,Electronic check,19.43,1191.49,No
CUST-00174,Female,0,Yes,No,60,Yes,No,DSL,Yes,Yes,No,Yes,No,No,Month-to-month,No,Credit card (automatic),66.02,3961.55,No
CUST-00175,Male,0,No,Yes,5,Yes,No,Fiber optic,No,No,No,No,Yes,Yes,Two year,No,Credit card (automatic),81.02,410.17,No
CUST-00176,Female,0,Yes,Yes,40,Yes,Yes,Fiber optic,Yes,Yes,Yes,Yes,Yes,Yes,One year,Yes,Credit card (automatic),103.26,4141.29,No
CUST-00177,Male,0,No,No,41,Yes,No,DSL,No,Yes,Yes,No,No,No,Two year,Yes,Bank transfer (automatic),55.93,2276.19,No
CUST-00178,Female,0,No,Yes,7,Yes,No,DSL,No,No,Yes,Yes,No,Yes,Month-to-month,Yes,Credit card (automatic),63.99,450.62,No
CUST-00179,Female,0,No,No,10,Yes,No,Fiber optic,Yes,Yes,Yes,No,No,Yes,One year,No,Mailed check,102.36,1003.21,No
CUST-00180,Female,0,No,No,41,Yes,No,Fiber optic,Yes,Yes,No,Yes,No,Yes,Month-to-month,No,Bank transfer (automatic),90.72,3716.93,No
CUST-00181,Male,1,No,No,52,Yes,Yes,DSL,No,Yes,Yes,Yes,No,No,One year,No,Mailed check,72.12,3778.15,No
CUST-00182,Male,0,Yes,Yes,15,Yes,Yes,DSL,Yes,Yes,No,No,Yes,No,Two year,Yes,Mailed check,55.18,823.14,No
CUST-00183,Female,0,No,Yes,35,No,No phone service,DSL,Yes,Yes,Yes,No,No,Yes,Two year,Yes,Mailed check,69.21,2404.66,No
CUST-00184,Male,0,Yes,Yes,5,Yes,Yes,No,No internet service,No internet service,No internet service,No internet service,No internet service,No internet service,Month-to-month,Yes,Bank transfer (automatic),24.66,130.31,No
CUST-00185,Male,0,No,No,8,Yes,Yes,No,No internet service,No internet service,No internet service,No internet service,No internet service,No internet service,Two year,No,Bank transfer (automatic),20.09,178.61,No
CUST-00186,Male,0,No,No,42,Yes,Yes,DSL,No,Yes,No,No,Yes,Yes,Month-to-month,No,Credit card (automatic),58.75,2452.12,No
CUST-00187,Male,0,No,Yes,40,Yes,No,Fiber optic,No,Yes,Yes,No,No,No,Month-to-month,Yes,Bank transfer (automatic),85.13,3378.1,Yes
CUST-00188,Male,0,Yes,Yes,54,Yes,Yes,No,No internet service,No internet service,No internet service,No internet service,No internet service,No internet service,One year,Yes,Electronic check,19.02,1010.84,No
CUST-00189,Male,0,Yes,No,66,No,No phone service,DSL,Yes,No,No,No,No,No,Month-to-month,Yes,Mailed check,46.26,3044.37,Yes
CUST-00190,Female,1,Yes,No,13,Yes,Yes,DSL,No,Yes,Yes,No,No,Yes,Month-to-month,Yes,Bank transfer (automatic),56.65,766.81,No
CUST-00191,Female,0,Yes,No,24,Yes,Yes,DSL,No,No,Yes,Yes,No,Yes,One year,No,Mailed check,53.32,1251.6,No
CUST-00192,Female,1,Yes,No,62,Yes,No,DSL,No,Yes,Yes,No,Yes,Yes,One year,Yes,Electronic check,71.53,4400.98,No
CUST-00193,Male,1,Yes,Yes,3,Yes,No,No,No internet service,No internet service,No internet service,No internet service,No internet service,No internet service,One year,No,Electronic check,22.01,71.47,No
CUST-00194,Female,1,Yes,No,60,Yes,Yes,No,No internet service,No internet service,No internet service,No internet service,No internet service,No internet service,Month-to-month,No,Bank transfer (automatic),18.0,1065.76,Yes
CUST-00195,Male,0,No,No,69,No,No phone service,Fiber optic,No,Yes,Yes,Yes,No,No,One year,Yes,Mailed check,90.63,6233.64,No
CUST-00196,Male,0,Yes,No,7,Yes,Yes,DSL,Yes,No,Yes,Yes,Yes,No,Month-to-month,Yes,Bank transfer (automatic),67.34,484.37,No
CUST-00197,Male,0,No,No,10,Yes,Yes,No,No internet service,No internet service,No internet service,No internet service,No internet service,No internet service,Month-to-month,Yes,Bank transfer (automatic),21.04,212.22,No
CUST-00198,Male,0,Yes,No,49,Yes,Yes,DSL,Yes,No,Yes,No,Yes,No,Month-to-month,No,Mailed check,61.32,3024.79,No
CUST-00199,Female,1,No,No,34,Yes,No,DSL,Yes,No,Yes,Yes,Yes,No,One year,Yes,Bank transfer (automatic),70.22,2402.17,No
CUST-00200,Male,0,Yes,No,72,Yes,No,DSL,No,No,No,No,No,Yes,Month-to-month,No,Bank transfer (automatic),55.5,3971.84,No
CUST-00201,Female,0,No,No,39,Yes,No,No,No internet service,No internet service,No internet service,No internet service,No internet service,No internet service,Month-to-month,No,Electronic check,21.87,819.34,No
CUST-00202,Male,0,No,No,47,No,No phone service,Fiber optic,Yes,Yes,Yes,Yes,Yes,No,Two year,No,Credit card (automatic),86.82,4102.92,No
CUST-00203,Female,0,No,No,17,Yes,Yes,Fiber optic,Yes,No,No,No,Yes,No,Two year,No,Bank transfer (automatic),87.79,1489.94,No
CUST-00204,Male,0,Yes,No,23,Yes,No,Fiber optic,No,No,No,Yes,Yes,Yes,One year,Yes,Credit card (automatic),85.12,2018.06,No
CUST-00205,Male,0,No,No,12,Yes,No,DSL,Yes,Yes,Yes,Yes,No,Yes,One year,No,Credit card (automatic),70.09,860.42,No
CUST-00206,Female,1,Yes,Yes,10,Yes,Yes,Fiber optic,Yes,No,No,Yes,Yes,No,Two year,No,Mailed check,93.34,960.82,No
CUST-00207,Female,0,Yes,Yes,8,Yes,No,No,No internet service,No internet service,No internet service,No internet service,No internet service,No internet service,One year,Yes,Credit card (automatic),21.47,152.87,No
CUST-00208,Male,0,Yes,No,65,Yes,Yes,No,No internet service,No internet service,No internet service,No internet service,No internet service,No internet service,Month-to-month,Yes,Credit card (automatic),18.0,1168.32,No
CUST-00209,Female,0,No,Yes,5,Yes,Yes,Fiber optic,No,Yes,No,Yes,Yes,Yes,One year,Yes,Electronic check,95.18,492.07,No
CUST-00210,Male,1,Yes,No,37,Yes,Yes,DSL,No,No,Yes,Yes,No,Yes,Two year,Yes,Bank transfer (automatic),63.22,2337.46,No
CUST-00211,Female,0,No,Yes,37,Yes,Yes,No,No internet service,No internet service,No internet service,No internet service,No internet service,No internet service,One year,Yes,Credit card (automatic),20.6,763.32,No
CUST-00212,Female,0,Yes,No,4,Yes,Yes,Fiber optic,No,No,No,No,No,Yes,Month-to-month,Yes,Electronic check,75.06,305.11,Yes
CUST-00213,Male,0,Yes,No,61,Yes,No,DSL,Yes,No,No,Yes,No,No,Two year,No,Electronic check,49.47,3003.19,No
CUST-00214,Female,1,Yes,Yes,36,Yes,Yes,DSL,Yes,Yes,Yes,No,Yes,No,One year,Yes,Mailed check,58.34,2082.57,No
CUST-00215,Male,0,Yes,Yes,9,Yes,No,DSL,No,No,Yes,Yes,Yes,Yes,Month-to-month,Yes,Electronic check,64.37,575.66,No
CUST-00216,Male,0,No,No,9,Yes,No,Fiber optic,Yes,Yes,Yes,Yes,No,No,Two year,Yes,Electronic check,99.26,885.05,No
CUST-00217,Male,1,No,No,51,Yes,No,Fiber optic,Yes,No,Yes,Yes,No,No,One year,Yes,Electronic check,79.33,4028.28,Yes
CUST-00218,Male,0,No,No,45,Yes,No,DSL,Yes,Yes,No,Yes,Yes,Yes,Two year,No,Electronic check,78.42,3526.36,No
CUST-00219,Female,0,Yes,Yes,30,Yes,No,DSL,Yes,No,Yes,Yes,Yes,No,Two year,Yes,Mailed check,66.84,1979.08,No
CUST-00220,Male,0,Yes,Yes,29,Yes,Yes,Fiber optic,Yes,Yes,No,No,Yes,Yes,Month-to-month,Yes,Credit card (automatic),96.3,2807.95,Yes
CUST-00221,Male,0,No,Yes,2,Yes,No,Fiber optic,Yes,No,Yes,No,No,Yes,One year,Yes,Credit card (automatic),93.49,198.77,No
CUST-00222,Female,0,Yes,Yes,2,No,No phone service,DSL,No,No,Yes,Yes,Yes,Yes,Month-to-month,Yes,Electronic check,59.79,133.25,Yes
CUST-00223,Male,0,Yes,No,39,Yes,Yes,DSL,Yes,No,No,Yes,No,Yes,Two year,No,Credit card (automatic),66.52,2577.51,No
CUST-00224,Female,0,No,Yes,26,Yes,Yes,No,No internet service,No internet service,No internet service,No internet service,No internet service,No internet service,Two year,Yes,Credit card (automatic),23.45,590.39,No
CUST-00225,Male,0,Yes,Yes,18,Yes,Yes,No,No internet service,No internet service,No internet service,No internet service,No internet service,No internet service,Two year,No,Mailed check,22.82,437.19,No
CUST-00226,Female,0,Yes,No,27,Yes,Yes,Fiber optic,No,No,No,Yes,Yes,No,One year,Yes,Mailed check,81.92,2207.93,No
CUST-00227,Female,0,Yes,No,44,Yes,No,Fiber optic,Yes,No,Yes,No,Yes,No,Two year,No,Mailed check,86.16,3802.44,No
CUST-00228,Female,0,No,No,21,Yes,Yes,No,No internet service,No internet service,No internet service,No internet service,No internet service,No internet service,Month-to-month,Yes,Credit card (automatic),22.0,438.95,No
CUST-00229,Male,1,Yes,No,25,Yes,Yes,DSL,Yes,Yes,Yes,Yes,Yes,Yes,Month-to-month,Yes,Electronic check,79.18,1973.78,No
CUST-00230,Male,0,No,No,20,No,No phone service,No,No internet service,No internet service,No internet service,No internet service,No internet service,No internet service,Month-to-month,Yes,Bank transfer (automatic),19.55,414.84,No
CUST-00231,Female,0,Yes,Yes,48,Yes,No,Fiber optic,Yes,No,No,Yes,No,No,Two year,Yes,Credit card (automatic),77.86,3739.95,No
CUST-00232,Male,0,Yes,Yes,3,Yes,Yes,Fiber optic,No,Yes,Yes,Yes,No,Yes,One year,Yes,Bank transfer (automatic),91.41,269.23,Yes
CUST-00233,Female,0,Yes,No,67,Yes,Yes,Fiber optic,Yes,Yes,Yes,No,Yes,Yes,One year,No,Mailed check,96.51,6477.5,No
CUST-00234,Male,0,No,No,40,No,No phone service,DSL,Yes,Yes,Yes,No,No,No,Month-to-month,No,Credit card (automatic),62.2,2494.32,No
CUST-00235,Female,0,Yes,No,17,Yes,Yes,No,No internet service,No internet service,No internet service,No internet service,No internet service,No internet service,One year,No,Electronic check,22.83,429.8,No
CUST-00236,Female,0,No,No,55,No,No phone service,Fiber optic,No,Yes,Yes,Yes,No,No,Month-to-month,Yes,Electronic check,93.14,5123.52,Yes
CUST-00237,Male,0,Yes,No,68,No,No phone service,DSL,No,No,Yes,No,Yes,No,Two year,Yes,Credit card (automatic),54.51,3719.63,No
CUST-00238,Male,0,Yes,No,4,Yes,Yes,Fiber optic,No,Yes,Yes,Yes,Yes,Yes,Two year,No,Credit card (automatic),94.47,375.18,No
CUST-00239,Female,0,Yes,No,14,Yes,Yes,No,No internet service,No internet service,No internet service,No internet service,No internet service,No internet service,Month-to-month,Yes,Electronic check,18.0,232.23,No
CUST-00240,Male,0,No,No,10,Yes,No,No,No internet service,No internet service,No internet service,No internet service,No internet service,No internet service,Two year,Yes,Credit card (automatic),18.0,188.44,No
CUST-00241,Female,1,Yes,Yes,5,Yes,Yes,Fiber optic,No,Yes,Yes,No,No,No,Month-to-month,No,Electronic check,85.94,400.37,Yes
CUST-00242,Male,0,No,Yes,53,Yes,No,DSL,No,Yes,Yes,No,Yes,Yes,Month-to-month,Yes,Mailed check,72.27,3850.04,Yes
CUST-00243,Female,0,No,No,14,Yes,No,Fiber optic,No,Yes,No,No,No,Yes,One year,No,Credit card (automatic),79.57,1087.65,No
CUST-00244,Female,0,No,No,27,No,No phone service,DSL,Yes,Yes,Yes,No,No,Yes,One year,Yes,Mailed check,71.76,1919.81,No
CUST-00245,Male,0,No,Yes,59,Yes,No,No,No internet service,No internet service,No internet service,No internet service,No internet service,No internet service,Month-to-month,No,Electronic check,22.05,1281.57,Yes
CUST-00246,Female,0,No,No,44,Yes,Yes,Fiber optic,Yes,Yes,Yes,Yes,No,No,Month-to-month,Yes,Credit card (automatic),84.76,3741.86,Yes
CUST-00247,Male,0,No,No,49,Yes,Yes,No,No internet service,No internet service,No internet service,No internet service,No internet service,No internet service,Month-to-month,No,Electronic check,18.54,886.07,No
CUST-00248,Female,0,Yes,No,7,Yes,No,DSL,No,Yes,No,Yes,Yes,No,Month-to-month,Yes,Credit card (automatic),61.04,437.47,No
CUST-00249,Male,0,No,No,70,Yes,Yes,No,No internet service,No internet service,No internet service,No internet service,No internet service,No internet service,Month-to-month,Yes,Mailed check,20.72,1436.93,No
CUST-00250,Male,0,No,No,6,No,No phone service,No,No internet service,No internet service,No internet service,No internet service,No internet service,No internet service,Month-to-month,No,Mailed check,23.32,137.58,No
CUST-00251,Male,0,Yes,Yes,51,Yes,No,Fiber optic,Yes,No,Yes,Yes,Yes,No,Two year,Yes,Mailed check,94.44,4805.71,No
CUST-00252,Male,0,No,No,46,Yes,No,No,No internet service,No internet service,No internet service,No internet service,No internet service,No internet service,Month-to-month,Yes,Electronic check,18.0,874.54,Yes
CUST-00253,Male,0,No,Yes,30,Yes,Yes,Fiber optic,No,No,No,No,Yes,No,Month-to-month,Yes,Credit card (automatic),66.91,1974.02,No
CUST-00254,Female,1,Yes,No,61,Yes,Yes,DSL,No,No,Yes,No,No,No,Month-to-month,Yes,Credit card (automatic),51.37,3143.36,No
CUST-00255,Male,0,No,No,65,No,No phone service,DSL,No,No,Yes,No,Yes,No,Month-to-month,No,Bank transfer (automatic),50.13,3258.26,No
CUST-00256,Female,1,Yes,Yes,5,No,No phone service,DSL,No,No,Yes,No,No,Yes,One year,No,Electronic check,60.26,285.71,No
CUST-00257,Male,0,Yes,Yes,69,Yes,Yes,DSL,No,Yes,No,Yes,Yes,No,Month-to-month,Yes,Bank transfer (automatic),64.31,4445.29,No
CUST-00258,Male,0,Yes,No,17,Yes,Yes,Fiber optic,Yes,Yes,No,Yes,No,No,Month-to-month,Yes,Bank transfer (automatic),83.14,1394.17,No
CUST-00259,Female,0,No,No,57,Yes,No,DSL,Yes,Yes,No,Yes,No,No,Two year,Yes,Electronic check,66.35,3760.48,No
CUST-00260,Female,0,Yes,No,59,Yes,Yes,DSL,Yes,No,Yes,No,Yes,No,One year,No,Bank transfer (automatic),60.37,3538.9,No
CUST-00261,Male,1,No,No,40,Yes,Yes,DSL,No,Yes,Yes,No,No,Yes,Month-to-month,Yes,Mailed check,60.13,2406.85,Yes
CUST-00262,Male,0,Yes,No,63,No,No phone service,Fiber optic,Yes,Yes,Yes,Yes,Yes,Yes,Month-to-month,Yes,Bank transfer (automatic),110.77,6966.52,Yes
CUST-00263,Female,0,Yes,No,60,Yes,No,No,No internet service,No internet service,No internet service,No internet service,No internet service,No internet service,Two year,Yes,Credit card (automatic),18.0,1062.66,No
CUST-00264,Female,0,No,No,38,Yes,No,Fiber optic,Yes,Yes,No,Yes,Yes,Yes,One year,No,Mailed check,97.95,3728.96,No
CUST-00265,Female,1,Yes,Yes,13,Yes,Yes,Fiber optic,No,No,No,No,Yes,Yes,Two year,No,Electronic check,79.09,1049.74,No
CUST-00266,Male,0,No,Yes,31,Yes,Yes,No,No internet service,No internet service,No internet service,No internet service,No internet service,No internet service,Month-to-month,No,Mailed check,23.15,689.27,No
CUST-00267,Male,0,Yes,No,65,Yes,No,Fiber optic,No,No,No,Yes,No,No,One year,No,Electronic check,79.25,5157.87,Yes
CUST-00268,Female,1,No,No,14,Yes,No,Fiber optic,Yes,Yes,No,No,No,No,Month-to-month,No,Mailed check,82.22,1161.56,No
CUST-00269,Female,1,No,Yes,72,Yes,No,Fiber optic,Yes,No,Yes,No,No,No,Month-to-month,No,Electronic check,75.74,5478.75,Yes
CUST-00270,Male,0,Yes,No,13,Yes,No,No,No internet service,No internet service,No internet service,No internet service,No internet service,No internet service,One year,Yes,Electronic check,18.0,228.21,No
CUST-00271,Male,0,Yes,Yes,48,Yes,Yes,DSL,Yes,Yes,Yes,Yes,Yes,Yes,One year,Yes,Credit card (automatic),74.67,3615.06,No
CUST-00272,Male,1,Yes,No,46,Yes,Yes,No,No internet service,No internet service,No internet service,No internet service,No internet service,No internet service,Month-to-month,Yes,Mailed check,19.77,921.09,No
CUST-00273,Female,0,No,Yes,14,Yes,No,Fiber optic,No,Yes,No,No,No,No,Month-to-month,No,Credit card (automatic),72.1,971.82,Yes
CUST-00274,Male,0,No,No,34,Yes,No,DSL,No,Yes,Yes,Yes,Yes,No,One year,Yes,Mailed check,66.11,2253.75,No
CUST-00275,Male,0,Yes,Yes,10,Yes,Yes,Fiber optic,Yes,No,No,Yes,Yes,Yes,Month-to-month,Yes,Mailed check,90.97,909.35,Yes
CUST-00276,Male,0,Yes,No,26,Yes,Yes,No,No internet service,No internet service,No internet service,No internet service,No internet service,No internet service,Month-to-month,No,Mailed check,20.36,549.04,No
CUST-00277,Female,0,No,Yes,70,Yes,No,No,No internet service,No internet service,No internet service,No internet service,No internet service,No internet service,Month-to-month,Yes,Electronic check,24.97,1771.5,Yes
CUST-00278,Male,0,Yes,No,3,Yes,No,No,No internet service,No internet service,No internet service,No internet service,No internet service,No internet service,Month-to-month,No,Credit card (automatic),19.76,39.85,Yes
CUST-00279,Male,0,No,No,63,Yes,No,Fiber optic,No,No,No,No,Yes,Yes,Two year,No,Credit card (automatic),82.53,5217.52,No
CUST-00280,Male,0,No,Yes,49,Yes,No,Fiber optic,Yes,No,Yes,Yes,Yes,No,Month-to-month,No,Bank transfer (automatic),92.37,4523.55,No
CUST-00281,Male,0,Yes,No,54,Yes,Yes,No,No internet service,No internet service,No internet service,No internet service,No internet service,No internet service,Month-to-month,No,Electronic check,22.46,1198.66,No
CUST-00282,Female,0,No,No,20,Yes,Yes,DSL,No,Yes,No,No,No,Yes,One year,Yes,Credit card (automatic),59.06,1210.18,No
CUST-00283,Male,0,Yes,No,69,Yes,No,DSL,Yes,Yes,Yes,No,Yes,No,Month-to-month,Yes,Mailed check,71.26,4907.42,No
CUST-00284,Male,0,Yes,No,18,Yes,Yes,Fiber optic,No,Yes,Yes,No,Yes,No,One year,Yes,Credit card (automatic),88.62,1595.8,No
CUST-00285,Female,0,No,No,36,Yes,No,Fiber optic,No,No,Yes,No,No,No,Month-to-month,Yes,Mailed check,76.1,2738.11,Yes
CUST-00286,Male,0,No,No,2,Yes,Yes,Fiber optic,No,Yes,No,Yes,No,No,Two year,No,Bank transfer (automatic),73.55,157.39,No
CUST-00287,Female,0,No,No,64,Yes,Yes,No,No internet service,No internet service,No internet service,No internet service,No internet service,No internet service,Two year,Yes,Mailed check,18.0,1178.39,No
CUST-00288,Female,1,No,No,51,Yes,Yes,DSL,Yes,No,No,Yes,No,Yes,Two year,No,Credit card (automatic),68.14,3507.33,No
CUST-00289,Male,0,Yes,Yes,11,Yes,Yes,No,No internet service,No internet service,No internet service,No internet service,No internet service,No internet service,Month-to-month,No,Electronic check,19.28,230.18,Yes
CUST-00290,Female,0,No,No,48,Yes,No,Fiber optic,Yes,No,Yes,Yes,No,No,Two year,No,Credit card (automatic),86.24,4105.73,No
CUST-00291,Male,0,No,Yes,13,Yes,No,No,No internet service,No internet service,No internet service,No internet service,No internet service,No internet service,One year,No,Credit card (automatic),18.0,263.15,No
CUST-00292,Female,0,Yes,No,32,Yes,No,Fiber optic,Yes,Yes,Yes,No,Yes,No,Month-to-month,Yes,Electronic check,100.53,3228.98,Yes
CUST-00293,Male,1,Yes,Yes,37,Yes,Yes,Fiber optic,No,No,No,No,No,No,Month-to-month,Yes,Electronic check,74.59,2781.78,Yes
CUST-00294,Female,1,No,Yes,67,No,No phone service,Fiber optic,Yes,Yes,No,No,Yes,No,Month-to-month,Yes,Mailed check,88.02,5891.31,Yes
CUST-00295,Female,0,No,No,24,Yes,No,Fiber optic,No,No,No,No,Yes,No,Month-to-month,No,Mailed check,73.47,1763.03,No
CUST-00296,Female,0,Yes,No,0,Yes,Yes,DSL,Yes,No,Yes,No,Yes,Yes,Month-to-month,No,Bank transfer (automatic),73.9,19.0,No
CUST-00297,Male,0,No,Yes,31,Yes,Yes,DSL,No,Yes,No,No,No,Yes,Two year,No,Bank transfer (automatic),60.49,1915.42,No
CUST-00298,Male,0,Yes,No,67,Yes,No,DSL,No,No,No,No,No,No,Two year,Yes,Electronic check,40.11,2691.24,No
CUST-00299,Male,0,Yes,No,58,Yes,No,Fiber optic,No,Yes,Yes,Yes,Yes,No,Month-to-month,No,Credit card (automatic),89.41,5160.82,Yes
CUST-00300,Male,1,Yes,No,4,No,No phone service,Fiber optic,Yes,Yes,No,No,Yes,No,Two year,No,Electronic check,86.15,356.54,No
CUST-00301,Female,0,No,No,3,Yes,Yes,Fiber optic,Yes,Yes,Yes,Yes,Yes,Yes,One year,Yes,Bank transfer (automatic),97.65,289.22,No
CUST-00302,Male,0,Yes,Yes,55,Yes,No,Fiber optic,No,No,No,Yes,No,Yes,Month-to-month,Yes,Bank transfer (automatic),75.72,4143.48,Yes
CUST-00303,Female,0,No,Yes,52,Yes,Yes,DSL,No,No,No,No,No,Yes,Two year,No,Mailed check,49.13,2552.12,No
CUST-00304,Female,0,Yes,No,40,Yes,No,DSL,Yes,No,No,No,Yes,No,One year,Yes,Mailed check,44.79,1801.14,No
CUST-00305,Male,0,No,Yes,6,Yes,No,Fiber optic,No,Yes,Yes,Yes,No,No,One year,No,Electronic check,81.89,512.4,No
CUST-00306,Male,0,No,No,20,No,No phone service,No,No internet service,No internet service,No internet service,No internet service,No internet service,No internet service,Month-to-month,Yes,Electronic check,18.0,350.34,Yes
CUST-00307,Female,0,Yes,No,61,Yes,No,Fiber optic,No,No,No,No,No,No,Month-to-month,Yes,Mailed check,68.38,4162.38,No
CUST-00308,Male,0,No,No,10,Yes,No,Fiber optic,Yes,No,Yes,No,Yes,Yes,Two year,Yes,Electronic check,92.07,918.67,Yes
CUST-00309,Male,0,Yes,Yes,14,Yes,Yes,No,No internet service,No internet service,No internet service,No internet service,No internet service,No internet service,Month-to-month,Yes,Bank transfer (automatic),18.0,287.12,No
CUST-00310,Female,0,Yes,No,33,Yes,No,No,No internet service,No internet service,No internet service,No internet service,No internet service,No internet service,Month-to-month,No,Credit card (automatic),24.0,818.84,No
CUST-00311,Female,1,No,No,53,Yes,No,Fiber optic,Yes,No,No,No,No,No,Month-to-month,Yes,Mailed check,82.86,4402.87,No
CUST-00312,Male,0,No,Yes,60,Yes,Yes,DSL,No,No,Yes,No,Yes,Yes,Month-to-month,Yes,Bank transfer (automatic),61.03,3672.34,No
CUST-00313,Male,0,Yes,Yes,43,Yes,Yes,DSL,Yes,Yes,No,Yes,Yes,Yes,Month-to-month,No,Bank transfer (automatic),70.06,3006.28,No
CUST-00314,Male,0,No,Yes,35,Yes,No,Fiber optic,No,No,No,Yes,Yes,Yes,Two year,Yes,Bank transfer (automatic),83.5,2937.94,No
CUST-00315,Female,0,Yes,No,28,No,No phone service,Fiber optic,Yes,Yes,Yes,No,Yes,No,Month-to-month,Yes,Credit card (automatic),95.64,2658.05,No
CUST-00316,Female,0,No,No,3,Yes,Yes,DSL,No,No,Yes,No,No,Yes,Two year,No,Bank transfer (automatic),49.71,158.71,No
CUST-00317,Female,0,No,No,19,Yes,No,DSL,No,No,No,Yes,No,Yes,One year,No,Electronic check,50.75,923.61,No
CUST-00318,Female,0,No,Yes,15,No,No phone service,No,No internet service,No internet service,No internet service,No internet service,No internet service,No internet service,Month-to-month,No,Credit card (automatic),18.0,237.19,No
CUST-00319,Female,1,Yes,No,4,Yes,No,DSL,No,No,No,Yes,No,Yes,Month-to-month,Yes,Credit card (automatic),53.94,177.08,No
CUST-00320,Male,0,No,Yes,54,Yes,No,No,No internet service,No internet service,No internet service,No internet service,No internet service,No internet service,Month-to-month,Yes,Mailed check,19.88,1111.16,No
CUST-00321,Male,0,No,Yes,25,Yes,Yes,No,No internet service,No internet service,No internet service,No internet service,No internet service,No internet service,Two year,No,Bank transfer (automatic),19.78,491.33,No
CUST-00322,Female,0,Yes,Yes,37,Yes,No,Fiber optic,No,Yes,No,Yes,No,Yes,One year,No,Credit card (automatic),82.78,3035.81,No
CUST-00323,Female,1,Yes,No,14,Yes,No,DSL,No,No,Yes,No,Yes,No,Month-to-month,No,Mailed check,55.62,827.43,No
CUST-00324,Female,1,No,No,43,Yes,Yes,No,No internet service,No internet service,No internet service,No internet service,No internet service,No internet service,Two year,Yes,Electronic check,18.0,758.5,No
CUST-00325,Male,0,Yes,No,9,Yes,No,Fiber optic,Yes,Yes,No,Yes,No,Yes,Two year,No,Bank transfer (automatic),87.3,796.22,No
CUST-00326,Male,0,No,No,49,Yes,Yes,DSL,Yes,No,No,Yes,No,No,Month-to-month,No,Mailed check,53.86,2623.47,No
CUST-00327,Male,0,Yes,Yes,53,Yes,Yes,Fiber optic,No,No,No,No,No,No,One year,No,Bank transfer (automatic),64.59,3439.15,No
CUST-00328,Male,0,No,No,22,Yes,Yes,DSL,No,No,Yes,No,No,No,Two year,Yes,Mailed check,47.6,1046.9,No
CUST-00329,Female,0,Yes,Yes,15,Yes,No,Fiber optic,Yes,No,No,Yes,No,Yes,Two year,Yes,Credit card (automatic),89.26,1323.96,No
CUST-00330,Female,0,No,No,56,Yes,No,No,No internet service,No internet service,No internet service,No internet service,No internet service,No internet service,Month-to-month,Yes,Electronic check,22.52,1234.41,No
CUST-00331,Male,0,No,No,16,Yes,Yes,Fiber optic,Yes,No,Yes,Yes,Yes,Yes,Month-to-month,No,Mailed check,99.69,1580.85,No
CUST-00332,Male,0,Yes,Yes,13,Yes,Yes,No,No internet service,No internet service,No internet service,No internet service,No internet service,No internet service,Month-to-month,No,Bank transfer (automatic),18.0,213.9,No
CUST-00333,Female,0,No,Yes,24,Yes,No,Fiber optic,Yes,Yes,Yes,Yes,Yes,Yes,Month-to-month,Yes,Bank transfer (automatic),99.22,2346.05,No
CUST-00334,Male,0,No,Yes,70,Yes,No,No,No internet service,No internet service,No internet service,No internet service,No internet service,No internet service,Month-to-month,Yes,Credit card (automatic),23.51,1660.39,No
CUST-00335,Female,0,Yes,Yes,33,No,No phone service,Fiber optic,Yes,No,Yes,Yes,No,Yes,One year,No,Mailed check,97.91,3253.35,Yes
CUST-00336,Female,0,Yes,No,19,Yes,No,DSL,Yes,Yes,No,No,No,Yes,Month-to-month,Yes,Credit card (automatic),56.0,1050.39,No
CUST-00337,Male,0,No,Yes,37,Yes,Yes,No,No internet service,No internet service,No internet service,No internet service,No internet service,No internet service,Month-to-month,No,Mailed check,21.48,753.11,No
CUST-00338,Male,0,No,No,25,Yes,Yes,No,No internet service,No internet service,No internet service,No internet service,No internet service,No internet service,One year,Yes,Credit card (automatic),23.81,602.51,No
CUST-00339,Female,0,Yes,No,48,Yes,Yes,Fiber optic,No,Yes,No,No,No,Yes,Month-to-month,No,Electronic check,83.86,4028.38,No
CUST-00340,Female,0,No,No,32,No,No phone service,No,No internet service,No internet service,No internet service,No internet service,No internet service,No internet service,Month-to-month,Yes,Mailed check,18.0,555.99,Yes
CUST-00341,Male,0,Yes,No,42,Yes,Yes,DSL,Yes,Yes,No,No,Yes,Yes,Two year,No,Credit card (automatic),66.01,2771.24,No
CUST-00342,Female,0,Yes,No,31,Yes,Yes,DSL,No,Yes,Yes,No,Yes,Yes,Two year,Yes,Credit card (automatic),71.27,2154.22,No
CUST-00343,Female,0,No,Yes,35,Yes,Yes,DSL,No,Yes,Yes,Yes,No,Yes,Month-to-month,Yes,Electronic check,70.46,2466.27,No
CUST-00344,Female,0,Yes,Yes,32,Yes,Yes,Fiber optic,Yes,No,No,No,Yes,No,Two year,Yes,Mailed check,84.52,2701.58,No
CUST-00345,Male,0,Yes,No,28,Yes,No,DSL,Yes,Yes,No,Yes,Yes,No,Two year,Yes,Bank transfer (automatic),65.72,1866.75,No
CUST-00346,Female,0,No,No,70,Yes,Yes,DSL,No,No,Yes,Yes,No,No,One year,Yes,Electronic check,54.56,3824.28,No
CUST-00347,Female,0,Yes,No,19,No,No phone service,No,No internet service,No internet service,No internet service,No internet service,No internet service,No internet service,Two year,No,Mailed check,22.58,430.84,No
CUST-00348,Male,0,Yes,Yes,58,Yes,Yes,Fiber optic,No,No,No,No,No,Yes,Month-to-month,Yes,Credit card (automatic),74.81,4378.26,Yes
CUST-00349,Male,0,No,No,51,Yes,No,No,No internet service,No internet service,No internet service,No internet service,No internet service,No internet service,Month-to-month,No,Credit card (automatic),18.0,902.13,No
CUST-00350,Female,0,No,No,38,Yes,No,DSL,Yes,Yes,Yes,No,Yes,No,Two year,Yes,Mailed check,70.89,2663.9,No
CUST-00351,Male,0,No,No,23,Yes,No,DSL,No,Yes,Yes,No,No,Yes,Month-to-month,Yes,Mailed check,63.47,1478.07,Yes
CUST-00352,Male,0,No,Yes,35,Yes,No,No,No internet service,No internet service,No internet service,No internet service,No internet service,No internet service,Month-to-month,Yes,Mailed check,18.0,650.91,No
CUST-00353,Male,0,No,Yes,62,Yes,Yes,Fiber optic,No,No,No,No,No,Yes,Month-to-month,No,Electronic check,77.18,4806.54,No
CUST-00354,Female,0,Yes,No,13,Yes,No,Fiber optic,No,No,Yes,Yes,No,Yes,Month-to-month,Yes,Bank transfer (automatic),91.03,1178.73,Yes
CUST-00355,Female,1,No,No,42,Yes,No,No,No internet service,No internet service,No internet service,No internet service,No internet service,No internet service,Month-to-month,Yes,Electronic check,18.4,758.58,Yes
CUST-00356,Male,0,Yes,Yes,55,Yes,Yes,DSL,Yes,Yes,No,No,No,Yes,Month-to-month,Yes,Bank transfer (automatic),56.91,3105.19,No
CUST-00357,Female,0,Yes,Yes,46,Yes,Yes,Fiber optic,Yes,No,Yes,Yes,No,No,Two year,Yes,Mailed check,86.47,3959.87,No
CUST-00358,Male,0,No,No,10,Yes,No,Fiber optic,Yes,No,Yes,Yes,Yes,Yes,Month-to-month,Yes,Credit card (automatic),106.97,1039.6,Yes
CUST-00359,Female,0,No,No,37,Yes,Yes,DSL,Yes,No,No,Yes,Yes,Yes,Two year,Yes,Bank transfer (automatic),69.88,2576.76,No
CUST-00360,Female,0,No,No,13,Yes,No,Fiber optic,No,No,Yes,Yes,Yes,No,Month-to-month,No,Credit card (automatic),90.11,1204.61,Yes
CUST-00361,Female,0,Yes,No,67,Yes,Yes,Fiber optic,Yes,No,No,No,Yes,Yes,Month-to-month,Yes,Bank transfer (automatic),90.44,6048.58,No
CUST-00362,Male,0,Yes,Yes,25,Yes,No,DSL,No,Yes,No,No,No,Yes,Two year,Yes,Credit card (automatic),59.09,1479.82,No
CUST-00363,Female,0,No,Yes,30,Yes,No,Fiber optic,No,Yes,Yes,No,Yes,Yes,Month-to-month,No,Credit card (automatic),89.42,2693.54,Yes
CUST-00364,Male,0,No,No,62,Yes,No,Fiber optic,Yes,No,No,No,Yes,Yes,Month-to-month,Yes,Bank transfer (automatic),85.11,5269.6,No
CUST-00365,Female,0,Yes,No,31,Yes,No,Fiber optic,No,No,Yes,Yes,No,Yes,Two year,Yes,Mailed check,79.55,2458.68,No
CUST-00366,Male,0,Yes,Yes,14,Yes,No,No,No internet service,No internet service,No internet service,No internet service,No internet service,No internet service,Month-to-month,No,Electronic check,20.65,314.82,No
CUST-00367,Male,0,Yes,No,65,Yes,Yes,Fiber optic,No,Yes,No,Yes,Yes,Yes,Month-to-month,Yes,Credit card (automatic),88.25,5739.98,No
CUST-00368,Male,1,No,Yes,47,Yes,No,Fiber optic,No,No,Yes,Yes,No,Yes,Two year,No,Bank transfer (automatic),87.42,4131.32,No
CUST-00369,Female,0,No,Yes,44,Yes,No,No,No internet service,No internet service,No internet service,No internet service,No internet service,No internet service,Month-to-month,No,Electronic check,18.0,839.76,No
CUST-00370,Male,0,Yes,No,5,Yes,Yes,No,No internet service,No internet service,No internet service,No internet service,No internet service,No internet service,One year,No,Electronic check,18.0,72.6,No
CUST-00371,Female,0,Yes,Yes,32,Yes,No,DSL,Yes,Yes,Yes,Yes,No,Yes,Month-to-month,Yes,Credit card (automatic),77.27,2469.53,No
CUST-00372,Male,0,Yes,Yes,33,Yes,Yes,DSL,No,No,Yes,No,Yes,Yes,Month-to-month,No,Bank transfer (automatic),65.19,2147.93,No
CUST-00373,Male,0,Yes,No,19,Yes,No,DSL,Yes,No,No,No,Yes,Yes,Month-to-month,Yes,Electronic check,63.15,1189.94,No
CUST-00374,Female,0,No,No,41,Yes,Yes,DSL,Yes,No,Yes,Yes,Yes,Yes,One year,No,Credit card (automatic),67.79,2770.76,No
CUST-00375,Male,0,Yes,No,17,Yes,Yes,Fiber optic,No,Yes,No,No,Yes,Yes,Month-to-month,Yes,Credit card (automatic),78.81,1367.83,Yes
CUST-00376,Female,0,No,No,34,Yes,Yes,Fiber optic,No,No,Yes,Yes,No,Yes,Two year,No,Mailed check,89.07,3030.36,No
CUST-00377,Female,0,No,Yes,58,No,No phone service,No,No internet service,No internet service,No internet service,No internet service,No internet service,No internet service,One year,Yes,Mailed check,24.34,1461.51,No
CUST-00378,Male,0,No,No,53,Yes,Yes,Fiber optic,Yes,Yes,Yes,No,Yes,Yes,One year,Yes,Electronic check,101.13,5351.76,No
CUST-00379,Male,0,No,No,20,Yes,Yes,DSL,No,No,No,Yes,Yes,Yes,Month-to-month,Yes,Bank transfer (automatic),62.75,1285.12,No
CUST-00380,Male,0,Yes,Yes,15,Yes,Yes,No,No internet service,No internet service,No internet service,No internet service,No internet service,No internet service,One year,No,Electronic check,19.06,321.08,No
CUST-00381,Female,0,Yes,No,0,Yes,No,Fiber optic,Yes,No,No,No,No,No,One year,No,Bank transfer (automatic),81.0,0.0,No
CUST-00382,Female,0,Yes,No,25,Yes,Yes,DSL,No,No,No,Yes,No,Yes,Month-to-month,No,Electronic check,51.44,1294.94,No
CUST-00383,Male,0,No,No,1,Yes,No,DSL,No,No,Yes,Yes,No,Yes,Two year,No,Bank transfer (automatic),63.96,81.62,No
CUST-00384,Male,0,Yes,No,9,No,No phone service,Fiber optic,Yes,No,Yes,No,No,No,Month-to-month,Yes,Mailed check,74.78,661.88,Yes
CUST-00385,Male,0,Yes,No,71,No,No phone service,Fiber optic,Yes,Yes,No,Yes,No,Yes,Two year,Yes,Credit card (automatic),95.6,6820.87,No
CUST-00386,Male,0,Yes,No,62,No,No phone service,Fiber optic,No,No,Yes,No,No,No,Two year,No,Bank transfer (automatic),74.67,4613.31,No
CUST-00387,Female,1,Yes,Yes,40,Yes,Yes,No,No internet service,No internet service,No internet service,No internet service,No internet service,No internet service,Month-to-month,No,Bank transfer (automatic),23.9,945.59,No
CUST-00388,Female,0,No,No,56,Yes,Yes,Fiber optic,Yes,No,No,No,Yes,No,Month-to-month,No,Mailed check,79.87,4462.53,Yes
CUST-00389,Male,0,No,No,35,Yes,No,No,No internet service,No internet service,No internet service,No internet service,No internet service,No internet service,Month-to-month,Yes,Electronic check,19.76,696.11,No
CUST-00390,Female,0,No,No,43,Yes,No,Fiber optic,Yes,Yes,Yes,Yes,Yes,Yes,Month-to-month,Yes,Bank transfer (automatic),109.34,4708.18,No
CUST-00391,Male,1,No,No,67,Yes,No,Fiber optic,Yes,Yes,Yes,No,Yes,Yes,Two year,No,Mailed check,98.72,6601.51,No
CUST-00392,Male,0,Yes,Yes,5,Yes,Yes,DSL,Yes,No,No,Yes,No,Yes,Month-to-month,Yes,Electronic check,56.33,279.39,No
CUST-00393,Female,0,Yes,Yes,25,No,No phone service,Fiber optic,Yes,Yes,Yes,Yes,Yes,No,One year,Yes,Electronic check,98.96,2451.71,No
CUST-00394,Female,1,Yes,No,8,Yes,No,Fiber optic,No,Yes,Yes,No,No,Yes,Two year,Yes,Bank transfer (automatic),86.45,714.89,No
CUST-00395,Female,0,No,No,58,Yes,No,Fiber optic,No,Yes,No,No,No,Yes,Two year,Yes,Mailed check,74.17,4315.76,No
CUST-00396,Male,1,No,Yes,60,Yes,Yes,Fiber optic,Yes,No,No,Yes,No,Yes,Month-to-month,No,Electronic check,89.6,5369.05,No
CUST-00397,Male,0,Yes,No,52,Yes,No,Fiber optic,No,Yes,No,No,No,No,Two year,Yes,Mailed check,69.25,3597.16,No
CUST-00398,Male,0,No,No,44,Yes,No,Fiber optic,Yes,No,No,Yes,No,No,Month-to-month,No,Credit card (automatic),80.73,3538.86,No
CUST-00399,Male,0,Yes,No,34,Yes,No,Fiber optic,Yes,No,No,Yes,No,No,Month-to-month,No,Bank transfer (automatic),74.87,2526.99,No
CUST-00400,Female,0,Yes,Yes,1,Yes,Yes,Fiber optic,Yes,No,Yes,Yes,No,Yes,Month-to-month,Yes,Electronic check,90.83,69.21,Yes
CUST-00401,Female,1,No,No,56,Yes,Yes,No,No internet service,No internet service,No internet service,No internet service,No internet service,No internet service,One year,No,Credit card (automatic),23.7,1308.68,No
CUST-00402,Male,0,No,No,65,Yes,Yes,Fiber optic,Yes,No,No,Yes,Yes,No,Month-to-month,Yes,Credit card (automatic),85.63,5585.12,No
CUST-00403,Female,1,No,No,70,Yes,No,Fiber optic,Yes,Yes,No,Yes,Yes,No,Month-to-month,Yes,Mailed check,96.41,6769.42,No
CUST-00404,Male,0,No,Yes,24,Yes,No,Fiber optic,No,Yes,Yes,Yes,Yes,Yes,Month-to-month,Yes,Mailed check,98.68,2340.93,No
CUST-00405,Female,0,Yes,No,14,Yes,No,Fiber optic,Yes,Yes,No,No,No,Yes,Two year,No,Credit card (automatic),81.58,1156.09,No
CUST-00406,Male,1,No,No,47,Yes,Yes,No,No internet service,No internet service,No internet service,No internet service,No internet service,No internet service,One year,Yes,Mailed check,19.84,908.06,No
CUST-00407,Male,0,No,No,1,Yes,No,No,No internet service,No internet service,No internet service,No internet service,No internet service,No internet service,One year,Yes,Credit card (automatic),21.45,36.74,No
CUST-00408,Female,1,No,No,4,Yes,No,Fiber optic,No,Yes,No,Yes,Yes,No,One year,No,Bank transfer (automatic),88.56,355.92,No
CUST-00409,Male,0,Yes,Yes,59,Yes,Yes,No,No internet service,No internet service,No internet service,No internet service,No internet service,No internet service,Month-to-month,No,Bank transfer (automatic),18.0,1051.58,No
CUST-00410,Male,0,No,No,69,Yes,No,Fiber optic,No,No,Yes,No,No,No,Month-to-month,No,Credit card (automatic),77.6,5363.32,No
CUST-00411,Male,0,Yes,Yes,29,Yes,Yes,No,No internet service,No internet service,No internet service,No internet service,No internet service,No internet service,Month-to-month,Yes,Bank transfer (automatic),21.16,640.61,Yes
CUST-00412,Male,0,Yes,Yes,37,Yes,Yes,No,No internet service,No internet service,No internet service,No internet service,No internet service,No internet service,Month-to-month,No,Electronic check,18.0,628.51,No
CUST-00413,Male,0,No,No,39,Yes,Yes,Fiber optic,Yes,No,No,No,No,No,Two year,No,Credit card (automatic),71.69,2818.67,No
CUST-00414,Male,0,No,Yes,10,Yes,No,No,No internet service,No internet service,No internet service,No internet service,No internet service,No internet service,Month-to-month,Yes,Electronic check,20.18,185.89,Yes
CUST-00415,Female,0,No,No,16,Yes,Yes,Fiber optic,Yes,Yes,No,Yes,Yes,No,One year,Yes,Mailed check,89.38,1458.55,Yes
CUST-00416,Female,0,No,No,21,Yes,No,Fiber optic,No,Yes,Yes,Yes,Yes,No,Two year,Yes,Electronic check,87.79,1860.92,No
CUST-00417,Male,1,Yes,No,61,Yes,No,Fiber optic,No,Yes,No,Yes,Yes,Yes,Two year,No,Credit card (automatic),97.3,5912.87,No
CUST-00418,Male,0,No,Yes,31,Yes,No,Fiber optic,Yes,No,Yes,No,Yes,Yes,Month-to-month,No,Bank transfer (automatic),91.42,2822.38,Yes
CUST-00419,Female,0,Yes,No,52,Yes,Yes,Fiber optic,No,Yes,No,No,No,No,Two year,Yes,Mailed check,77.59,4044.29,No
CUST-00420,Female,1,No,No,14,Yes,Yes,DSL,Yes,Yes,No,No,Yes,No,One year,Yes,Credit card (automatic),60.47,865.52,No
CUST-00421,Female,0,Yes,No,69,Yes,No,Fiber optic,No,Yes,Yes,No,No,Yes,Month-to-month,No,Electronic check,78.16,5402.56,Yes
CUST-00422,Female,0,No,Yes,64,Yes,Yes,Fiber optic,No,Yes,No,Yes,Yes,Yes,One year,No,Electronic check,95.55,6123.0,No
CUST-00423,Female,0,No,Yes,34,Yes,No,Fiber optic,Yes,No,No,No,No,No,Month-to-month,No,Bank transfer (automatic),70.96,2399.86,Yes
CUST-00424,Male,0,No,No,16,Yes,No,DSL,No,Yes,No,Yes,No,Yes,Two year,Yes,Credit card (automatic),56.72,908.2,No
CUST-00425,Male,0,Yes,Yes,71,Yes,No,DSL,Yes,Yes,Yes,Yes,Yes,Yes,One year,No,Mailed check,72.51,5146.74,No
CUST-00426,Female,0,Yes,No,58,Yes,Yes,Fiber optic,Yes,Yes,Yes,No,No,No,Two year,Yes,Bank transfer (automatic),88.27,5089.64,No
CUST-00427,Female,0,Yes,Yes,37,Yes,Yes,Fiber optic,No,No,No,Yes,Yes,No,Two year,Yes,Electronic check,79.95,2964.86,No
CUST-00428,Male,0,Yes,Yes,19,Yes,No,DSL,No,No,Yes,No,No,No,One year,No,Electronic check,53.0,999.66,No
CUST-00429,Female,0,No,No,45,Yes,Yes,DSL,Yes,No,No,No,No,No,Month-to-month,Yes,Electronic check,47.26,2154.22,No
CUST-00430,Male,0,Yes,No,27,Yes,Yes,Fiber optic,No,No,Yes,No,Yes,No,Month-to-month,No,Mailed check,77.6,2118.59,No
CUST-00431,Female,0,No,No,49,Yes,Yes,DSL,Yes,Yes,Yes,Yes,No,No,Two year,Yes,Mailed check,63.09,3095.1,No
CUST-00432,Female,0,Yes,No,60,Yes,No,DSL,Yes,Yes,Yes,No,No,No,One year,No,Electronic check,59.57,3596.28,No
CUST-00433,Male,1,Yes,No,35,Yes,No,Fiber optic,Yes,No,No,No,No,No,Two year,Yes,Electronic check,79.92,2809.5,No
CUST-00434,Male,0,No,No,3,Yes,No,Fiber optic,Yes,No,No,Yes,Yes,Yes,Month-to-month,Yes,Electronic check,85.76,256.83,Yes
CUST-00435,Male,0,Yes,Yes,41,Yes,Yes,No,No internet service,No internet service,No internet service,No internet service,No internet service,No internet service,Month-to-month,Yes,Electronic check,23.46,933.55,No
CUST-00436,Female,0,Yes,No,62,No,No phone service,DSL,No,No,Yes,No,No,Yes,Two year,No,Bank transfer (automatic),56.78,3517.17,No
CUST-00437,Female,0,Yes,No,16,Yes,Yes,DSL,No,No,No,No,No,No,One year,No,Electronic check,46.07,730.44,No
CUST-00438,Male,0,Yes,No,70,Yes,Yes,DSL,Yes,Yes,No,Yes,Yes,Yes,Month-to-month,No,Electronic check,71.81,5024.49,No
CUST-00439,Male,0,No,No,26,No,No phone service,Fiber optic,No,Yes,Yes,Yes,No,No,Month-to-month,No,Bank transfer (automatic),92.38,2397.3,Yes
CUST-00440,Female,1,Yes,No,49,Yes,Yes,DSL,No,No,No,No,Yes,Yes,Two year,No,Bank transfer (automatic),51.12,2526.95,No
CUST-00441,Male,0,Yes,No,51,Yes,No,DSL,Yes,No,Yes,Yes,Yes,Yes,One year,Yes,Electronic check,69.29,3558.07,No
CUST-00442,Male,0,No,No,13,Yes,Yes,Fiber optic,No,Yes,Yes,Yes,No,Yes,Month-to-month,Yes,Mailed check,93.8,1209.64,Yes
CUST-00443,Male,0,No,No,2,Yes,No,Fiber optic,No,Yes,Yes,Yes,Yes,No,Month-to-month,No,Credit card (automatic),87.36,148.23,Yes
CUST-00444,Female,0,No,No,69,No,No phone service,Fiber optic,No,No,No,Yes,No,Yes,Month-to-month,Yes,Electronic check,83.72,5757.27,Yes
CUST-00445,Female,0,Yes,No,51,No,No phone service,Fiber optic,Yes,No,Yes,No,No,No,Month-to-month,Yes,Credit card (automatic),80.45,4127.78,No
CUST-00446,Male,0,No,Yes,46,Yes,No,No,No internet service,No internet service,No internet service,No internet service,No internet service,No internet service,Month-to-month,Yes,Bank transfer (automatic),18.41,866.0,No
CUST-00447,Female,0,Yes,No,22,No,No phone service,Fiber optic,Yes,Yes,No,No,No,Yes,Month-to-month,No,Bank transfer (automatic),82.15,1784.51,Yes
CUST-00448,Female,1,Yes,Yes,7,Yes,No,DSL,No,No,No,Yes,Yes,Yes,Two year,Yes,Credit card (automatic),66.7,437.56,No
CUST-00449,Male,1,No,No,19,Yes,Yes,Fiber optic,No,No,Yes,No,Yes,Yes,Month-to-month,Yes,Electronic check,84.36,1591.01,Yes
CUST-00450,Female,0,No,No,39,Yes,Yes,DSL,No,Yes,Yes,Yes,No,No,Two year,No,Electronic check,60.1,2379.82,No
CUST-00451,Female,0,No,Yes,50,Yes,No,DSL,No,No,Yes,No,No,Yes,Month-to-month,No,Bank transfer (automatic),54.73,2744.88,Yes
CUST-00452,Male,0,No,Yes,23,Yes,Yes,Fiber optic,Yes,Yes,No,No,Yes,No,Month-to-month,Yes,Credit card (automatic),92.07,2112.88,Yes
CUST-00453,Male,1,Yes,No,15,Yes,Yes,DSL,Yes,Yes,No,Yes,Yes,Yes,Month-to-month,No,Electronic check,75.41,1128.64,No
CUST-00454,Female,0,No,No,18,No,No phone service,DSL,No,Yes,Yes,Yes,Yes,Yes,Month-to-month,Yes,Bank transfer (automatic),74.62,1305.53,No
CUST-00455,Female,0,No,No,70,Yes,Yes,Fiber optic,No,No,Yes,No,No,No,One year,Yes,Credit card (automatic),75.0,5244.16,Yes
CUST-00456,Male,0,Yes,Yes,46,Yes,No,No,No internet service,No internet service,No internet service,No internet service,No internet service,No internet service,Two year,No,Bank transfer (automatic),18.0,852.8,Yes
CUST-00457,Female,0,Yes,No,72,Yes,No,DSL,No,No,Yes,Yes,No,No,One year,No,Electronic check,55.24,3969.39,No
CUST-00458,Female,0,Yes,No,0,Yes,No,Fiber optic,No,Yes,No,Yes,No,Yes,One year,No,Electronic check,74.38,0.0,No
CUST-00459,Male,1,No,No,33,Yes,No,No,No internet service,No internet service,No internet service,No internet service,No internet service,No internet service,Two year,Yes,Electronic check,19.02,634.24,No
CUST-00460,Female,0,Yes,Yes,33,Yes,No,DSL,Yes,No,Yes,No,No,No,One year,Yes,Mailed check,57.33,1869.41,No
CUST-00461,Male,1,Yes,No,29,Yes,Yes,Fiber optic,No,Yes,No,Yes,Yes,Yes,One year,Yes,Electronic check,99.4,2889.26,No
CUST-00462,Female,0,No,No,28,Yes,Yes,DSL,No,No,Yes,Yes,No,Yes,One year,Yes,Credit card (automatic),61.34,1700.96,No
CUST-00463,Male,0,No,No,5,Yes,No,No,No internet service,No internet service,No internet service,No internet service,No internet service,No internet service,Month-to-month,Yes,Credit card (automatic),21.48,97.41,Yes
CUST-00464,Male,0,Yes,No,2,Yes,Yes,DSL,No,No,No,Yes,No,No,Month-to-month,Yes,Mailed check,51.73,95.9,No
CUST-00465,Female,0,No,No,56,Yes,Yes,DSL,No,No,Yes,No,Yes,No,One year,Yes,Electronic check,57.97,3238.77,Yes
CUST-00466,Male,0,No,No,32,Yes,Yes,No,No internet service,No internet service,No internet service,No internet service,No internet service,No internet service,One year,Yes,Bank transfer (automatic),21.46,688.76,No
CUST-00467,Female,0,No,Yes,11,Yes,Yes,Fiber optic,Yes,Yes,No,Yes,No,No,Month-to-month,Yes,Electronic check,89.69,985.12,No
CUST-00468,Male,0,Yes,Yes,25,Yes,No,DSL,No,No,No,No,No,No,Two year,Yes,Mailed check,41.19,1026.11,No
CUST-00469,Female,0,Yes,No,68,Yes,Yes,No,No internet service,No internet service,No internet service,No internet service,No internet service,No internet service,Month-to-month,Yes,Electronic check,18.54,1263.16,Yes
CUST-00470,Female,0,No,Yes,34,Yes,No,No,No internet service,No internet service,No internet service,No internet service,No internet service,No internet service,One year,Yes,Bank transfer (automatic),18.11,597.59,No
CUST-00471,Female,0,Yes,No,72,No,No phone service,Fiber optic,No,No,No,No,Yes,Yes,Two year,Yes,Credit card (automatic),76.52,5466.29,No
CUST-00472,Male,0,No,No,11,Yes,No,DSL,No,Yes,Yes,No,No,Yes,Month-to-month,Yes,Mailed check,63.35,696.68,Yes
CUST-00473,Male,1,Yes,No,8,Yes,Yes,DSL,No,No,Yes,No,No,No,Two year,Yes,Mailed check,54.63,423.29,No
CUST-00474,Female,0,No,Yes,41,Yes,No,No,No internet service,No internet service,No internet service,No internet service,No internet service,No internet service,Two year,Yes,Bank transfer (automatic),22.69,939.38,No
CUST-00475,Female,0,No,Yes,49,Yes,No,DSL,No,No,Yes,No,Yes,No,One year,No,Credit card (automatic),61.42,2998.54,No
CUST-00476,Female,0,No,No,71,Yes,No,DSL,Yes,No,No,No,No,Yes,Two year,Yes,Bank transfer (automatic),56.08,3943.72,No
CUST-00477,Male,0,No,No,34,Yes,No,DSL,No,No,No,Yes,No,Yes,One year,No,Credit card (automatic),57.93,1967.22,No
CUST-00478,Female,0,No,Yes,14,Yes,No,DSL,Yes,No,No,Yes,No,No,Month-to-month,No,Mailed check,59.82,858.51,No
CUST-00479,Male,1,Yes,No,39,Yes,No,Fiber optic,No,Yes,Yes,Yes,No,No,One year,Yes,Bank transfer (automatic),84.86,3315.8,Yes
CUST-00480,Male,0,Yes,Yes,22,Yes,Yes,Fiber optic,Yes,Yes,No,Yes,No,No,Month-to-month,Yes,Credit card (automatic),83.5,1808.59,Yes
CUST-00481,Female,0,No,Yes,13,Yes,No,DSL,No,No,Yes,No,Yes,Yes,Month-to-month,Yes,Electronic check,71.73,919.98,Yes
CUST-00482,Male,0,No,No,6,Yes,No,DSL,Yes,Yes,No,Yes,No,No,Month-to-month,Yes,Mailed check,64.66,378.03,No
CUST-00483,Female,0,No,No,52,Yes,Yes,DSL,Yes,No,Yes,Yes,Yes,No,Month-to-month,Yes,Credit card (automatic),69.67,3619.16,No
CUST-00484,Male,0,No,No,46,Yes,Yes,DSL,Yes,No,No,Yes,No,No,Two year,Yes,Bank transfer (automatic),51.39,2352.2,No
CUST-00485,Male,0,Yes,No,12,Yes,Yes,DSL,Yes,Yes,No,No,Yes,No,Two year,Yes,Mailed check,68.41,785.8,No
CUST-00486,Male,0,No,No,40,Yes,No,Fiber optic,Yes,Yes,No,Yes,No,Yes,Two year,Yes,Bank transfer (automatic),100.1,4001.25,No
CUST-00487,Female,0,No,Yes,64,No,No phone service,DSL,No,Yes,No,No,No,Yes,Month-to-month,Yes,Mailed check,57.55,3711.85,Yes
CUST-00488,Female,0,No,No,59,Yes,Yes,DSL,Yes,Yes,Yes,Yes,No,No,One year,No,Mailed check,63.27,3719.86,No
CUST-00489,Female,0,No,Yes,33,Yes,No,Fiber optic,No,Yes,No,No,Yes,No,One year,Yes,Bank transfer (automatic),77.11,2519.76,No
CUST-00490,Female,0,No,No,4,Yes,No,Fiber optic,Yes,Yes,Yes,Yes,No,Yes,Month-to-month,Yes,Electronic check,101.12,432.97,Yes
CUST-00491,Female,0,No,No,46,Yes,Yes,Fiber optic,No,No,Yes,No,Yes,No,One year,No,Bank transfer (automatic),83.64,3885.86,No
CUST-00492,Female,0,Yes,No,37,Yes,No,No,No internet service,No internet service,No internet service,No internet service,No internet service,No internet service,Month-to-month,No,Credit card (automatic),18.84,688.93,No
CUST-00493,Female,0,No,Yes,67,No,No phone service,DSL,No,No,Yes,Yes,Yes,Yes,Two year,Yes,Credit card (automatic),72.5,4862.25,No
CUST-00494,Male,0,Yes,No,40,Yes,No,DSL,Yes,Yes,No,Yes,Yes,No,Month-to-month,Yes,Credit card (automatic),64.09,2568.01,Yes
CUST-00495,Male,0,Yes,No,53,Yes,No,DSL,No,No,No,Yes,Yes,No,Two year,Yes,Credit card (automatic),57.12,3045.14,No
CUST-00496,Male,0,Yes,No,38,Yes,No,DSL,Yes,No,Yes,Yes,Yes,No,Two year,No,Bank transfer (automatic),60.63,2281.6,No
CUST-00497,Male,0,Yes,No,39,Yes,Yes,No,No internet service,No internet service,No internet service,No internet service,No internet service,No internet service,One year,No,Mailed check,21.72,846.48,No
CUST-00498,Female,1,Yes,No,23,Yes,Yes,Fiber optic,No,Yes,No,No,Yes,No,Month-to-month,Yes,Bank transfer (automatic),75.22,1708.26,Yes
CUST-00499,Male,0,No,No,29,Yes,No,No,No internet service,No internet service,No internet service,No internet service,No internet service,No internet service,Month-to-month,No,Electronic check,18.21,535.0,No
CUST-00500,Male,0,No,No,21,Yes,Yes,No,No internet service,No internet service,No internet service,No internet service,No internet service,No internet service,Two year,Yes,Mailed check,25.14,558.2,No
CUST-00501,Female,0,No,No,33,Yes,Yes,No,No internet service,No internet service,No internet service,No internet service,No internet service,No internet service,Month-to-month,Yes,Credit card (automatic),21.25,707.92,No
CUST-00502,Female,0,Yes,No,69,Yes,No,Fiber optic,No,Yes,Yes,No,No,Yes,Month-to-month,Yes,Electronic check,85.93,5912.17,Yes
CUST-00503,Female,0,Yes,No,24,Yes,No,No,No internet service,No internet service,No internet service,No internet service,No internet service,No internet service,Two year,No,Electronic check,19.12,478.79,No
CUST-00504,Male,0,No,No,33,Yes,No,Fiber optic,No,No,No,No,Yes,No,One year,No,Bank transfer (automatic),71.13,2335.07,No
CUST-00505,Male,0,No,No,69,Yes,No,DSL,Yes,No,Yes,Yes,Yes,Yes,One year,Yes,Bank transfer (automatic),75.78,5238.29,No
CUST-00506,Female,0,No,No,11,Yes,Yes,Fiber optic,No,Yes,Yes,No,No,No,Month-to-month,No,Credit card (automatic),79.95,863.92,Yes
CUST-00507,Male,0,No,No,18,Yes,Yes,No,No internet service,No internet service,No internet service,No internet service,No internet service,No internet service,Month-to-month,No,Electronic check,22.38,376.27,No
CUST-00508,Male,0,No,No,36,Yes,No,No,No internet service,No internet service,No internet service,No internet service,No internet service,No internet service,Two year,Yes,Mailed check,18.82,662.32,No
CUST-00509,Male,0,No,No,29,Yes,Yes,Fiber optic,Yes,Yes,Yes,No,Yes,No,Month-to-month,No,Mailed check,94.8,2695.15,No
CUST-00510,Female,0,No,No,24,Yes,Yes,No,No internet service,No internet service,No internet service,No internet service,No internet service,No internet service,Month-to-month,No,Credit card (automatic),21.7,499.12,No
CUST-00511,Female,1,No,No,56,Yes,No,Fiber optic,No,No,No,Yes,Yes,No,Month-to-month,Yes,Bank transfer (automatic),75.96,4296.59,Yes
CUST-00512,Female,0,No,No,36,Yes,No,Fiber optic,Yes,Yes,No,No,No,No,One year,Yes,Electronic check,84.02,2968.34,No
CUST-00513,Female,0,Yes,Yes,26,Yes,No,DSL,Yes,No,No,Yes,No,Yes,Month-to-month,No,Bank transfer (automatic),61.47,1566.81,No
CUST-00514,Female,0,Yes,Yes,34,Yes,No,DSL,Yes,No,Yes,Yes,Yes,Yes,Two year,No,Bank transfer (automatic),75.88,2614.75,No
CUST-00515,Male,0,Yes,Yes,64,Yes,Yes,DSL,No,No,Yes,No,No,No,Month-to-month,Yes,Credit card (automatic),58.14,3701.77,Yes
CUST-00516,Female,1,No,No,71,Yes,Yes,No,No internet service,No internet service,No internet service,No internet service,No internet service,No internet service,Month-to-month,Yes,Mailed check,19.18,1353.71,No
CUST-00517,Male,0,No,No,17,Yes,Yes,No,No internet service,No internet service,No internet service,No internet service,No internet service,No internet service,Two year,No,Credit card (automatic),20.42,346.83,No
CUST-00518,Male,0,Yes,No,2,Yes,No,DSL,Yes,Yes,Yes,No,Yes,Yes,Two year,Yes,Mailed check,68.06,103.16,No
CUST-00519,Female,0,No,Yes,2,Yes,Yes,DSL,No,No,Yes,No,No,No,One year,No,Bank transfer (automatic),45.14,111.16,No
CUST-00520,Male,0,Yes,No,32,Yes,No,DSL,No,Yes,Yes,Yes,No,No,Two year,Yes,Mailed check,62.68,2003.35,No
CUST-00521,Male,0,Yes,No,45,Yes,Yes,Fiber optic,No,No,No,No,Yes,Yes,Month-to-month,Yes,Mailed check,76.63,3435.65,Yes
CUST-00522,Male,0,No,No,3,Yes,No,Fiber optic,No,No,No,No,No,Yes,Month-to-month,No,Bank transfer (automatic),78.84,255.4,Yes
CUST-00523,Female,0,Yes,Yes,37,No,No phone service,Fiber optic,Yes,Yes,Yes,No,No,No,Month-to-month,Yes,Bank transfer (automatic),79.94,2931.16,No
CUST-00524,Male,0,Yes,Yes,29,Yes,No,DSL,No,Yes,No,Yes,No,Yes,Month-to-month,Yes,Credit card (automatic),61.63,1788.04,No
CUST-00525,Male,0,No,Yes,68,Yes,Yes,DSL,Yes,No,Yes,Yes,No,Yes,Two year,Yes,Mailed check,68.11,4611.18,No
CUST-00526,Female,0,Yes,No,44,Yes,Yes,No,No internet service,No internet service,No internet service,No internet service,No internet service,No internet service,Two year,No,Bank transfer (automatic),18.0,766.89,No
CUST-00527,Male,1,No,No,30,Yes,Yes,Fiber optic,No,No,No,Yes,No,No,Month-to-month,Yes,Mailed check,74.44,2273.25,No
CUST-00528,Female,0,No,Yes,42,Yes,No,DSL,No,Yes,No,Yes,No,No,Month-to-month,No,Credit card (automatic),54.5,2291.52,No
CUST-00529,Female,0,No,No,9,Yes,No,DSL,Yes,No,No,No,No,Yes,Two year,No,Credit card (automatic),49.98,468.77,No
CUST-00530,Female,0,No,Yes,34,No,No phone service,DSL,Yes,Yes,No,No,Yes,No,One year,No,Mailed check,64.43,2180.22,No
CUST-00531,Male,0,Yes,No,24,No,No phone service,DSL,No,Yes,No,No,No,No,Month-to-month,Yes,Bank transfer (automatic),53.97,1274.7,No
CUST-00532,Male,0,No,Yes,13,No,No phone service,DSL,No,No,Yes,Yes,No,Yes,Month-to-month,Yes,Mailed check,60.12,719.23,No
CUST-00533,Male,0,Yes,Yes,28,Yes,Yes,Fiber optic,No,No,No,No,Yes,No,Month-to-month,Yes,Electronic check,74.47,2078.82,Yes
CUST-00534,Female,1,Yes,Yes,46,Yes,No,DSL,Yes,No,No,No,Yes,No,Month-to-month,Yes,Credit card (automatic),54.83,2489.01,No
CUST-00535,Male,0,No,No,42,Yes,No,Fiber optic,No,Yes,No,Yes,Yes,No,Month-to-month,Yes,Bank transfer (automatic),82.66,3473.61,Yes
CUST-00536,Male,0,Yes,No,70,Yes,Yes,Fiber optic,No,No,Yes,Yes,No,Yes,Month-to-month,Yes,Credit card (automatic),84.44,5884.95,Yes
CUST-00537,Male,0,No,No,20,Yes,No,DSL,Yes,No,No,Yes,No,Yes,Month-to-month,No,Mailed check,56.86,1146.56,No
CUST-00538,Female,0,Yes,Yes,51,Yes,Yes,Fiber optic,Yes,No,No,No,No,Yes,Month-to-month,No,Mailed check,80.1,4126.27,No
CUST-00539,Male,0,No,No,40,No,No phone service,No,No internet service,No internet service,No internet service,No internet service,No internet service,No internet service,Month-to-month,No,Electronic check,18.0,776.52,Yes
CUST-00540,Female,0,Yes,No,63,Yes,No,DSL,No,No,Yes,No,Yes,No,Month-to-month,Yes,Mailed check,54.92,3466.37,No
CUST-00541,Male,1,Yes,No,66,Yes,Yes,No,No internet service,No internet service,No internet service,No internet service,No internet service,No internet service,Month-to-month,Yes,Credit card (automatic),18.0,1187.77,No
CUST-00542,Male,0,No,Yes,51,Yes,No,DSL,No,Yes,Yes,No,No,Yes,Two year,No,Credit card (automatic),61.42,3118.4,No
CUST-00543,Male,0,Yes,No,30,Yes,No,DSL,Yes,No,Yes,No,Yes,Yes,Two year,No,Electronic check,68.33,2034.27,No
CUST-00544,Female,0,No,No,38,Yes,No,DSL,No,Yes,Yes,Yes,No,Yes,Month-to-month,Yes,Electronic check,72.56,2738.91,No
CUST-00545,Male,1,Yes,No,47,Yes,Yes,Fiber optic,No,No,Yes,No,Yes,No,Month-to-month,Yes,Bank transfer (automatic),85.0,4024.65,No
CUST-00546,Male,0,No,No,58,Yes,Yes,Fiber optic,No,Yes,Yes,No,No,No,One year,No,Electronic check,80.75,4675.66,No
CUST-00547,Female,0,No,No,16,Yes,Yes,Fiber optic,Yes,No,No,Yes,Yes,No,Month-to-month,Yes,Credit card (automatic),82.49,1363.05,Yes
CUST-00548,Female,1,No,No,63,Yes,Yes,DSL,No,Yes,No,Yes,Yes,Yes,One year,Yes,Electronic check,72.46,4546.4,No
CUST-00549,Female,0,No,Yes,58,Yes,No,Fiber optic,No,Yes,Yes,Yes,No,No,Two year,Yes,Mailed check,83.65,4848.88,No
CUST-00550,Female,1,Yes,Yes,6,Yes,No,DSL,Yes,Yes,Yes,Yes,No,Yes,Month-to-month,Yes,Mailed check,75.93,430.21,No
CUST-00551,Male,0,No,No,19,Yes,Yes,DSL,Yes,No,Yes,Yes,Yes,Yes,Month-to-month,Yes,Mailed check,72.06,1379.79,Yes
CUST-00552,Female,0,No,Yes,17,No,No phone service,Fiber optic,Yes,No,No,Yes,No,Yes,Month-to-month,Yes,Credit card (automatic),85.73,1453.35,No
CUST-00553,Male,0,No,No,42,Yes,Yes,DSL,Yes,No,Yes,Yes,Yes,No,One year,Yes,Bank transfer (automatic),68.91,2893.55,No
CUST-00554,Female,0,No,Yes,15,Yes,Yes,Fiber optic,Yes,Yes,No,No,No,No,Month-to-month,No,Mailed check,81.13,1210.75,Yes
CUST-00555,Female,0,No,Yes,21,Yes,Yes,Fiber optic,Yes,No,Yes,Yes,Yes,Yes,One year,No,Bank transfer (automatic),88.65,1872.78,No
CUST-00556,Female,0,No,Yes,13,Yes,No,Fiber optic,No,Yes,No,Yes,Yes,Yes,Month-to-month,Yes,Bank transfer (automatic),92.99,1222.28,No
CUST-00557,Female,0,Yes,No,4,Yes,Yes,Fiber optic,No,Yes,No,No,No,Yes,One year,Yes,Credit card (automatic),80.37,338.1,No
CUST-00558,Female,0,No,No,33,Yes,Yes,DSL,Yes,Yes,Yes,No,Yes,Yes,One year,Yes,Credit card (automatic),75.93,2486.88,No
CUST-00559,Female,0,No,No,23,Yes,No,DSL,No,No,Yes,Yes,No,No,Month-to-month,No,Credit card (automatic),55.81,1290.05,No
CUST-00560,Female,0,No,No,36,Yes,Yes,Fiber optic,Yes,No,Yes,No,Yes,Yes,Two year,Yes,Electronic check,95.99,3445.69,No
CUST-00561,Male,0,Yes,No,15,Yes,Yes,DSL,Yes,Yes,No,Yes,Yes,No,Two year,No,Electronic check,69.24,1065.17,No
CUST-00562,Male,0,No,No,20,Yes,No,DSL,No,No,No,No,No,Yes,Month-to-month,No,Electronic check,47.17,948.35,No
CUST-00563,Male,1,No,No,65,Yes,Yes,Fiber optic,Yes,No,No,Yes,No,Yes,Two year,No,Bank transfer (automatic),88.71,5772.15,No
CUST-00564,Female,0,No,No,58,Yes,No,Fiber optic,Yes,Yes,Yes,Yes,Yes,No,Two year,Yes,Credit card (automatic),92.66,5368.74,No
CUST-00565,Male,0,Yes,Yes,19,Yes,No,Fiber optic,No,Yes,No,Yes,No,Yes,Month-to-month,No,Electronic check,81.89,1539.64,No
CUST-00566,Male,0,Yes,No,11,Yes,No,DSL,Yes,Yes,No,Yes,Yes,No,One year,Yes,Credit card (automatic),67.85,747.82,No
CUST-00567,Male,0,Yes,No,71,No,No phone service,DSL,Yes,Yes,Yes,No,Yes,Yes,One year,No,Electronic check,70.98,5064.08,No
CUST-00568,Female,0,Yes,Yes,49,Yes,No,DSL,No,No,No,Yes,Yes,No,One year,No,Bank transfer (automatic),56.3,2743.31,No
CUST-00569,Female,0,No,No,35,Yes,No,DSL,No,Yes,No,No,Yes,Yes,Two year,No,Mailed check,64.32,2277.6,No
CUST-00570,Female,0,Yes,No,51,No,No phone service,No,No internet service,No internet service,No internet service,No internet service,No internet service,No internet service,Month-to-month,No,Credit card (automatic),19.68,1015.07,No
CUST-00571,Male,1,No,Yes,16,Yes,Yes,DSL,No,No,Yes,Yes,Yes,No,Month-to-month,No,Mailed check,61.0,935.39,Yes
CUST-00572,Male,0,Yes,No,31,Yes,Yes,DSL,Yes,No,Yes,No,No,Yes,Month-to-month,Yes,Electronic check,60.42,1854.71,No
CUST-00573,Male,0,Yes,Yes,28,Yes,Yes,No,No internet service,No internet service,No internet service,No internet service,No internet service,No internet service,One year,Yes,Bank transfer (automatic),20.5,619.77,No
CUST-00574,Male,1,No,Yes,52,Yes,No,Fiber optic,Yes,Yes,No,Yes,Yes,No,Month-to-month,Yes,Electronic check,97.63,5074.33,Yes
CUST-00575,Male,1,No,No,13,Yes,No,DSL,No,No,Yes,Yes,Yes,Yes,Month-to-month,Yes,Bank transfer (automatic),63.95,813.27,Yes
CUST-00576,Female,0,Yes,No,35,Yes,No,Fiber optic,No,Yes,No,Yes,Yes,No,Month-to-month,Yes,Electronic check,87.5,3045.06,No
CUST-00577,Female,0,Yes,No,60,Yes,Yes,Fiber optic,No,Yes,Yes,No,Yes,Yes,One year,Yes,Mailed check,87.73,5261.08,No
CUST-00578,Female,0,No,No,14,Yes,No,No,No internet service,No internet service,No internet service,No internet service,No internet service,No internet service,Month-to-month,Yes,Bank transfer (automatic),21.26,316.0,No
CUST-00579,Male,0,No,No,8,Yes,Yes,No,No internet service,No internet service,No internet service,No internet service,No internet service,No internet service,Month-to-month,Yes,Credit card (automatic),19.59,149.97,No
CUST-00580,Male,0,Yes,No,59,Yes,No,Fiber optic,Yes,Yes,Yes,Yes,No,No,Month-to-month,Yes,Bank transfer (automatic),100.25,5899.24,No
CUST-00581,Female,0,No,No,63,Yes,No,DSL,Yes,Yes,Yes,Yes,Yes,Yes,Month-to-month,No,Credit card (automatic),83.58,5220.23,No
CUST-00582,Male,0,Yes,Yes,31,Yes,Yes,Fiber optic,No,Yes,Yes,No,Yes,No,Month-to-month,Yes,Credit card (automatic),95.13,2930.83,Yes
CUST-00583,Male,0,No,No,3,Yes,No,DSL,Yes,No,No,Yes,No,Yes,Month-to-month,No,Bank transfer (automatic),58.54,161.65,No
CUST-00584,Male,0,Yes,No,39,No,No phone service,Fiber optic,Yes,No,No,Yes,No,Yes,One year,Yes,Mailed check,85.42,3337.81,No
CUST-00585,Female,0,No,No,21,Yes,No,No,No internet service,No internet service,No internet service,No internet service,No internet service,No internet service,Month-to-month,Yes,Mailed check,22.51,480.82,No
CUST-00586,Female,0,No,No,42,Yes,No,DSL,Yes,No,No,Yes,Yes,No,Month-to-month,No,Credit card (automatic),61.62,2616.82,No
CUST-00587,Male,0,Yes,Yes,10,Yes,Yes,No,No internet service,No internet service,No internet service,No internet service,No internet service,No internet service,One year,No,Electronic check,18.67,162.89,No
CUST-00588,Female,0,Yes,No,58,Yes,Yes,Fiber optic,Yes,No,No,Yes,Yes,Yes,Month-to-month,Yes,Credit card (automatic),97.44,5654.19,Yes
CUST-00589,Female,1,Yes,No,50,Yes,No,DSL,No,Yes,Yes,Yes,Yes,Yes,Month-to-month,Yes,Electronic check,65.23,3264.71,No
CUST-00590,Female,1,Yes,No,47,No,No phone service,No,No internet service,No internet service,No internet service,No internet service,No internet service,No internet service,Month-to-month,No,Credit card (automatic),18.0,826.0,No
CUST-00591,Female,1,Yes,No,37,Yes,Yes,Fiber optic,No,No,No,No,No,No,Month-to-month,No,Mailed check,69.34,2583.84,No
CUST-00592,Male,1,Yes,No,16,Yes,No,Fiber optic,Yes,Yes,Yes,Yes,Yes,Yes,Month-to-month,No,Bank transfer (automatic),111.35,1815.68,No
CUST-00593,Female,1,No,No,68,Yes,No,Fiber optic,No,Yes,Yes,No,Yes,No,Two year,Yes,Credit card (automatic),88.6,6025.28,No
CUST-00594,Male,0,Yes,No,19,Yes,No,DSL,No,No,Yes,Yes,Yes,Yes,Month-to-month,Yes,Credit card (automatic),65.55,1235.9,No
CUST-00595,Female,0,No,No,26,Yes,Yes,DSL,Yes,Yes,Yes,Yes,Yes,No,One year,Yes,Mailed check,71.73,1894.86,No
CUST-00596,Female,0,Yes,Yes,67,Yes,Yes,Fiber optic,Yes,Yes,No,Yes,Yes,No,Two year,Yes,Electronic check,92.88,6231.69,No
CUST-00597,Female,0,No,Yes,2,Yes,No,No,No internet service,No internet service,No internet service,No internet service,No internet service,No internet service,Month-to-month,Yes,Mailed check,18.0,11.7,Yes
CUST-00598,Female,0,Yes,No,9,Yes,Yes,Fiber optic,Yes,No,Yes,Yes,No,Yes,One year,Yes,Bank transfer (automatic),85.61,766.61,No
CUST-00599,Female,0,No,No,55,No,No phone service,No,No internet service,No internet service,No internet service,No internet service,No internet service,No internet service,Month-to-month,No,Mailed check,19.49,1064.71,No
CUST-00600,Female,1,Yes,Yes,26,Yes,Yes,No,No internet service,No internet service,No internet service,No internet service,No internet service,No internet service,One year,Yes,Credit card (automatic),21.53,542.86,No
CUST-00601,Female,0,Yes,Yes,42,Yes,No,DSL,No,Yes,Yes,Yes,Yes,Yes,Two year,Yes,Bank transfer (automatic),75.09,3137.8,No
CUST-00602,Female,1,No,No,42,Yes,Yes,Fiber optic,No,No,Yes,Yes,No,Yes,Month-to-month,Yes,Electronic check,85.84,3591.89,Yes
CUST-00603,Male,0,No,No,60,Yes,No,Fiber optic,Yes,No,Yes,Yes,No,Yes,Two year,No,Credit card (automatic),85.17,5126.41,No
CUST-00604,Female,0,No,No,45,No,No phone service,Fiber optic,Yes,Yes,No,Yes,No,Yes,Month-to-month,No,Mailed check,92.76,4168.31,No
CUST-00605,Female,0,Yes,No,31,Yes,Yes,Fiber optic,No,No,No,Yes,No,Yes,One year,Yes,Electronic check,79.56,2468.08,No
CUST-00606,Male,0,Yes,No,40,Yes,No,Fiber optic,Yes,No,Yes,Yes,No,Yes,Month-to-month,No,Electronic check,97.83,3932.55,No
CUST-00607,Female,0,No,No,53,Yes,Yes,No,No internet service,No internet service,No internet service,No internet service,No internet service,No internet service,Month-to-month,No,Credit card (automatic),18.01,948.55,No
CUST-00608,Female,0,No,No,27,Yes,No,No,No internet service,No internet service,No internet service,No internet service,No internet service,No internet service,Month-to-month,No,Credit card (automatic),19.26,495.97,No
CUST-00609,Female,1,No,Yes,12,Yes,Yes,Fiber optic,Yes,No,No,No,No,Yes,Two year,Yes,Mailed check,82.22,1005.52,No
CUST-00610,Female,0,Yes,No,35,Yes,Yes,No,No internet service,No internet service,No internet service,No internet service,No internet service,No internet service,One year,No,Bank transfer (automatic),18.0,622.39,No
CUST-00611,Male,0,Yes,Yes,72,Yes,No,Fiber optic,No,Yes,Yes,No,Yes,Yes,Two year,Yes,Mailed check,97.14,7029.71,No
CUST-00612,Female,0,No,Yes,8,No,No phone service,No,No internet service,No internet service,No internet service,No internet service,No internet service,No internet service,Month-to-month,Yes,Credit card (automatic),20.5,184.17,No
CUST-00613,Male,0,No,Yes,12,Yes,Yes,Fiber optic,Yes,No,Yes,No,No,Yes,Month-to-month,Yes,Bank transfer (automatic),91.07,1103.43,No
CUST-00614,Female,0,Yes,Yes,72,Yes,Yes,No,No internet service,No internet service,No internet service,No internet service,No internet service,No internet service,Month-to-month,Yes,Electronic check,18.0,1300.53,No
CUST-00615,Female,0,No,No,60,Yes,Yes,No,No internet service,No internet service,No internet service,No internet service,No internet service,No internet service,Month-to-month,No,Bank transfer (automatic),22.12,1349.65,No
CUST-00616,Male,0,No,No,8,No,No phone service,DSL,Yes,Yes,Yes,No,Yes,No,Month-to-month,Yes,Electronic check,62.8,507.39,No
CUST-00617,Male,0,Yes,No,15,Yes,Yes,No,No internet service,No internet service,No internet service,No internet service,No internet service,No internet service,Two year,Yes,Electronic check,21.62,280.87,No
CUST-00618,Male,0,Yes,No,50,No,No phone service,Fiber optic,No,Yes,No,No,Yes,Yes,Two year,Yes,Electronic check,87.42,4368.97,No
CUST-00619,Male,0,No,No,57,Yes,No,DSL,Yes,No,No,No,No,No,Month-to-month,No,Electronic check,47.85,2738.88,Yes
CUST-00620,Male,0,Yes,Yes,53,Yes,No,DSL,No,No,Yes,No,No,No,Month-to-month,Yes,Credit card (automatic),52.77,2776.73,Yes
CUST-00621,Male,0,No,No,62,Yes,Yes,Fiber optic,Yes,Yes,Yes,Yes,No,No,One year,No,Bank transfer (automatic),95.54,5975.33,Yes
CUST-00622,Male,0,No,No,36,Yes,Yes,DSL,No,No,No,No,No,No,One year,No,Bank transfer (automatic),43.28,1555.15,No
CUST-00623,Male,0,Yes,No,63,Yes,No,DSL,No,Yes,Yes,No,Yes,Yes,One year,No,Bank transfer (automatic),76.04,4801.75,No
CUST-00624,Female,0,No,No,43,No,No phone service,Fiber optic,No,Yes,Yes,Yes,Yes,No,Month-to-month,Yes,Bank transfer (automatic),89.31,3863.78,No
CUST-00625,Male,0,Yes,Yes,34,Yes,Yes,DSL,No,No,No,Yes,Yes,Yes,Month-to-month,Yes,Bank transfer (automatic),62.09,2123.14,No
CUST-00626,Male,0,Yes,No,46,Yes,No,Fiber optic,Yes,No,No,No,No,No,Month-to-month,Yes,Bank transfer (automatic),66.84,3072.51,No
CUST-00627,Male,0,No,No,31,Yes,Yes,No,No internet service,No internet service,No internet service,No internet service,No internet service,No internet service,Two year,Yes,Mailed check,22.79,714.51,No
CUST-00628,Female,0,No,No,44,Yes,Yes,DSL,No,Yes,Yes,No,No,No,One year,Yes,Electronic check,53.44,2347.5,No
CUST-00629,Male,1,Yes,Yes,60,Yes,No,Fiber optic,No,No,No,No,No,No,Two year,No,Bank transfer (automatic),64.15,3847.11,Yes
CUST-00630,Female,0,No,No,69,Yes,Yes,DSL,No,Yes,No,Yes,Yes,Yes,Month-to-month,No,Credit card (automatic),72.46,4976.79,Yes
CUST-00631,Male,1,No,No,42,No,No phone service,No,No internet service,No internet service,No internet service,No internet service,No internet service,No internet service,Month-to-month,Yes,Credit card (automatic),23.11,965.42,Yes
CUST-00632,Male,0,No,No,0,Yes,Yes,Fiber optic,No,No,Yes,Yes,No,Yes,Month-to-month,No,Electronic check,86.48,0.0,Yes
CUST-00633,Male,0,No,No,45,Yes,No,No,No internet service,No internet service,No internet service,No internet service,No internet service,No internet service,Two year,No,Credit card (automatic),20.41,918.35,No
CUST-00634,Male,0,Yes,Yes,18,Yes,No,Fiber optic,No,No,No,Yes,No,No,Month-to-month,Yes,Electronic check,81.95,1466.96,No
CUST-00635,Female,0,Yes,No,17,Yes,Yes,No,No internet service,No internet service,No internet service,No internet service,No internet service,No internet service,One year,No,Electronic check,18.0,316.03,No
CUST-00636,Male,1,No,Yes,64,Yes,No,Fiber optic,Yes,Yes,Yes,No,Yes,No,Month-to-month,Yes,Credit card (automatic),88.58,5639.21,Yes
CUST-00637,Male,0,Yes,Yes,32,Yes,No,Fiber optic,No,No,No,Yes,Yes,Yes,Month-to-month,Yes,Electronic check,93.77,2982.07,Yes
CUST-00638,Female,0,No,Yes,57,Yes,No,DSL,Yes,Yes,Yes,No,Yes,No,Month-to-month,No,Mailed check,67.27,3815.99,No
CUST-00639,Female,0,Yes,No,26,No,No phone service,Fiber optic,Yes,Yes,No,Yes,Yes,Yes,Month-to-month,Yes,Bank transfer (automatic),94.33,2452.29,Yes
CUST-00640,Female,0,Yes,No,44,No,No phone service,Fiber optic,No,No,No,No,Yes,No,Two year,No,Electronic check,71.57,3144.18,No
CUST-00641,Female,0,Yes,Yes,48,Yes,Yes,Fiber optic,No,Yes,Yes,No,Yes,No,Two year,No,Electronic check,82.07,3961.29,No
CUST-00642,Female,1,Yes,Yes,65,No,No phone service,DSL,No,No,No,Yes,No,No,One year,Yes,Mailed check,46.93,3051.29,No
CUST-00643,Male,0,Yes,No,14,Yes,No,Fiber optic,No,No,Yes,Yes,Yes,No,Month-to-month,Yes,Credit card (automatic),84.83,1187.62,No
CUST-00644,Female,0,No,No,40,Yes,Yes,Fiber optic,No,Yes,Yes,No,No,Yes,One year,Yes,Credit card (automatic),90.78,3610.1,Yes
CUST-00645,Male,0,No,Yes,29,No,No phone service,Fiber optic,Yes,No,Yes,Yes,No,No,Month-to-month,Yes,Mailed check,90.71,2624.81,No
CUST-00646,Male,0,Yes,No,33,No,No phone service,Fiber optic,No,Yes,No,No,Yes,Yes,Two year,Yes,Mailed check,89.78,2936.05,Yes
CUST-00647,Female,0,Yes,Yes,61,Yes,Yes,Fiber optic,No,Yes,Yes,Yes,Yes,Yes,One year,No,Electronic check,97.84,5978.11,No
CUST-00648,Female,1,No,No,9,Yes,No,Fiber optic,Yes,Yes,Yes,No,No,Yes,Month-to-month,No,Mailed check,93.38,857.04,Yes
CUST-00649,Female,0,Yes,Yes,39,Yes,Yes,Fiber optic,No,No,Yes,No,No,Yes,Month-to-month,Yes,Credit card (automatic),76.78,2964.27,Yes
CUST-00650,Male,0,No,No,28,Yes,Yes,Fiber optic,Yes,Yes,No,No,Yes,No,Month-to-month,Yes,Electronic check,78.38,2195.53,Yes
CUST-00651,Female,0,No,No,65,Yes,Yes,No,No internet service,No internet service,No internet service,No internet service,No internet service,No internet service,Month-to-month,Yes,Electronic check,18.0,1167.91,No
CUST-00652,Male,0,No,No,15,Yes,No,DSL,Yes,Yes,No,Yes,Yes,No,Two year,No,Mailed check,62.59,962.94,No
CUST-00653,Female,0,No,No,16,Yes,No,DSL,No,Yes,No,Yes,Yes,Yes,One year,Yes,Electronic check,62.16,974.57,No
CUST-00654,Female,0,No,No,6,Yes,No,Fiber optic,No,No,No,Yes,No,No,Month-to-month,Yes,Credit card (automatic),73.56,426.16,Yes
CUST-00655,Female,0,No,No,32,Yes,Yes,Fiber optic,Yes,No,No,No,No,No,Month-to-month,Yes,Credit card (automatic),76.2,2443.68,No
CUST-00656,Female,0,No,No,0,Yes,No,DSL,Yes,No,No,No,Yes,Yes,One year,No,Mailed check,61.1,0.0,Yes
CUST-00657,Female,0,Yes,No,36,Yes,Yes,Fiber optic,No,Yes,Yes,No,No,Yes,Month-to-month,Yes,Electronic check,94.56,3395.45,Yes
CUST-00658,Male,1,Yes,No,16,Yes,Yes,DSL,No,No,No,No,No,No,Month-to-month,Yes,Bank transfer (automatic),41.28,651.4,Yes
CUST-00659,Male,0,Yes,Yes,29,Yes,No,Fiber optic,Yes,Yes,No,No,No,Yes,One year,No,Mailed check,91.47,2663.08,No
CUST-00660,Male,1,Yes,Yes,44,Yes,Yes,DSL,Yes,Yes,Yes,Yes,Yes,Yes,Month-to-month,No,Electronic check,84.27,3730.6,Yes
CUST-00661,Female,1,No,Yes,49,Yes,Yes,Fiber optic,No,No,Yes,Yes,No,Yes,Month-to-month,Yes,Mailed check,80.53,3944.32,No
CUST-00662,Male,0,Yes,No,4,No,No phone service,Fiber optic,Yes,Yes,Yes,Yes,Yes,No,Month-to-month,No,Credit card (automatic),91.0,358.59,Yes
CUST-00663,Male,0,Yes,Yes,10,Yes,No,No,No internet service,No internet service,No internet service,No internet service,No internet service,No internet service,Month-to-month,No,Electronic check,24.15,254.79,No
CUST-00664,Female,0,Yes,Yes,23,Yes,No,No,No internet service,No internet service,No internet service,No internet service,No internet service,No internet service,Two year,No,Credit card (automatic),18.93,439.52,No
CUST-00665,Female,0,No,No,37,Yes,Yes,Fiber optic,No,No,No,Yes,Yes,Yes,Two year,No,Electronic check,88.59,3281.01,No
CUST-00666,Female,0,No,Yes,64,Yes,Yes,Fiber optic,Yes,No,No,Yes,No,Yes,Two year,No,Mailed check,82.68,5314.19,No
CUST-00667,Female,0,No,No,10,Yes,No,Fiber optic,Yes,No,No,No,No,Yes,Two year,No,Electronic check,87.96,858.27,No
CUST-00668,Female,0,Yes,No,4,Yes,Yes,No,No internet service,No internet service,No internet service,No internet service,No internet service,No internet service,Month-to-month,Yes,Bank transfer (automatic),23.77,89.81,No
CUST-00669,Male,0,Yes,Yes,45,Yes,No,Fiber optic,Yes,No,No,No,No,Yes,Month-to-month,Yes,Mailed check,80.18,3588.48,No
CUST-00670,Female,1,No,No,71,Yes,Yes,DSL,No,No,No,Yes,Yes,No,One year,No,Bank transfer (automatic),55.09,3900.66,No
CUST-00671,Female,0,No,Yes,60,Yes,No,No,No internet service,No internet service,No internet service,No internet service,No internet service,No internet service,Month-to-month,Yes,Credit card (automatic),18.0,1054.5,No
CUST-00672,Female,0,No,No,41,Yes,No,DSL,No,No,No,No,Yes,No,Two year,Yes,Credit card (automatic),48.56,1983.4,No
CUST-00673,Male,1,No,No,1,Yes,No,No,No internet service,No internet service,No internet service,No internet service,No internet service,No internet service,Month-to-month,Yes,Bank transfer (automatic),18.0,25.4,Yes
CUST-00674,Female,0,Yes,Yes,42,Yes,Yes,DSL,Yes,Yes,No,No,Yes,Yes,Month-to-month,Yes,Mailed check,67.55,2784.48,No
CUST-00675,Female,0,No,Yes,33,Yes,Yes,Fiber optic,No,No,Yes,Yes,No,No,One year,No,Bank transfer (automatic),79.08,2603.11,No
CUST-00676,Female,1,No,No,32,Yes,No,No,No internet service,No internet service,No internet service,No internet service,No internet service,No internet service,Two year,Yes,Bank transfer (automatic),23.11,737.72,No
CUST-00677,Male,0,No,No,35,No,No phone service,Fiber optic,No,No,Yes,Yes,Yes,No,One year,Yes,Bank transfer (automatic),80.13,2799.04,No
CUST-00678,Female,0,No,Yes,40,Yes,Yes,Fiber optic,No,No,Yes,No,Yes,No,One year,No,Bank transfer (automatic),83.75,3316.49,Yes
CUST-00679,Female,0,Yes,No,52,Yes,Yes,DSL,Yes,Yes,Yes,Yes,Yes,Yes,Month-to-month,Yes,Credit card (automatic),79.01,4127.63,No
CUST-00680,Female,1,Yes,No,14,Yes,Yes,DSL,Yes,No,Yes,No,Yes,Yes,One year,No,Bank transfer (automatic),65.92,941.73,No
CUST-00681,Male,0,No,No,5,Yes,No,DSL,No,No,No,No,Yes,No,One year,Yes,Bank transfer (automatic),52.54,285.57,No
CUST-00682,Female,0,No,Yes,3,No,No phone service,Fiber optic,No,No,No,Yes,No,No,Month-to-month,Yes,Electronic check,80.54,230.45,Yes
CUST-00683,Female,0,Yes,Yes,29,Yes,Yes,Fiber optic,Yes,Yes,No,Yes,Yes,Yes,One year,Yes,Credit card (automatic),94.77,2751.78,No
CUST-00684,Male,0,Yes,No,37,Yes,No,DSL,No,No,No,No,Yes,No,Month-to-month,No,Electronic check,53.7,1972.31,No
CUST-00685,Female,0,No,Yes,57,Yes,No,Fiber optic,No,Yes,No,No,Yes,No,Month-to-month,No,Bank transfer (automatic),89.84,5099.43,No
CUST-00686,Male,0,Yes,Yes,31,Yes,Yes,No,No internet service,No internet service,No internet service,No internet service,No internet service,No internet service,Two year,Yes,Electronic check,19.21,573.01,No
CUST-00687,Female,1,Yes,Yes,38,Yes,No,No,No internet service,No internet service,No internet service,No internet service,No internet service,No internet service,Month-to-month,No,Bank transfer (automatic),19.83,757.55,No
CUST-00688,Male,0,No,Yes,71,Yes,No,Fiber optic,Yes,No,Yes,Yes,Yes,No,One year,Yes,Mailed check,83.6,5952.32,No
CUST-00689,Female,0,No,No,54,No,No phone service,No,No internet service,No internet service,No internet service,No internet service,No internet service,No internet service,Month-to-month,Yes,Electronic check,20.2,1116.53,Yes
CUST-00690,Female,0,No,Yes,50,Yes,Yes,Fiber optic,Yes,No,Yes,No,No,Yes,Two year,Yes,Credit card (automatic),87.7,4384.01,Yes
CUST-00691,Female,0,No,No,26,Yes,No,Fiber optic,Yes,Yes,Yes,Yes,Yes,No,Month-to-month,No,Credit card (automatic),92.6,2393.96,Yes
CUST-00692,Female,0,Yes,Yes,11,Yes,Yes,Fiber optic,Yes,Yes,Yes,Yes,No,No,Month-to-month,Yes,Mailed check,98.59,1082.56,No
CUST-00693,Female,0,No,No,67,Yes,No,No,No internet service,No internet service,No internet service,No internet service,No internet service,No internet service,Two year,Yes,Mailed check,23.33,1582.54,No
CUST-00694,Male,0,No,No,40,Yes,Yes,DSL,Yes,Yes,No,Yes,No,No,One year,No,Bank transfer (automatic),61.91,2508.85,No
CUST-00695,Male,0,No,No,5,Yes,No,DSL,No,Yes,No,No,No,Yes,Month-to-month,Yes,Credit card (automatic),51.87,282.89,Yes
CUST-00696,Female,0,No,No,35,No,No phone service,No,No internet service,No internet service,No internet service,No internet service,No internet service,No internet service,Month-to-month,No,Credit card (automatic),22.54,810.48,No
CUST-00697,Female,0,Yes,No,6,Yes,Yes,Fiber optic,No,No,No,Yes,Yes,Yes,Month-to-month,Yes,Credit card (automatic),86.21,544.49,Yes
CUST-00698,Male,0,Yes,Yes,71,Yes,Yes,Fiber optic,Yes,Yes,Yes,No,Yes,No,Two year,Yes,Electronic check,99.04,7033.31,No
CUST-00699,Male,1,Yes,No,38,Yes,Yes,Fiber optic,No,No,Yes,Yes,No,Yes,One year,Yes,Electronic check,91.07,3466.3,Yes
CUST-00700,Female,0,Yes,No,57,Yes,No,Fiber optic,Yes,Yes,No,Yes,No,No,Two year,No,Electronic check,95.04,5438.48,No
CUST-00701,Female,1,No,Yes,34,Yes,No,DSL,No,No,No,No,Yes,No,Two year,Yes,Mailed check,51.16,1749.74,Yes
CUST-00702,Male,1,Yes,No,1,Yes,Yes,Fiber optic,No,No,No,Yes,No,Yes,Month-to-month,Yes,Electronic check,77.36,94.7,Yes
CUST-00703,Male,0,No,Yes,46,Yes,Yes,DSL,No,Yes,Yes,Yes,Yes,No,One year,Yes,Credit card (automatic),66.45,3044.54,No
CUST-00704,Male,1,Yes,No,47,Yes,Yes,DSL,Yes,Yes,No,No,Yes,No,One year,No,Bank transfer (automatic),58.1,2758.67,No
CUST-00705,Female,0,Yes,No,16,No,No phone service,No,No internet service,No internet service,No internet service,No internet service,No internet service,No internet service,Two year,Yes,Electronic check,24.9,388.42,No
CUST-00706,Male,0,Yes,No,52,Yes,No,DSL,Yes,No,Yes,No,Yes,No,One year,No,Credit card (automatic),68.72,3595.68,No
CUST-00707,Female,0,Yes,No,16,Yes,No,DSL,No,Yes,No,Yes,No,Yes,Month-to-month,Yes,Bank transfer (automatic),56.49,902.05,No
CUST-00708,Male,0,No,No,50,No,No phone service,DSL,Yes,No,Yes,No,Yes,Yes,Two year,No,Mailed check,69.33,3455.83,No
CUST-00709,Male,0,No,No,54,Yes,Yes,No,No internet service,No internet service,No internet service,No internet service,No internet service,No internet service,One year,Yes,Mailed check,18.0,932.13,No
CUST-00710,Female,0,Yes,No,10,Yes,Yes,No,No internet service,No internet service,No internet service,No internet service,No internet service,No internet service,Two year,Yes,Bank transfer (automatic),18.0,175.64,No
CUST-00711,Female,0,No,No,21,Yes,Yes,DSL,No,Yes,No,No,No,Yes,Month-to-month,No,Bank transfer (automatic),49.02,1004.48,Yes
CUST-00712,Female,0,No,No,11,Yes,No,Fiber optic,Yes,No,No,Yes,No,Yes,Month-to-month,Yes,Credit card (automatic),93.79,1013.23,No
CUST-00713,Female,0,No,No,53,Yes,Yes,Fiber optic,No,Yes,Yes,No,Yes,No,One year,No,Credit card (automatic),86.07,4571.89,No
CUST-00714,Female,0,Yes,No,17,Yes,Yes,Fiber optic,No,No,No,Yes,No,No,One year,No,Credit card (automatic),75.01,1244.81,No
CUST-00715,Female,0,Yes,Yes,46,Yes,No,DSL,Yes,Yes,Yes,Yes,Yes,Yes,Month-to-month,Yes,Bank transfer (automatic),80.72,3737.73,No
CUST-00716,Female,0,No,No,30,Yes,Yes,DSL,No,Yes,No,Yes,No,Yes,Month-to-month,No,Credit card (automatic),61.73,1902.31,No
CUST-00717,Male,0,No,No,6,Yes,Yes,Fiber optic,No,No,Yes,No,Yes,No,One year,Yes,Mailed check,82.91,487.8,No
CUST-00718,Male,0,Yes,No,64,Yes,No,DSL,No,No,No,Yes,No,No,Two year,Yes,Credit card (automatic),51.16,3298.33,No
CUST-00719,Female,0,No,No,51,Yes,Yes,Fiber optic,Yes,Yes,Yes,Yes,Yes,No,Month-to-month,Yes,Bank transfer (automatic),91.34,4630.4,Yes
CUST-00720,Male,0,Yes,No,19,Yes,No,DSL,Yes,Yes,Yes,No,No,No,Month-to-month,No,Bank transfer (automatic),58.17,1113.23,No
CUST-00721,Female,0,No,No,64,Yes,No,No,No internet service,No internet service,No internet service,No internet service,No internet service,No internet service,Month-to-month,Yes,Electronic check,23.37,1502.78,No
CUST-00722,Female,0,Yes,No,51,Yes,Yes,Fiber optic,Yes,Yes,No,Yes,Yes,No,Month-to-month,Yes,Credit card (automatic),94.0,4855.5,No
CUST-00723,Male,0,No,Yes,59,Yes,Yes,Fiber optic,No,Yes,Yes,No,Yes,No,Month-to-month,No,Electronic check,89.85,5293.71,Yes
CUST-00724,Female,0,Yes,No,13,Yes,No,Fiber optic,No,Yes,No,No,No,Yes,Month-to-month,Yes,Electronic check,76.53,1004.13,Yes
CUST-00725,Male,0,Yes,No,0,Yes,Yes,DSL,Yes,No,Yes,No,Yes,Yes,One year,Yes,Bank transfer (automatic),65.74,0.0,No
CUST-00726,Female,0,No,No,4,Yes,No,DSL,Yes,Yes,No,No,Yes,No,Month-to-month,Yes,Mailed check,65.98,256.49,No
CUST-00727,Male,0,Yes,No,39,Yes,No,Fiber optic,Yes,No,Yes,No,No,Yes,Month-to-month,Yes,Credit card (automatic),93.1,3628.14,No
CUST-00728,Male,0,No,Yes,57,Yes,Yes,Fiber optic,Yes,Yes,No,Yes,No,Yes,Two year,Yes,Electronic check,87.36,4975.75,No
CUST-00729,Female,0,No,No,66,Yes,No,No,No internet service,No internet service,No internet service,No internet service,No internet service,No internet service,Month-to-month,Yes,Bank transfer (automatic),18.0,1175.33,No
CUST-00730,Female,0,Yes,No,70,Yes,Yes,Fiber optic,Yes,No,Yes,Yes,Yes,Yes,Two year,No,Electronic check,92.89,6507.66,No
CUST-00731,Male,0,Yes,No,43,Yes,Yes,No,No internet service,No internet service,No internet service,No internet service,No internet service,No internet service,Month-to-month,No,Bank transfer (automatic),20.9,880.79,No
CUST-00732,Female,0,No,No,46,Yes,Yes,DSL,Yes,No,No,Yes,No,Yes,Two year,No,Mailed check,62.74,2878.05,No
CUST-00733,Female,0,No,No,21,Yes,Yes,DSL,Yes,Yes,No,Yes,No,No,Two year,No,Electronic check,55.69,1207.92,Yes
CUST-00734,Male,0,No,No,0,Yes,No,DSL,No,No,Yes,No,Yes,No,Month-to-month,No,Mailed check,53.8,0.0,Yes
CUST-00735,Female,0,Yes,Yes,14,Yes,No,No,No internet service,No internet service,No internet service,No internet service,No internet service,No internet service,One year,Yes,Electronic check,22.64,334.69,No
CUST-00736,Female,1,No,Yes,4,Yes,No,Fiber optic,No,Yes,Yes,Yes,No,No,One year,Yes,Credit card (automatic),80.41,320.12,Yes
CUST-00737,Male,0,No,No,50,Yes,Yes,Fiber optic,Yes,No,Yes,Yes,Yes,Yes,Month-to-month,Yes,Mailed check,109.26,5478.37,Yes
CUST-00738,Female,0,No,Yes,36,Yes,No,Fiber optic,Yes,No,Yes,Yes,No,Yes,One year,Yes,Electronic check,102.34,3680.74,No
CUST-00739,Female,0,Yes,Yes,56,Yes,No,DSL,Yes,No,Yes,Yes,Yes,Yes,Month-to-month,No,Credit card (automatic),77.33,4278.77,No
CUST-00740,Female,1,Yes,Yes,10,Yes,No,DSL,No,No,No,Yes,No,Yes,Month-to-month,Yes,Bank transfer (automatic),52.43,523.68,No
CUST-00741,Female,0,No,No,66,Yes,Yes,DSL,No,No,No,Yes,Yes,Yes,Two year,No,Mailed check,61.07,4010.59,No
CUST-00742,Female,1,No,No,52,Yes,Yes,DSL,Yes,No,Yes,No,Yes,Yes,Month-to-month,Yes,Mailed check,66.75,3465.0,No
CUST-00743,Male,0,Yes,Yes,66,Yes,Yes,Fiber optic,No,Yes,No,No,Yes,Yes,Month-to-month,Yes,Credit card (automatic),88.61,5862.03,Yes
CUST-00744,Female,0,No,Yes,47,Yes,No,DSL,Yes,No,No,No,Yes,Yes,Month-to-month,No,Mailed check,61.56,2929.65,No
CUST-00745,Male,0,Yes,No,24,Yes,No,No,No internet service,No internet service,No internet service,No internet service,No internet service,No internet service,Two year,Yes,Electronic check,18.0,403.83,No
CUST-00746,Female,0,Yes,No,45,Yes,No,No,No internet service,No internet service,No internet service,No internet service,No internet service,No internet service,Month-to-month,No,Bank transfer (automatic),20.81,931.67,No
CUST-00747,Male,0,Yes,Yes,44,No,No phone service,No,No internet service,No internet service,No internet service,No internet service,No internet service,No internet service,Month-to-month,No,Mailed check,21.48,945.46,No
CUST-00748,Male,1,Yes,No,13,No,No phone service,DSL,Yes,No,Yes,Yes,Yes,No,One year,Yes,Electronic check,68.09,886.15,No
CUST-00749,Male,0,Yes,Yes,7,Yes,Yes,Fiber optic,No,No,Yes,No,Yes,Yes,One year,Yes,Electronic check,92.28,647.07,Yes
CUST-00750,Female,1,Yes,No,47,Yes,Yes,DSL,Yes,No,Yes,No,No,No,Month-to-month,No,Mailed check,60.91,2874.04,Yes
CUST-00751,Male,0,Yes,Yes,6,Yes,No,DSL,Yes,Yes,No,Yes,Yes,Yes,Two year,No,Credit card (automatic),70.92,416.77,No
CUST-00752,Male,0,No,No,7,Yes,No,Fiber optic,Yes,No,No,No,Yes,Yes,Month-to-month,Yes,Credit card (automatic),88.13,612.94,Yes
CUST-00753,Female,0,No,Yes,5,Yes,No,Fiber optic,Yes,No,No,No,No,No,One year,No,Electronic check,74.94,382.58,No
CUST-00754,Female,0,No,No,45,Yes,No,Fiber optic,Yes,Yes,No,Yes,No,No,One year,Yes,Electronic check,89.31,4004.97,No
CUST-00755,Male,0,Yes,Yes,67,Yes,Yes,No,No internet service,No internet service,No internet service,No internet service,No internet service,No internet service,Month-to-month,Yes,Electronic check,18.0,1194.18,No
CUST-00756,Female,0,No,No,36,Yes,No,DSL,Yes,No,No,No,Yes,No,Two year,Yes,Electronic check,53.76,1934.03,No
CUST-00757,Male,0,Yes,No,11,Yes,Yes,No,No internet service,No internet service,No internet service,No internet service,No internet service,No internet service,One year,Yes,Electronic check,23.78,249.76,No
CUST-00758,Male,0,No,Yes,37,Yes,Yes,DSL,Yes,No,No,No,Yes,No,Month-to-month,Yes,Bank transfer (automatic),58.4,2141.24,No
CUST-00759,Female,0,No,No,35,Yes,Yes,No,No internet service,No internet service,No internet service,No internet service,No internet service,No internet service,Month-to-month,No,Electronic check,18.0,608.1,No
CUST-00760,Male,0,Yes,No,43,Yes,Yes,Fiber optic,No,No,No,Yes,No,Yes,Month-to-month,No,Bank transfer (automatic),85.56,3678.21,Yes
CUST-00761,Female,0,Yes,Yes,31,Yes,Yes,DSL,Yes,No,Yes,No,No,Yes,Two year,No,Mailed check,61.3,1927.71,No
CUST-00762,Female,0,No,Yes,38,Yes,Yes,Fiber optic,No,No,No,No,No,Yes,Month-to-month,Yes,Bank transfer (automatic),81.2,3093.45,No
CUST-00763,Female,0,No,No,23,Yes,Yes,DSL,No,No,Yes,No,Yes,Yes,Two year,No,Credit card (automatic),62.96,1429.04,No
CUST-00764,Male,0,No,Yes,66,Yes,No,No,No internet service,No internet service,No internet service,No internet service,No internet service,No internet service,Month-to-month,No,Credit card (automatic),27.56,1849.93,No
CUST-00765,Female,0,No,No,39,Yes,No,DSL,No,Yes,No,Yes,Yes,No,Two year,Yes,Credit card (automatic),63.41,2462.96,No
CUST-00766,Female,0,No,No,22,No,No phone service,No,No internet service,No internet service,No internet service,No internet service,No internet service,No internet service,Two year,Yes,Bank transfer (automatic),18.47,438.08,No
CUST-00767,Male,0,Yes,No,0,No,No phone service,DSL,Yes,No,No,Yes,No,No,Month-to-month,Yes,Bank transfer (automatic),58.56,0.0,No
CUST-00768,Male,1,No,No,49,Yes,Yes,No,No internet service,No internet service,No internet service,No internet service,No internet service,No internet service,Month-to-month,Yes,Bank transfer (automatic),22.71,1118.11,No
CUST-00769,Male,0,Yes,No,27,Yes,No,DSL,No,Yes,No,Yes,Yes,No,Two year,No,Credit card (automatic),67.51,1815.46,No
CUST-00770,Female,1,No,No,18,Yes,Yes,Fiber optic,Yes,Yes,Yes,Yes,No,No,Month-to-month,Yes,Mailed check,97.2,1743.63,Yes
CUST-00771,Female,0,Yes,No,34,No,No phone service,No,No internet service,No internet service,No internet service,No internet service,No internet service,No internet service,Month-to-month,Yes,Mailed check,19.32,684.53,No
CUST-00772,Male,0,No,No,35,Yes,No,DSL,Yes,No,No,No,Yes,No,Two year,No,Mailed check,61.45,2147.16,No
CUST-00773,Female,0,No,Yes,58,Yes,Yes,DSL,Yes,Yes,No,No,Yes,Yes,Two year,No,Credit card (automatic),69.79,4066.68,No
CUST-00774,Female,0,Yes,No,39,Yes,No,Fiber optic,No,Yes,Yes,Yes,No,No,One year,Yes,Electronic check,86.32,3367.43,No
CUST-00775,Female,0,Yes,No,51,Yes,Yes,Fiber optic,Yes,No,Yes,Yes,Yes,Yes,Two year,No,Electronic check,92.93,4737.11,No
CUST-00776,Male,0,Yes,No,47,Yes,No,No,No internet service,No internet service,No internet service,No internet service,No internet service,No internet service,One year,Yes,Mailed check,21.28,1012.64,No
CUST-00777,Male,0,No,No,62,Yes,Yes,DSL,No,Yes,No,Yes,Yes,No,One year,Yes,Mailed check,58.54,3627.12,No
CUST-00778,Male,0,No,No,0,Yes,Yes,No,No internet service,No internet service,No internet service,No internet service,No internet service,No internet service,Month-to-month,Yes,Bank transfer (automatic),22.11,0.0,No
CUST-00779,Female,0,Yes,No,27,Yes,No,No,No internet service,No internet service,No internet service,No internet service,No internet service,No internet service,One year,No,Electronic check,18.0,470.83,No
CUST-00780,Female,0,Yes,No,52,Yes,No,Fiber optic,Yes,No,Yes,No,Yes,No,One year,Yes,Electronic check,87.14,4542.86,Yes
CUST-00781,Female,0,No,Yes,10,Yes,Yes,DSL,Yes,Yes,No,Yes,Yes,Yes,One year,Yes,Credit card (automatic),70.68,662.61,No
CUST-00782,Male,0,Yes,No,32,Yes,No,DSL,No,Yes,Yes,No,No,No,Two year,No,Bank transfer (automatic),60.59,1946.4,No
CUST-00783,Male,0,No,Yes,29,Yes,Yes,No,No internet service,No internet service,No internet service,No internet service,No internet service,No internet service,Month-to-month,No,Mailed check,20.15,555.6,No
CUST-00784,Male,0,Yes,No,58,Yes,No,Fiber optic,Yes,Yes,Yes,No,Yes,No,One year,Yes,Credit card (automatic),91.72,5323.26,No
CUST-00785,Female,0,Yes,No,70,No,No phone service,Fiber optic,Yes,Yes,Yes,Yes,Yes,No,Month-to-month,Yes,Electronic check,93.8,6592.77,Yes
CUST-00786,Male,0,Yes,No,7,Yes,Yes,No,No internet service,No internet service,No internet service,No internet service,No internet service,No internet service,Month-to-month,Yes,Bank transfer (automatic),23.3,145.42,Yes
CUST-00787,Female,0,No,No,15,Yes,No,DSL,No,Yes,No,No,No,Yes,Month-to-month,Yes,Electronic check,55.45,842.23,No
CUST-00788,Female,0,Yes,No,56,No,No phone service,Fiber optic,Yes,Yes,No,Yes,No,No,Two year,Yes,Bank transfer (automatic),81.06,4561.84,No
CUST-00789,Male,0,Yes,No,12,Yes,No,Fiber optic,No,Yes,No,Yes,No,Yes,Month-to-month,No,Mailed check,83.79,993.96,Yes
CUST-00790,Male,0,No,No,36,No,No phone service,No,No internet service,No internet service,No internet service,No internet service,No internet service,No internet service,One year,Yes,Electronic check,18.0,635.06,No
CUST-00791,Male,0,No,No,68,Yes,Yes,Fiber optic,Yes,Yes,Yes,No,Yes,Yes,One year,Yes,Bank transfer (automatic),101.5,6909.5,No
CUST-00792,Female,0,Yes,No,71,Yes,Yes,Fiber optic,No,No,Yes,No,No,No,Two year,No,Mailed check,76.09,5427.39,No
CUST-00793,Female,0,Yes,Yes,69,Yes,No,DSL,No,Yes,No,No,Yes,Yes,One year,Yes,Bank transfer (automatic),62.16,4334.69,No
CUST-00794,Male,0,No,Yes,9,Yes,Yes,No,No internet service,No internet service,No internet service,No internet service,No internet service,No internet service,Month-to-month,Yes,Credit card (automatic),18.0,147.19,No
CUST-00795,Male,1,Yes,Yes,10,Yes,Yes,Fiber optic,Yes,No,Yes,Yes,No,No,Month-to-month,Yes,Credit card (automatic),83.32,846.15,No
CUST-00796,Female,0,No,No,12,Yes,No,Fiber optic,Yes,No,Yes,Yes,No,No,One year,Yes,Mailed check,92.85,1104.59,No
CUST-00797,Male,0,Yes,Yes,56,No,No phone service,No,No internet service,No internet service,No internet service,No internet service,No internet service,No internet service,Month-to-month,No,Bank transfer (automatic),21.3,1170.22,No
CUST-00798,Male,0,Yes,No,13,Yes,Yes,DSL,No,Yes,No,No,Yes,Yes,Month-to-month,Yes,Bank transfer (automatic),64.55,834.47,No
CUST-00799,Male,0,Yes,No,31,Yes,Yes,Fiber optic,Yes,No,Yes,Yes,Yes,Yes,Month-to-month,Yes,Mailed check,100.3,3104.69,No
CUST-00800,Male,1,No,No,59,Yes,Yes,No,No internet service,No internet service,No internet service,No internet service,No internet service,No internet service,Month-to-month,Yes,Electronic check,23.73,1401.8,No
CUST-00801,Male,0,Yes,No,35,Yes,No,Fiber optic,Yes,Yes,No,No,Yes,No,Two year,No,Bank transfer (automatic),90.08,3161.17,No
CUST-00802,Female,0,Yes,No,68,Yes,Yes,No,No internet service,No internet service,No internet service,No internet service,No internet service,No internet service,Two year,Yes,Mailed check,18.44,1258.57,No
CUST-00803,Female,1,Yes,No,36,Yes,Yes,No,No internet service,No internet service,No internet service,No internet service,No internet service,No internet service,One year,No,Credit card (automatic),18.47,689.22,No
CUST-00804,Female,0,No,No,27,Yes,No,Fiber optic,Yes,Yes,Yes,No,Yes,Yes,Month-to-month,No,Mailed check,96.88,2653.32,No
CUST-00805,Female,0,Yes,Yes,70,Yes,No,DSL,Yes,Yes,Yes,Yes,No,No,Two year,Yes,Mailed check,61.1,4277.31,No
CUST-00806,Female,0,No,No,39,Yes,Yes,No,No internet service,No internet service,No internet service,No internet service,No internet service,No internet service,One year,Yes,Electronic check,22.37,862.59,No
CUST-00807,Male,0,No,Yes,13,Yes,Yes,Fiber optic,No,No,Yes,No,Yes,No,Two year,Yes,Mailed check,86.43,1119.6,No
CUST-00808,Male,0,Yes,Yes,46,No,No phone service,Fiber optic,Yes,Yes,Yes,No,Yes,Yes,Month-to-month,No,Credit card (automatic),93.52,4297.31,No
CUST-00809,Female,0,No,No,56,Yes,No,Fiber optic,Yes,Yes,No,Yes,Yes,No,Month-to-month,Yes,Bank transfer (automatic),93.04,5198.41,Yes
CUST-00810,Male,1,No,No,61,Yes,No,DSL,Yes,Yes,Yes,No,No,No,One year,Yes,Bank transfer (automatic),54.32,3283.54,No
CUST-00811,Female,1,Yes,No,0,Yes,Yes,DSL,Yes,No,Yes,Yes,No,Yes,Two year,Yes,Bank transfer (automatic),67.86,0.0,No
CUST-00812,Female,0,Yes,Yes,7,Yes,No,Fiber optic,No,No,No,Yes,No,Yes,Month-to-month,Yes,Mailed check,82.35,590.13,No
CUST-00813,Male,0,Yes,No,45,Yes,No,No,No internet service,No internet service,No internet service,No internet service,No internet service,No internet service,Month-to-month,Yes,Credit card (automatic),18.0,825.0,Yes
CUST-00814,Female,0,Yes,Yes,54,No,No phone service,Fiber optic,Yes,Yes,No,Yes,Yes,Yes,One year,Yes,Mailed check,92.91,5023.65,No
CUST-00815,Female,0,No,Yes,47,Yes,No,DSL,Yes,No,No,Yes,No,No,Two year,No,Mailed check,62.05,2911.51,No
CUST-00816,Male,0,No,No,27,Yes,No,Fiber optic,Yes,Yes,No,Yes,No,No,Two year,Yes,Bank transfer (automatic),88.77,2386.69,No
CUST-00817,Male,0,No,No,55,Yes,No,Fiber optic,Yes,No,Yes,No,No,No,Two year,No,Bank transfer (automatic),84.24,4605.75,No
CUST-00818,Female,0,Yes,No,42,Yes,Yes,DSL,Yes,No,Yes,No,No,No,One year,Yes,Mailed check,55.35,2311.67,No
CUST-00819,Female,0,Yes,Yes,67,Yes,No,Fiber optic,Yes,Yes,Yes,No,Yes,No,Two year,Yes,Bank transfer (automatic),89.39,5974.49,No
CUST-00820,Male,0,Yes,Yes,26,No,No phone service,Fiber optic,No,No,No,Yes,No,Yes,Month-to-month,No,Credit card (automatic),71.35,1826.81,Yes
CUST-00821,Female,0,No,Yes,55,No,No phone service,Fiber optic,No,Yes,No,Yes,Yes,No,Month-to-month,No,Bank transfer (automatic),87.04,4791.55,Yes
CUST-00822,Male,0,Yes,No,10,Yes,No,Fiber optic,Yes,Yes,No,Yes,Yes,No,One year,No,Mailed check,89.93,884.52,No
CUST-00823,Female,0,No,No,53,Yes,Yes,No,No internet service,No internet service,No internet service,No internet service,No internet service,No internet service,One year,Yes,Electronic check,21.56,1143.49,No
CUST-00824,Female,0,No,No,53,Yes,Yes,DSL,Yes,Yes,Yes,Yes,Yes,No,Month-to-month,No,Credit card (automatic),70.62,3713.27,No
CUST-00825,Male,1,Yes,No,18,Yes,No,DSL,Yes,No,Yes,Yes,No,Yes,Month-to-month,No,Credit card (automatic),63.27,1150.61,No
CUST-00826,Female,0,No,No,4,Yes,Yes,DSL,No,Yes,Yes,Yes,No,Yes,One year,No,Bank transfer (automatic),64.39,266.15,Yes
CUST-00827,Female,1,No,Yes,72,Yes,No,Fiber optic,No,No,No,No,No,Yes,Two year,No,Electronic check,68.3,4907.33,No
CUST-00828,Female,0,No,Yes,5,Yes,No,No,No internet service,No internet service,No internet service,No internet service,No internet service,No internet service,Month-to-month,Yes,Credit card (automatic),19.85,126.72,No
CUST-00829,Male,0,Yes,No,34,No,No phone service,Fiber optic,Yes,Yes,Yes,No,No,Yes,Two year,No,Electronic check,93.81,3187.92,No
CUST-00830,Male,1,Yes,Yes,0,Yes,Yes,No,No internet service,No internet service,No internet service,No internet service,No internet service,No internet service,Month-to-month,Yes,Credit card (automatic),18.0,2.71,No
CUST-00831,Male,0,No,No,30,Yes,Yes,Fiber optic,No,Yes,No,No,No,No,Month-to-month,Yes,Bank transfer (automatic),74.78,2212.16,Yes
CUST-00832,Male,0,Yes,No,59,Yes,Yes,DSL,Yes,Yes,No,No,Yes,Yes,Month-to-month,No,Bank transfer (automatic),65.24,3833.51,No
CUST-00833,Male,0,No,No,36,Yes,Yes,DSL,No,Yes,Yes,Yes,No,Yes,Month-to-month,Yes,Electronic check,70.3,2517.78,No
CUST-00834,Female,0,Yes,No,17,Yes,Yes,Fiber optic,Yes,Yes,Yes,Yes,Yes,Yes,Month-to-month,Yes,Mailed check,95.8,1644.24,No
CUST-00835,Female,0,No,No,28,Yes,Yes,Fiber optic,Yes,Yes,Yes,Yes,No,Yes,One year,Yes,Electronic check,95.67,2698.03,No
CUST-00836,Female,0,No,Yes,6,Yes,No,Fiber optic,No,No,Yes,Yes,Yes,No,Two year,Yes,Bank transfer (automatic),85.56,501.96,No
CUST-00837,Male,1,Yes,No,43,Yes,No,Fiber optic,No,No,Yes,Yes,Yes,No,Month-to-month,No,Credit card (automatic),91.36,3931.89,Yes
CUST-00838,Male,0,Yes,No,0,Yes,No,Fiber optic,Yes,Yes,Yes,Yes,Yes,No,Two year,No,Credit card (automatic),97.13,17.14,No
CUST-00839,Female,0,No,Yes,25,No,No phone service,Fiber optic,Yes,Yes,Yes,No,No,Yes,Two year,No,Bank transfer (automatic),92.5,2305.7,No
CUST-00840,Male,0,Yes,Yes,4,Yes,No,Fiber optic,Yes,Yes,No,No,No,No,Month-to-month,No,Credit card (automatic),80.06,291.0,Yes
CUST-00841,Female,0,No,Yes,17,Yes,No,Fiber optic,Yes,Yes,Yes,No,Yes,Yes,Month-to-month,Yes,Credit card (automatic),94.94,1628.2,No
CUST-00842,Female,0,No,Yes,4,Yes,Yes,No,No internet service,No internet service,No internet service,No internet service,No internet service,No internet service,Month-to-month,No,Credit card (automatic),23.08,100.82,Yes
CUST-00843,Male,0,Yes,Yes,67,Yes,Yes,DSL,No,No,Yes,No,No,No,One year,Yes,Electronic check,56.23,3773.23,No
CUST-00844,Male,0,No,Yes,56,No,No phone service,No,No internet service,No internet service,No internet service,No internet service,No internet service,No internet service,Month-to-month,No,Credit card (automatic),18.39,1049.03,No
CUST-00845,Male,0,No,No,67,Yes,Yes,DSL,No,Yes,No,No,Yes,No,One year,No,Electronic check,59.82,4028.78,No
CUST-00846,Male,0,No,No,49,Yes,Yes,DSL,Yes,Yes,Yes,Yes,Yes,Yes,One year,No,Mailed check,78.63,3865.29,No
CUST-00847,Male,0,Yes,No,36,Yes,Yes,No,No internet service,No internet service,No internet service,No internet service,No internet service,No internet service,One year,No,Mailed check,19.5,678.58,No
CUST-00848,Female,0,Yes,No,12,Yes,Yes,No,No internet service,No internet service,No internet service,No internet service,No internet service,No internet service,Month-to-month,Yes,Credit card (automatic),18.0,185.74,No
CUST-00849,Female,0,Yes,No,70,Yes,Yes,No,No internet service,No internet service,No internet service,No internet service,No internet service,No internet service,Month-to-month,No,Electronic check,27.44,1927.81,No
CUST-00850,Female,0,No,No,66,Yes,No,DSL,No,Yes,No,Yes,No,No,Month-to-month,Yes,Credit card (automatic),58.16,3839.87,Yes
CUST-00851,Female,0,No,No,30,Yes,No,DSL,Yes,No,Yes,No,Yes,No,Two year,Yes,Mailed check,62.19,1868.51,No
CUST-00852,Female,0,No,No,16,Yes,Yes,Fiber optic,No,Yes,No,Yes,No,Yes,One year,Yes,Electronic check,83.69,1372.86,No
CUST-00853,Male,0,Yes,No,28,Yes,No,No,No internet service,No internet service,No internet service,No internet service,No internet service,No internet service,One year,Yes,Credit card (automatic),20.18,583.39,No
CUST-00854,Male,0,No,No,28,Yes,No,Fiber optic,Yes,No,Yes,No,Yes,Yes,One year,No,Electronic check,87.75,2453.32,No
CUST-00855,Female,0,No,No,66,Yes,Yes,DSL,Yes,No,Yes,Yes,No,No,Month-to-month,Yes,Mailed check,62.25,4093.78,No
CUST-00856,Male,0,No,Yes,4,Yes,No,Fiber optic,Yes,Yes,No,Yes,Yes,No,Month-to-month,Yes,Mailed check,93.1,385.3,No
CUST-00857,Male,0,Yes,Yes,46,Yes,Yes,DSL,Yes,No,Yes,Yes,No,Yes,Month-to-month,Yes,Bank transfer (automatic),63.95,2950.95,No
CUST-00858,Female,0,No,No,56,Yes,Yes,DSL,Yes,No,No,No,No,Yes,Month-to-month,Yes,Electronic check,53.08,2968.18,No
CUST-00859,Female,0,Yes,Yes,55,Yes,No,Fiber optic,No,No,No,No,Yes,No,Month-to-month,Yes,Bank transfer (automatic),81.65,4436.03,No
CUST-00860,Female,0,Yes,Yes,14,Yes,No,DSL,Yes,No,No,Yes,Yes,Yes,Month-to-month,No,Electronic check,70.91,973.57,No
CUST-00861,Female,0,No,Yes,30,Yes,Yes,Fiber optic,No,No,Yes,Yes,No,No,One year,No,Electronic check,84.09,2539.65,No
CUST-00862,Male,0,No,No,24,Yes,No,Fiber optic,No,No,No,Yes,Yes,Yes,Month-to-month,Yes,Electronic check,85.95,2036.96,Yes
CUST-00863,Female,0,Yes,No,29,Yes,Yes,Fiber optic,No,Yes,Yes,No,No,Yes,Month-to-month,Yes,Electronic check,83.12,2422.06,No
CUST-00864,Female,0,No,No,6,Yes,No,Fiber optic,No,Yes,No,No,Yes,No,Month-to-month,Yes,Mailed check,76.91,470.33,No
CUST-00865,Female,0,No,Yes,6,Yes,Yes,No,No internet service,No internet service,No internet service,No internet service,No internet service,No internet service,Month-to-month,No,Bank transfer (automatic),21.12,106.9,No
CUST-00866,Female,0,Yes,No,1,Yes,Yes,Fiber optic,Yes,Yes,No,Yes,Yes,No,Month-to-month,Yes,Bank transfer (automatic),94.4,112.4,Yes
CUST-00867,Female,0,No,No,70,Yes,Yes,No,No internet service,No internet service,No internet service,No internet service,No internet service,No internet service,Month-to-month,Yes,Electronic check,22.39,1565.71,No
CUST-00868,Male,0,Yes,No,30,Yes,Yes,Fiber optic,Yes,Yes,Yes,Yes,No,No,Month-to-month,Yes,Mailed check,80.71,2418.33,No
CUST-00869,Male,0,Yes,No,16,Yes,No,Fiber optic,No,Yes,Yes,Yes,Yes,No,Two year,Yes,Mailed check,90.24,1420.85,No
CUST-00870,Male,1,Yes,Yes,58,Yes,No,No,No internet service,No internet service,No internet service,No internet service,No internet service,No internet service,Month-to-month,Yes,Mailed check,23.53,1390.69,No
CUST-00871,Male,0,No,No,36,Yes,No,DSL,No,No,No,Yes,No,No,Month-to-month,No,Bank transfer (automatic),54.23,1928.44,No
CUST-00872,Male,1,Yes,Yes,26,Yes,Yes,DSL,Yes,Yes,No,Yes,Yes,Yes,Month-to-month,Yes,Mailed check,71.99,1847.67,Yes
CUST-00873,Male,0,Yes,No,8,Yes,No,No,No internet service,No internet service,No internet service,No internet service,No internet service,No internet service,Month-to-month,No,Mailed check,18.84,153.55,Yes
CUST-00874,Female,0,No,No,28,Yes,Yes,Fiber optic,Yes,No,Yes,No,Yes,No,One year,Yes,Electronic check,88.37,2454.75,No
CUST-00875,Female,0,No,No,47,Yes,Yes,DSL,Yes,No,Yes,Yes,No,Yes,Month-to-month,Yes,Mailed check,71.37,3395.75,No
CUST-00876,Female,0,No,Yes,45,Yes,Yes,No,No internet service,No internet service,No internet service,No internet service,No internet service,No internet service,Two year,Yes,Credit card (automatic),19.19,843.79,No
CUST-00877,Female,1,No,No,28,Yes,No,DSL,No,Yes,Yes,Yes,No,No,Two year,Yes,Bank transfer (automatic),64.65,1826.06,No
CUST-00878,Female,0,Yes,No,44,Yes,Yes,Fiber optic,No,No,Yes,Yes,Yes,No,One year,Yes,Mailed check,83.56,3709.5,No
CUST-00879,Female,1,Yes,No,56,Yes,No,No,No internet service,No internet service,No internet service,No internet service,No internet service,No internet service,Month-to-month,Yes,Mailed check,18.0,1022.31,No
CUST-00880,Male,0,No,Yes,67,Yes,Yes,No,No internet service,No internet service,No internet service,No internet service,No internet service,No internet service,Month-to-month,No,Mailed check,21.32,1413.34,No
CUST-00881,Female,1,No,No,38,Yes,No,Fiber optic,Yes,No,Yes,No,Yes,Yes,Month-to-month,No,Bank transfer (automatic),95.7,3643.47,Yes
CUST-00882,Male,1,Yes,Yes,16,Yes,No,DSL,No,Yes,Yes,Yes,Yes,No,Two year,No,Credit card (automatic),67.54,1107.75,No
CUST-00883,Male,0,Yes,Yes,9,Yes,Yes,No,No internet service,No internet service,No internet service,No internet service,No internet service,No internet service,Month-to-month,Yes,Electronic check,22.49,172.43,No
CUST-00884,Female,0,Yes,No,11,Yes,No,No,No internet service,No internet service,No internet service,No internet service,No internet service,No internet service,One year,Yes,Bank transfer (automatic),18.0,219.95,No
CUST-00885,Female,0,Yes,No,0,Yes,No,DSL,Yes,No,Yes,No,Yes,Yes,Month-to-month,Yes,Credit card (automatic),64.25,9.82,Yes
CUST-00886,Male,0,No,Yes,40,No,No phone service,Fiber optic,Yes,No,Yes,No,Yes,Yes,Month-to-month,Yes,Electronic check,90.45,3655.8,Yes
CUST-00887,Male,1,No,No,15,Yes,No,Fiber optic,Yes,Yes,No,No,No,Yes,Month-to-month,Yes,Bank transfer (automatic),88.3,1333.07,Yes
CUST-00888,Male,0,Yes,No,16,Yes,No,DSL,Yes,Yes,No,Yes,Yes,Yes,Month-to-month,Yes,Bank transfer (automatic),66.5,1067.04,No
CUST-00889,Male,0,No,No,52,Yes,No,No,No internet service,No internet service,No internet service,No internet service,No internet service,No internet service,One year,No,Credit card (automatic),20.61,1085.4,No
CUST-00890,Male,0,No,No,23,Yes,Yes,No,No internet service,No internet service,No internet service,No internet service,No internet service,No internet service,One year,Yes,Mailed check,20.26,441.18,Yes
CUST-00891,Female,0,Yes,No,60,Yes,Yes,DSL,No,Yes,Yes,Yes,Yes,Yes,Month-to-month,Yes,Credit card (automatic),68.49,4093.09,No
CUST-00892,Female,1,Yes,No,10,Yes,Yes,No,No internet service,No internet service,No internet service,No internet service,No internet service,No internet service,Month-to-month,No,Electronic check,24.76,248.99,No
CUST-00893,Female,0,No,Yes,24,Yes,Yes,No,No internet service,No internet service,No internet service,No internet service,No internet service,No internet service,Two year,No,Bank transfer (automatic),25.62,604.41,No
CUST-00894,Female,0,Yes,Yes,3,Yes,No,Fiber optic,No,No,No,Yes,Yes,No,Month-to-month,Yes,Mailed check,83.09,237.04,Yes
CUST-00895,Female,1,No,No,39,Yes,No,No,No internet service,No internet service,No internet service,No internet service,No internet service,No internet service,One year,Yes,Bank transfer (automatic),21.29,871.07,No
CUST-00896,Female,0,No,Yes,9,Yes,Yes,DSL,Yes,Yes,No,Yes,Yes,Yes,Month-to-month,Yes,Bank transfer (automatic),69.26,659.22,No
CUST-00897,Male,0,No,No,17,Yes,Yes,No,No internet service,No internet service,No internet service,No internet service,No internet service,No internet service,One year,Yes,Mailed check,20.47,297.16,No
CUST-00898,Male,0,No,No,53,Yes,No,DSL,No,Yes,Yes,Yes,No,No,One year,Yes,Credit card (automatic),63.08,3344.04,No
CUST-00899,Female,0,No,Yes,64,Yes,No,Fiber optic,No,No,No,No,Yes,No,Month-to-month,Yes,Mailed check,74.36,4735.2,No
CUST-00900,Male,0,No,Yes,39,Yes,No,Fiber optic,Yes,No,No,Yes,Yes,No,Month-to-month,Yes,Mailed check,83.35,3273.66,Yes
CUST-00901,Male,0,Yes,No,70,Yes,No,DSL,No,Yes,No,Yes,No,No,Month-to-month,No,Bank transfer (automatic),58.76,4117.65,No
CUST-00902,Male,0,No,No,55,Yes,No,Fiber optic,Yes,No,Yes,No,No,No,Month-to-month,Yes,Bank transfer (automatic),77.48,4290.7,Yes
CUST-00903,Female,1,No,No,54,Yes,No,Fiber optic,No,Yes,Yes,Yes,No,Yes,One year,No,Bank transfer (automatic),95.68,5149.49,No
CUST-00904,Male,1,No,Yes,72,Yes,No,Fiber optic,No,No,Yes,Yes,No,No,Month-to-month,Yes,Electronic check,78.63,5642.36,Yes
CUST-00905,Female,0,No,No,6,Yes,Yes,Fiber optic,No,No,No,No,Yes,No,Month-to-month,Yes,Credit card (automatic),72.02,427.74,Yes
CUST-00906,Male,0,Yes,Yes,16,Yes,Yes,DSL,No,No,Yes,No,No,Yes,Two year,Yes,Mailed check,55.52,876.38,No
CUST-00907,Male,0,No,No,31,Yes,No,DSL,Yes,Yes,No,Yes,Yes,Yes,Two year,Yes,Bank transfer (automatic),74.8,2316.95,No
CUST-00908,Male,0,No,Yes,45,Yes,Yes,DSL,Yes,No,No,No,No,Yes,Month-to-month,No,Electronic check,56.64,2572.54,No
CUST-00909,Male,0,No,Yes,72,Yes,Yes,No,No internet service,No internet service,No internet service,No internet service,No internet service,No internet service,One year,Yes,Electronic check,18.48,1339.91,No
CUST-00910,Female,0,No,No,7,Yes,Yes,Fiber optic,Yes,No,Yes,No,No,Yes,Month-to-month,Yes,Bank transfer (automatic),86.0,596.07,Yes
CUST-00911,Male,0,No,Yes,16,Yes,No,Fiber optic,Yes,Yes,No,Yes,No,Yes,One year,No,Electronic check,85.47,1368.6,No
CUST-00912,Male,0,No,No,21,Yes,No,Fiber optic,No,Yes,Yes,Yes,Yes,Yes,Month-to-month,Yes,Bank transfer (automatic),92.84,1917.99,No
CUST-00913,Female,0,Yes,Yes,48,Yes,Yes,Fiber optic,No,No,Yes,Yes,Yes,Yes,Two year,No,Electronic check,90.75,4316.94,No
CUST-00914,Female,0,Yes,Yes,69,No,No phone service,DSL,Yes,No,No,No,Yes,No,Month-to-month,No,Mailed check,59.86,4154.56,No
CUST-00915,Male,0,No,Yes,68,Yes,Yes,DSL,No,Yes,Yes,Yes,Yes,Yes,Month-to-month,Yes,Credit card (automatic),64.16,4347.65,No
CUST-00916,Female,0,No,No,54,Yes,No,Fiber optic,No,Yes,No,Yes,Yes,Yes,Two year,Yes,Bank transfer (automatic),89.48,4860.6,No
CUST-00917,Female,0,No,No,56,Yes,Yes,DSL,Yes,No,Yes,Yes,No,No,Month-to-month,Yes,Mailed check,64.82,3623.79,No
CUST-00918,Male,0,Yes,Yes,30,No,No phone service,No,No internet service,No internet service,No internet service,No internet service,No internet service,No internet service,Month-to-month,No,Electronic check,22.43,675.59,No
CUST-00919,Female,1,Yes,No,44,No,No phone service,DSL,Yes,No,No,Yes,Yes,No,Month-to-month,No,Credit card (automatic),67.86,3002.45,No
CUST-00920,Female,1,Yes,No,12,Yes,Yes,Fiber optic,Yes,Yes,Yes,No,No,Yes,One year,No,Bank transfer (automatic),92.98,1134.71,No
CUST-00921,Female,0,No,No,36,Yes,No,Fiber optic,Yes,Yes,No,No,Yes,Yes,Month-to-month,No,Mailed check,87.24,3130.35,Yes
CUST-00922,Male,0,No,No,21,No,No phone service,Fiber optic,Yes,Yes,No,Yes,Yes,Yes,One year,Yes,Credit card (automatic),94.2,1979.62,No
CUST-00923,Male,0,No,No,67,Yes,Yes,No,No internet service,No internet service,No internet service,No internet service,No internet service,No internet service,Month-to-month,No,Credit card (automatic),27.09,1814.67,No
CUST-00924,Male,0,Yes,No,26,Yes,Yes,Fiber optic,No,No,Yes,No,No,No,One year,No,Bank transfer (automatic),74.0,1931.57,Yes
CUST-00925,Female,0,No,No,28,Yes,Yes,DSL,Yes,No,Yes,Yes,Yes,Yes,Two year,Yes,Mailed check,71.08,1994.1,No
CUST-00926,Female,0,No,No,29,Yes,Yes,Fiber optic,Yes,No,Yes,Yes,Yes,No,Month-to-month,No,Bank transfer (automatic),80.62,2323.38,Yes
CUST-00927,Male,1,Yes,No,65,Yes,No,DSL,Yes,No,No,No,No,No,One year,No,Credit card (automatic),43.03,2799.94,Yes
CUST-00928,Male,1,No,Yes,68,Yes,Yes,DSL,No,Yes,No,No,Yes,Yes,Month-to-month,No,Mailed check,64.28,4341.77,Yes
CUST-00929,Female,0,No,No,31,Yes,Yes,Fiber optic,No,Yes,No,Yes,No,No,Month-to-month,No,Bank transfer (automatic),82.3,2551.36,Yes
CUST-00930,Female,0,Yes,No,72,Yes,No,DSL,No,Yes,No,No,Yes,Yes,Two year,No,Bank transfer (automatic),56.04,4037.25,No
CUST-00931,Female,0,Yes,No,55,Yes,Yes,DSL,Yes,No,Yes,No,No,Yes,Two year,No,Mailed check,63.16,3454.19,No
CUST-00932,Male,1,No,No,61,Yes,Yes,Fiber optic,Yes,Yes,No,Yes,Yes,No,Two year,Yes,Electronic check,96.92,5906.48,No
CUST-00933,Female,0,No,No,66,Yes,No,Fiber optic,No,Yes,Yes,No,Yes,No,Two year,Yes,Bank transfer (automatic),84.13,5542.31,Yes
CUST-00934,Male,0,No,No,24,No,No phone service,No,No internet service,No internet service,No internet service,No internet service,No internet service,No internet service,Month-to-month,No,Electronic check,25.74,607.87,Yes
CUST-00935,Female,0,No,No,40,Yes,Yes,DSL,Yes,Yes,No,No,Yes,Yes,One year,No,Mailed check,63.33,2548.35,No
CUST-00936,Male,0,Yes,No,20,Yes,No,Fiber optic,No,Yes,No,No,Yes,Yes,Month-to-month,No,Mailed check,88.8,1785.25,Yes
CUST-00937,Male,0,No,No,22,Yes,Yes,Fiber optic,Yes,Yes,No,Yes,Yes,No,Two year,Yes,Electronic check,88.67,1969.97,Yes
CUST-00938,Male,0,No,No,33,Yes,No,No,No internet service,No internet service,No internet service,No internet service,No internet service,No internet service,One year,Yes,Mailed check,18.0,635.57,No
CUST-00939,Female,0,Yes,Yes,3,Yes,Yes,Fiber optic,Yes,No,Yes,No,Yes,Yes,Month-to-month,Yes,Mailed check,93.16,301.43,Yes
CUST-00940,Female,0,No,No,15,Yes,Yes,Fiber optic,No,Yes,Yes,Yes,Yes,No,Two year,Yes,Electronic check,94.22,1382.58,No
CUST-00941,Male,0,Yes,Yes,59,Yes,No,Fiber optic,No,Yes,Yes,Yes,No,No,One year,No,Mailed check,88.86,5229.63,No
CUST-00942,Female,0,Yes,No,12,Yes,Yes,DSL,Yes,Yes,No,Yes,Yes,Yes,Two year,Yes,Bank transfer (automatic),68.09,843.92,No
CUST-00943,Male,0,Yes,No,45,Yes,No,DSL,Yes,No,No,Yes,Yes,No,One year,Yes,Mailed check,66.12,2967.5,No
CUST-00944,Male,1,No,No,55,Yes,Yes,Fiber optic,Yes,No,Yes,No,No,No,Two year,No,Mailed check,78.45,4305.52,No
CUST-00945,Male,0,Yes,Yes,19,Yes,Yes,DSL,Yes,Yes,No,No,Yes,No,Month-to-month,No,Bank transfer (automatic),63.57,1214.51,No
CUST-00946,Female,0,Yes,No,33,Yes,No,DSL,No,No,Yes,No,Yes,Yes,Month-to-month,Yes,Electronic check,63.14,2077.93,Yes
CUST-00947,Male,0,No,Yes,64,Yes,Yes,Fiber optic,Yes,Yes,Yes,Yes,Yes,No,One year,Yes,Credit card (automatic),99.74,6417.55,No
CUST-00948,Female,0,Yes,No,60,No,No phone service,DSL,Yes,Yes,No,No,No,Yes,Month-to-month,No,Electronic check,62.02,3717.97,No
CUST-00949,Male,0,No,Yes,67,Yes,Yes,DSL,Yes,Yes,No,Yes,Yes,Yes,Month-to-month,Yes,Mailed check,66.29,4489.67,No
CUST-00950,Male,0,No,No,45,Yes,No,Fiber optic,Yes,Yes,No,No,No,Yes,Two year,No,Credit card (automatic),85.03,3815.15,No
CUST-00951,Male,0,Yes,No,64,Yes,Yes,No,No internet service,No internet service,No internet service,No internet service,No internet service,No internet service,Two year,No,Credit card (automatic),18.25,1154.86,No
CUST-00952,Female,0,Yes,No,29,Yes,Yes,Fiber optic,Yes,No,Yes,Yes,Yes,Yes,Two year,No,Mailed check,100.73,2904.46,No
CUST-00953,Male,0,No,No,43,Yes,Yes,DSL,No,No,Yes,No,No,No,Month-to-month,Yes,Mailed check,54.18,2314.0,No
CUST-00954,Female,1,Yes,Yes,48,Yes,Yes,DSL,Yes,Yes,No,Yes,No,No,Month-to-month,No,Credit card (automatic),55.99,2701.99,No
CUST-00955,Female,0,Yes,No,71,Yes,Yes,No,No internet service,No internet service,No internet service,No internet service,No internet service,No internet service,Two year,Yes,Mailed check,18.91,1315.73,No
CUST-00956,Male,1,No,Yes,26,Yes,Yes,Fiber optic,Yes,No,No,No,Yes,No,Month-to-month,No,Electronic check,81.27,2092.93,Yes
CUST-00957,Female,1,No,No,63,Yes,No,Fiber optic,Yes,Yes,Yes,No,Yes,No,Month-to-month,Yes,Mailed check,88.22,5568.25,Yes
CUST-00958,Female,0,No,No,37,Yes,Yes,DSL,Yes,No,No,Yes,No,No,Month-to-month,Yes,Electronic check,54.8,1984.2,Yes
CUST-00959,Male,0,No,No,7,Yes,Yes,DSL,Yes,Yes,No,Yes,Yes,No,Two year,No,Credit card (automatic),64.64,423.03,No
CUST-00960,Male,0,No,Yes,47,Yes,No,DSL,No,No,No,Yes,No,No,Month-to-month,Yes,Electronic check,51.39,2414.29,No
CUST-00961,Male,0,No,No,71,Yes,No,No,No internet service,No internet service,No internet service,No internet service,No internet service,No internet service,Month-to-month,Yes,Electronic check,19.49,1391.95,No
CUST-00962,Female,0,No,No,33,Yes,No,No,No internet service,No internet service,No internet service,No internet service,No internet service,No internet service,Month-to-month,Yes,Bank transfer (automatic),18.0,587.28,No
CUST-00963,Male,0,No,Yes,40,Yes,No,DSL,Yes,No,No,No,No,No,Month-to-month,No,Mailed check,52.18,2095.91,Yes
CUST-00964,Female,0,No,No,67,Yes,Yes,Fiber optic,No,Yes,Yes,No,No,No,One year,Yes,Bank transfer (automatic),79.83,5331.4,No
CUST-00965,Female,0,No,Yes,67,Yes,Yes,No,No internet service,No internet service,No internet service,No internet service,No internet service,No internet service,One year,Yes,Bank transfer (automatic),18.35,1259.73,No
CUST-00966,Female,0,Yes,Yes,29,Yes,Yes,No,No internet service,No internet service,No internet service,No internet service,No internet service,No internet service,One year,Yes,Bank transfer (automatic),20.15,602.57,No
CUST-00967,Male,0,No,No,55,Yes,No,Fiber optic,Yes,No,Yes,Yes,Yes,Yes,Month-to-month,Yes,Mailed check,97.39,5340.16,No
CUST-00968,Female,0,No,Yes,46,Yes,Yes,DSL,No,Yes,Yes,No,No,No,Month-to-month,Yes,Mailed check,57.38,2635.71,No
CUST-00969,Male,1,Yes,Yes,47,Yes,No,No,No internet service,No internet service,No internet service,No internet service,No internet service,No internet service,Month-to-month,Yes,Electronic check,22.37,1012.1,No
CUST-00970,Male,0,Yes,No,52,Yes,Yes,DSL,Yes,Yes,No,Yes,Yes,Yes,Two year,Yes,Credit card (automatic),70.97,3709.03,No
CUST-00971,Male,0,No,No,23,Yes,Yes,DSL,No,Yes,Yes,Yes,Yes,Yes,Month-to-month,No,Electronic check,77.69,1761.28,No
CUST-00972,Male,0,Yes,Yes,22,Yes,No,DSL,No,No,No,Yes,No,Yes,Month-to-month,Yes,Mailed check,58.74,1281.51,No
CUST-00973,Male,0,Yes,Yes,1,Yes,Yes,Fiber optic,No,No,No,No,Yes,Yes,Month-to-month,No,Electronic check,82.13,76.27,Yes
CUST-00974,Male,0,Yes,No,62,Yes,No,DSL,Yes,Yes,No,Yes,No,No,Two year,Yes,Bank transfer (automatic),58.24,3583.35,No
CUST-00975,Male,0,Yes,No,20,Yes,No,Fiber optic,Yes,No,No,Yes,No,No,Two year,Yes,Mailed check,81.36,1610.54,No
CUST-00976,Male,0,No,No,49,Yes,Yes,No,No internet service,No internet service,No internet service,No internet service,No internet service,No internet service,Month-to-month,Yes,Bank transfer (automatic),18.0,889.45,Yes
CUST-00977,Female,1,Yes,No,50,Yes,Yes,Fiber optic,No,Yes,Yes,No,No,No,One year,No,Mailed check,87.81,4380.54,No
CUST-00978,Male,1,Yes,No,51,Yes,No,No,No internet service,No internet service,No internet service,No internet service,No internet service,No internet service,Month-to-month,Yes,Credit card (automatic),23.44,1212.88,No
CUST-00979,Female,0,No,No,63,Yes,No,No,No internet service,No internet service,No internet service,No internet service,No internet service,No internet service,Two year,Yes,Credit card (automatic),21.11,1344.76,No
CUST-00980,Female,0,Yes,No,63,Yes,Yes,No,No internet service,No internet service,No internet service,No internet service,No internet service,No internet service,Two year,Yes,Bank transfer (automatic),18.0,1117.02,No
CUST-00981,Female,0,Yes,Yes,0,Yes,No,Fiber optic,No,Yes,Yes,No,No,No,One year,Yes,Credit card (automatic),90.26,0.0,No
CUST-00982,Female,0,No,Yes,61,Yes,No,No,No internet service,No internet service,No internet service,No internet service,No internet service,No internet service,Two year,Yes,Mailed check,20.85,1262.79,No
CUST-00983,Female,0,No,Yes,15,Yes,Yes,Fiber optic,Yes,Yes,No,No,Yes,No,Month-to-month,Yes,Electronic check,90.55,1350.17,Yes
CUST-00984,Female,0,No,No,47,Yes,No,DSL,Yes,No,No,No,No,No,Month-to-month,No,Mailed check,50.46,2401.12,Yes
CUST-00985,Female,0,No,No,49,Yes,No,No,No internet service,No internet service,No internet service,No internet service,No internet service,No internet service,One year,Yes,Electronic check,21.66,1065.17,No
CUST-00986,Female,0,No,No,3,Yes,No,Fiber optic,No,No,Yes,No,Yes,No,One year,Yes,Electronic check,81.97,212.72,Yes
CUST-00987,Male,0,Yes,Yes,20,Yes,No,No,No internet service,No internet service,No internet service,No internet service,No internet service,No internet service,Month-to-month,No,Credit card (automatic),19.92,385.3,No
CUST-00988,Male,0,No,No,66,Yes,Yes,Fiber optic,No,No,No,Yes,No,Yes,Month-to-month,No,Mailed check,77.4,5099.16,Yes
CUST-00989,Female,0,No,No,10,Yes,Yes,DSL,No,Yes,No,No,No,Yes,Month-to-month,No,Bank transfer (automatic),60.71,615.57,Yes
CUST-00990,Male,0,Yes,Yes,16,Yes,Yes,Fiber optic,Yes,No,No,Yes,Yes,No,Month-to-month,Yes,Mailed check,81.45,1339.24,No
CUST-00991,Female,0,No,No,5,Yes,Yes,Fiber optic,No,Yes,No,Yes,Yes,No,Two year,Yes,Bank transfer (automatic),80.18,416.65,No
CUST-00992,Male,1,Yes,No,12,Yes,Yes,Fiber optic,Yes,Yes,No,No,Yes,Yes,Month-to-month,Yes,Mailed check,88.61,1061.28,Yes
CUST-00993,Male,0,No,No,46,Yes,Yes,No,No internet service,No internet service,No internet service,No internet service,No internet service,No internet service,Two year,No,Bank transfer (automatic),18.63,839.97,No
CUST-00994,Female,0,No,No,61,Yes,No,Fiber optic,No,Yes,No,No,Yes,Yes,Month-to-month,No,Bank transfer (automatic),83.15,5100.57,Yes
CUST-00995,Female,0,No,No,43,Yes,No,DSL,No,No,No,No,Yes,Yes,One year,Yes,Electronic check,58.85,2524.61,Yes
CUST-00996,Female,0,Yes,Yes,20,Yes,Yes,Fiber optic,No,No,Yes,Yes,Yes,No,Two year,Yes,Bank transfer (automatic),81.51,1601.79,No
CUST-00997,Male,0,No,No,62,Yes,No,DSL,No,No,No,No,No,No,One year,Yes,Mailed check,45.36,2819.47,No
CUST-00998,Female,0,No,Yes,26,Yes,Yes,Fiber optic,Yes,Yes,No,Yes,Yes,No,Two year,No,Bank transfer (automatic),88.17,2267.71,No
CUST-00999,Female,1,Yes,No,22,Yes,No,DSL,No,No,No,Yes,No,No,Month-to-month,Yes,Mailed check,54.0,1201.19,No
CUST-01000,Female,0,Yes,No,36,Yes,Yes,DSL,Yes,No,Yes,Yes,No,No,Month-to-month,No,Mailed check,61.3,2198.92,No
CUST-01001,Female,0,No,No,9,Yes,No,No,No internet service,No internet service,No internet service,No internet service,No internet service,No internet service,One year,No,Mailed check,22.15,193.24,No
CUST-01002,Female,0,Yes,No,26,Yes,Yes,DSL,Yes,No,No,No,Yes,No,One year,Yes,Electronic check,55.55,1389.39,No
CUST-01003,Female,0,No,Yes,58,Yes,No,Fiber optic,No,No,No,No,No,No,Two year,No,Credit card (automatic),70.77,4126.21,No
CUST-01004,Male,0,No,Yes,44,Yes,No,Fiber optic,Yes,No,No,Yes,Yes,Yes,One year,Yes,Bank transfer (automatic),97.74,4276.98,No
CUST-01005,Female,0,Yes,No,72,Yes,Yes,DSL,Yes,Yes,No,No,Yes,No,Month-to-month,No,Electronic check,61.95,4445.95,Yes
CUST-01006,Female,0,No,Yes,56,Yes,No,No,No internet service,No internet service,No internet service,No internet service,No internet service,No internet service,Month-to-month,Yes,Electronic check,21.99,1235.26,No
CUST-01007,Female,0,Yes,No,26,Yes,No,DSL,No,No,No,Yes,No,No,Two year,Yes,Electronic check,50.26,1303.84,No
CUST-01008,Female,0,No,Yes,55,No,No phone service,Fiber optic,Yes,Yes,No,Yes,Yes,Yes,One year,Yes,Mailed check,98.34,5454.62,No
CUST-01009,Female,0,No,No,63,Yes,Yes,No,No internet service,No internet service,No internet service,No internet service,No internet service,No internet service,One year,Yes,Credit card (automatic),21.5,1320.0,No
CUST-01010,Male,1,Yes,No,46,No,No phone service,Fiber optic,No,No,No,Yes,No,Yes,One year,No,Bank transfer (automatic),80.11,3677.4,No
CUST-01011,Female,0,No,No,55,Yes,Yes,DSL,No,No,Yes,Yes,Yes,Yes,Two year,No,Credit card (automatic),68.65,3791.47,No
CUST-01012,Male,1,No,No,36,Yes,Yes,No,No internet service,No internet service,No internet service,No internet service,No internet service,No internet service,Two year,No,Mailed check,22.54,802.58,No
CUST-01013,Male,1,No,No,66,Yes,Yes,No,No internet service,No internet service,No internet service,No internet service,No internet service,No internet service,Month-to-month,Yes,Mailed check,20.47,1350.95,No
CUST-01014,Female,1,Yes,Yes,17,Yes,Yes,Fiber optic,Yes,No,Yes,No,No,Yes,Two year,Yes,Mailed check,89.45,1572.35,No
CUST-01015,Female,0,No,No,30,Yes,Yes,Fiber optic,No,Yes,No,Yes,Yes,No,Month-to-month,Yes,Mailed check,83.37,2502.42,No
CUST-01016,Male,0,No,No,18,Yes,No,Fiber optic,No,Yes,No,Yes,Yes,Yes,Month-to-month,Yes,Credit card (automatic),92.3,1689.41,Yes
CUST-01017,Male,0,Yes,Yes,7,Yes,No,Fiber optic,Yes,Yes,Yes,No,No,Yes,Two year,Yes,Bank transfer (automatic),91.68,654.75,No
CUST-01018,Male,0,No,No,44,Yes,No,Fiber optic,Yes,Yes,Yes,No,Yes,Yes,Month-to-month,Yes,Credit card (automatic),103.66,4575.79,Yes
CUST-01019,Male,0,Yes,No,8,Yes,Yes,DSL,Yes,No,No,No,Yes,No,Month-to-month,Yes,Electronic check,57.95,459.63,No
CUST-01020,Male,0,No,No,16,Yes,No,Fiber optic,No,No,Yes,No,Yes,No,One year,No,Credit card (automatic),85.25,1331.42,No
CUST-01021,Male,1,Yes,No,55,Yes,No,DSL,No,No,Yes,Yes,No,No,Two year,Yes,Credit card (automatic),51.17,2836.1,No
CUST-01022,Female,0,No,No,17,Yes,Yes,DSL,Yes,No,Yes,No,Yes,Yes,Month-to-month,No,Bank transfer (automatic),69.34,1189.92,Yes
CUST-01023,Female,0,Yes,Yes,63,Yes,Yes,Fiber optic,Yes,Yes,No,Yes,Yes,No,One year,Yes,Mailed check,92.9,5863.41,No
CUST-01024,Female,0,Yes,Yes,3,Yes,No,DSL,Yes,Yes,Yes,No,No,No,Month-to-month,Yes,Bank transfer (automatic),60.84,179.52,Yes
CUST-01025,Male,0,No,Yes,33,No,No phone service,Fiber optic,No,Yes,No,No,No,No,Month-to-month,No,Electronic check,78.69,2583.81,Yes
CUST-01026,Male,0,No,No,4,Yes,No,Fiber optic,Yes,Yes,Yes,Yes,No,No,One year,No,Electronic check,81.9,354.05,No
CUST-01027,Male,0,No,Yes,4,Yes,No,DSL,No,Yes,No,No,Yes,Yes,One year,No,Bank transfer (automatic),64.6,264.93,No
CUST-01028,Female,0,No,No,57,Yes,No,DSL,Yes,No,No,No,Yes,Yes,Two year,Yes,Credit card (automatic),68.44,3864.5,No
CUST-01029,Male,0,Yes,No,4,Yes,No,DSL,No,No,Yes,No,No,Yes,One year,Yes,Bank transfer (automatic),56.32,224.21,No
CUST-01030,Male,0,No,No,65,Yes,Yes,Fiber optic,No,Yes,Yes,Yes,Yes,No,Two year,No,Electronic check,90.29,5862.77,Yes
CUST-01031,Male,0,Yes,Yes,43,Yes,Yes,DSL,No,No,Yes,No,No,Yes,Two year,Yes,Credit card (automatic),53.25,2237.22,No
CUST-01032,Female,0,Yes,Yes,35,Yes,No,Fiber optic,Yes,Yes,Yes,No,Yes,Yes,Month-to-month,No,Mailed check,93.64,3262.44,No
CUST-01033,Male,0,No,No,67,No,No phone service,Fiber optic,Yes,No,Yes,No,Yes,Yes,One year,Yes,Bank transfer (automatic),88.44,5977.4,No
CUST-01034,Male,0,No,No,28,Yes,No,Fiber optic,No,No,No,Yes,No,Yes,One year,No,Credit card (automatic),82.79,2270.92,No
CUST-01035,Female,0,Yes,No,29,Yes,Yes,DSL,No,No,No,Yes,Yes,Yes,Month-to-month,Yes,Electronic check,66.12,1894.4,No
CUST-01036,Female,0,Yes,No,29,Yes,No,DSL,Yes,No,No,Yes,Yes,Yes,One year,Yes,Electronic check,68.91,1949.73,No
CUST-01037,Male,0,No,No,47,Yes,No,DSL,No,No,No,Yes,No,No,One year,No,Bank transfer (automatic),52.05,2414.69,No
CUST-01038,Male,0,Yes,Yes,61,Yes,No,DSL,No,Yes,No,Yes,No,Yes,Month-to-month,Yes,Mailed check,61.2,3696.43,No
CUST-01039,Female,0,Yes,No,39,Yes,Yes,No,No internet service,No internet service,No internet service,No internet service,No internet service,No internet service,Month-to-month,Yes,Electronic check,21.06,797.65,No
CUST-01040,Female,1,Yes,Yes,20,Yes,No,DSL,No,Yes,No,Yes,Yes,Yes,Month-to-month,Yes,Electronic check,61.54,1265.12,No
CUST-01041,Female,0,Yes,No,64,Yes,Yes,DSL,Yes,No,Yes,Yes,No,No,Month-to-month,Yes,Electronic check,57.67,3709.0,No
CUST-01042,Male,1,Yes,Yes,43,Yes,Yes,No,No internet service,No internet service,No internet service,No internet service,No internet service,No internet service,Two year,Yes,Mailed check,24.18,1034.56,No
CUST-01043,Male,0,No,Yes,60,Yes,No,No,No internet service,No internet service,No internet service,No internet service,No internet service,No internet service,Month-to-month,No,Mailed check,18.0,1113.48,No
CUST-01044,Female,0,Yes,Yes,31,No,No phone service,Fiber optic,Yes,Yes,Yes,Yes,Yes,No,One year,Yes,Credit card (automatic),100.87,3117.45,Yes
CUST-01045,Male,0,No,No,14,Yes,No,Fiber optic,No,No,No,Yes,Yes,Yes,One year,Yes,Electronic check,89.37,1232.07,No
CUST-01046,Male,0,No,No,68,Yes,Yes,DSL,No,Yes,Yes,Yes,Yes,No,Month-to-month,No,Mailed check,64.39,4369.86,Yes
CUST-01047,Female,1,No,Yes,49,Yes,Yes,No,No internet service,No internet service,No internet service,No internet service,No internet service,No internet service,Month-to-month,Yes,Mailed check,20.92,993.41,No
CUST-01048,Female,0,No,No,22,Yes,Yes,Fiber optic,No,No,No,Yes,No,No,Month-to-month,Yes,Electronic check,73.37,1576.42,Yes
CUST-01049,Male,1,No,Yes,61,Yes,No,Fiber optic,No,No,Yes,Yes,No,Yes,Month-to-month,No,Credit card (automatic),88.36,5403.16,No
CUST-01050,Female,1,No,Yes,0,Yes,No,DSL,Yes,Yes,Yes,Yes,No,No,Month-to-month,No,Credit card (automatic),57.94,6.63,No
CUST-01051,Male,0,No,No,67,Yes,Yes,Fiber optic,Yes,Yes,No,Yes,No,Yes,Month-to-month,Yes,Electronic check,98.75,6590.5,No
CUST-01052,Female,0,No,Yes,42,Yes,Yes,Fiber optic,Yes,Yes,No,Yes,No,No,Two year,Yes,Bank transfer (automatic),87.15,3669.65,No
CUST-01053,Female,0,No,No,43,Yes,No,DSL,No,No,No,Yes,No,No,One year,No,Mailed check,48.43,2092.64,No
CUST-01054,Male,0,No,No,0,Yes,Yes,Fiber optic,Yes,No,Yes,No,Yes,Yes,Month-to-month,No,Electronic check,86.06,0.0,Yes
CUST-01055,Female,0,Yes,Yes,12,Yes,Yes,DSL,No,No,No,Yes,Yes,Yes,Month-to-month,No,Electronic check,70.63,828.5,Yes
CUST-01056,Male,0,No,No,52,Yes,No,Fiber optic,No,No,No,No,No,No,Two year,Yes,Mailed check,66.51,3474.35,No
CUST-01057,Female,1,No,No,40,No,No phone service,DSL,No,No,Yes,Yes,No,No,Month-to-month,No,Bank transfer (automatic),50.06,2011.36,No
CUST-01058,Male,0,Yes,No,9,Yes,Yes,No,No internet service,No internet service,No internet service,No internet service,No internet service,No internet service,One year,No,Mailed check,18.09,197.61,No
CUST-01059,Male,0,No,No,48,Yes,No,Fiber optic,No,Yes,Yes,No,Yes,Yes,Month-to-month,Yes,Mailed check,96.77,4653.68,Yes
CUST-01060,Female,0,Yes,Yes,54,Yes,Yes,Fiber optic,Yes,Yes,No,Yes,Yes,No,Two year,No,Bank transfer (automatic),97.16,5211.18,No
CUST-01061,Female,0,Yes,Yes,19,Yes,No,Fiber optic,No,No,Yes,Yes,Yes,Yes,Month-to-month,Yes,Electronic check,96.05,1794.3,No
CUST-01062,Male,1,No,No,50,Yes,No,Fiber optic,Yes,No,No,Yes,Yes,Yes,Month-to-month,Yes,Electronic check,86.9,4340.65,No
CUST-01063,Female,0,Yes,No,71,Yes,No,DSL,No,Yes,Yes,Yes,Yes,No,One year,No,Credit card (automatic),71.98,5126.76,No
CUST-01064,Female,1,Yes,No,35,Yes,Yes,Fiber optic,Yes,No,No,Yes,No,Yes,Month-to-month,Yes,Electronic check,91.01,3191.77,Yes
CUST-01065,Male,0,Yes,No,16,Yes,No,DSL,No,No,No,No,Yes,Yes,One year,No,Bank transfer (automatic),56.08,884.94,No
CUST-01066,Female,1,No,No,70,Yes,Yes,Fiber optic,No,No,Yes,Yes,No,No,Month-to-month,No,Electronic check,84.01,5847.05,Yes
CUST-01067,Female,0,Yes,Yes,66,No,No phone service,No,No internet service,No internet service,No internet service,No internet service,No internet service,No internet service,Month-to-month,No,Credit card (automatic),18.0,1217.38,No
CUST-01068,Male,0,No,No,33,Yes,Yes,DSL,Yes,Yes,Yes,Yes,Yes,Yes,Month-to-month,Yes,Bank transfer (automatic),72.7,2427.52,No
CUST-01069,Male,0,No,No,31,Yes,No,No,No internet service,No internet service,No internet service,No internet service,No internet service,No internet service,One year,No,Credit card (automatic),19.6,579.45,No
CUST-01070,Female,0,No,No,60,No,No phone service,No,No internet service,No internet service,No internet service,No internet service,No internet service,No internet service,Two year,No,Credit card (automatic),23.4,1417.29,No
CUST-01071,Male,0,No,Yes,0,Yes,Yes,Fiber optic,No,Yes,No,No,Yes,No,Month-to-month,Yes,Mailed check,79.99,5.1,Yes
CUST-01072,Female,0,No,No,22,Yes,Yes,DSL,Yes,No,No,No,Yes,Yes,Two year,No,Mailed check,59.83,1329.94,No
CUST-01073,Female,0,Yes,No,39,Yes,No,Fiber optic,Yes,No,Yes,Yes,No,Yes,Two year,Yes,Credit card (automatic),90.38,3555.18,No
CUST-01074,Male,0,No,No,47,Yes,No,No,No internet service,No internet service,No internet service,No internet service,No internet service,No internet service,Month-to-month,No,Bank transfer (automatic),18.0,874.5,No
CUST-01075,Male,0,No,No,45,Yes,Yes,Fiber optic,No,No,No,Yes,Yes,Yes,Month-to-month,No,Bank transfer (automatic),82.28,3712.73,No
CUST-01076,Female,0,Yes,No,27,Yes,Yes,DSL,Yes,No,Yes,No,No,Yes,Month-to-month,No,Mailed check,58.12,1564.36,No
CUST-01077,Male,0,Yes,No,63,Yes,No,DSL,Yes,Yes,No,No,No,No,Month-to-month,Yes,Mailed check,56.12,3529.57,Yes
CUST-01078,Male,0,No,No,47,Yes,Yes,Fiber optic,Yes,Yes,No,No,No,Yes,One year,No,Mailed check,89.84,4218.1,No
CUST-01079,Female,0,Yes,Yes,39,Yes,No,DSL,No,No,No,Yes,No,No,Month-to-month,Yes,Credit card (automatic),50.58,2027.22,Yes
CUST-01080,Female,0,No,No,68,Yes,Yes,DSL,No,No,Yes,Yes,Yes,Yes,Month-to-month,No,Mailed check,72.57,4935.66,No
CUST-01081,Female,0,Yes,Yes,6,Yes,No,Fiber optic,No,No,No,Yes,No,No,One year,No,Mailed check,74.63,463.38,No
CUST-01082,Female,0,No,No,51,Yes,No,Fiber optic,Yes,No,Yes,Yes,No,Yes,Month-to-month,No,Bank transfer (automatic),89.27,4561.09,Yes
CUST-01083,Female,0,Yes,No,67,Yes,No,DSL,Yes,Yes,Yes,Yes,Yes,Yes,Two year,No,Mailed check,74.99,5004.54,No
CUST-01084,Male,1,No,No,48,Yes,Yes,No,No internet service,No internet service,No internet service,No internet service,No internet service,No internet service,One year,No,Electronic check,19.68,954.2,No
CUST-01085,Female,0,Yes,No,41,Yes,No,DSL,Yes,No,No,Yes,Yes,No,Month-to-month,Yes,Mailed check,59.87,2441.42,No
CUST-01086,Female,0,Yes,No,26,Yes,No,DSL,No,Yes,No,Yes,Yes,Yes,Month-to-month,No,Bank transfer (automatic),65.65,1687.97,No
CUST-01087,Female,0,Yes,No,19,Yes,No,DSL,No,Yes,No,No,Yes,No,Month-to-month,Yes,Credit card (automatic),58.33,1120.15,No
CUST-01088,Female,0,No,No,39,Yes,No,DSL,Yes,No,Yes,No,Yes,Yes,Two year,No,Mailed check,64.54,2491.77,No
CUST-01089,Male,0,No,No,65,Yes,No,Fiber optic,Yes,No,No,No,Yes,Yes,Month-to-month,No,Credit card (automatic),79.35,5175.3,No
CUST-01090,Female,0,No,Yes,33,Yes,Yes,DSL,No,No,Yes,No,No,Yes,Two year,No,Credit card (automatic),51.07,1696.71,No
CUST-01091,Male,0,Yes,No,8,Yes,Yes,No,No internet service,No internet service,No internet service,No internet service,No internet service,No internet service,Two year,Yes,Electronic check,18.0,169.3,No
CUST-01092,Female,0,No,No,35,Yes,Yes,No,No internet service,No internet service,No internet service,No internet service,No internet service,No internet service,Month-to-month,Yes,Electronic check,21.75,770.85,No
CUST-01093,Male,0,Yes,Yes,7,Yes,No,DSL,Yes,No,Yes,Yes,Yes,No,One year,Yes,Bank transfer (automatic),63.25,423.64,No
CUST-01094,Male,0,Yes,No,68,Yes,Yes,Fiber optic,Yes,Yes,Yes,No,No,No,One year,No,Mailed check,89.26,6091.96,No
CUST-01095,Male,1,No,No,39,Yes,No,Fiber optic,No,Yes,No,No,No,Yes,Month-to-month,Yes,Electronic check,83.95,3297.37,Yes
CUST-01096,Female,1,No,No,15,Yes,No,No,No internet service,No internet service,No internet service,No internet service,No internet service,No internet service,Two year,Yes,Credit card (automatic),21.91,346.52,No
CUST-01097,Female,1,No,No,45,Yes,No,DSL,Yes,No,Yes,No,No,Yes,Month-to-month,Yes,Credit card (automatic),57.94,2621.96,Yes
CUST-01098,Male,1,Yes,No,39,Yes,No,Fiber optic,No,Yes,No,Yes,Yes,No,Two year,No,Electronic check,85.13,3290.51,Yes
CUST-01099,Male,0,Yes,No,37,Yes,Yes,DSL,Yes,No,No,No,Yes,Yes,One year,Yes,Electronic check,59.72,2226.76,No
CUST-01100,Male,0,No,No,43,No,No phone service,DSL,No,No,Yes,Yes,No,Yes,Month-to-month,Yes,Credit card (automatic),67.42,2874.08,No
CUST-01101,Male,0,Yes,Yes,67,Yes,Yes,No,No internet service,No internet service,No internet service,No internet service,No internet service,No internet service,Month-to-month,No,Electronic check,18.21,1207.64,No
CUST-01102,Female,0,Yes,No,62,Yes,No,DSL,Yes,No,Yes,No,No,Yes,Month-to-month,No,Electronic check,65.56,4048.09,No
CUST-01103,Male,0,No,Yes,19,Yes,No,Fiber optic,Yes,Yes,Yes,No,No,No,Month-to-month,Yes,Bank transfer (automatic),92.81,1732.02,No
CUST-01104,Male,1,No,Yes,17,No,No phone service,DSL,No,Yes,Yes,Yes,No,Yes,One year,No,Electronic check,62.22,1061.29,No
CUST-01105,Male,0,Yes,No,72,Yes,No,No,No internet service,No internet service,No internet service,No internet service,No internet service,No internet service,Month-to-month,Yes,Bank transfer (automatic),20.68,1488.34,No
CUST-01106,Male,0,Yes,Yes,47,Yes,No,Fiber optic,Yes,Yes,Yes,Yes,Yes,No,Two year,Yes,Mailed check,92.54,4375.94,No
CUST-01107,Female,0,No,No,1,Yes,Yes,DSL,No,No,Yes,No,No,Yes,Month-to-month,Yes,Mailed check,51.83,75.94,Yes
CUST-01108,Female,0,Yes,No,38,Yes,Yes,Fiber optic,Yes,No,No,No,No,No,Month-to-month,No,Credit card (automatic),75.74,2881.66,No
CUST-01109,Male,0,Yes,Yes,8,Yes,No,DSL,No,Yes,Yes,No,No,Yes,Month-to-month,No,Bank transfer (automatic),68.73,565.6,Yes
CUST-01110,Female,0,Yes,No,2,Yes,No,DSL,Yes,Yes,Yes,No,Yes,Yes,Month-to-month,No,Mailed check,79.02,155.96,Yes
CUST-01111,Male,0,No,No,13,Yes,Yes,Fiber optic,Yes,Yes,No,Yes,No,Yes,One year,No,Credit card (automatic),88.12,1143.35,No
CUST-01112,Male,0,No,No,18,No,No phone service,No,No internet service,No internet service,No internet service,No internet service,No internet service,No internet service,Month-to-month,Yes,Electronic check,18.0,326.51,Yes
CUST-01113,Male,1,Yes,No,5,Yes,No,Fiber optic,Yes,Yes,Yes,Yes,Yes,No,One year,Yes,Electronic check,94.43,469.14,No
CUST-01114,Male,0,Yes,No,60,No,No phone service,DSL,Yes,No,No,Yes,No,Yes,One year,No,Mailed check,65.71,3946.84,No
CUST-01115,Male,0,No,Yes,31,Yes,No,DSL,Yes,No,Yes,Yes,Yes,Yes,Month-to-month,Yes,Mailed check,72.14,2249.61,No
CUST-01116,Female,0,No,Yes,40,Yes,Yes,No,No internet service,No internet service,No internet service,No internet service,No internet service,No internet service,Month-to-month,No,Credit card (automatic),23.74,925.21,No
CUST-01117,Female,0,No,No,63,Yes,No,DSL,No,Yes,No,No,Yes,Yes,Month-to-month,No,Mailed check,57.4,3608.04,No
CUST-01118,Female,0,Yes,Yes,61,Yes,No,Fiber optic,Yes,Yes,Yes,No,Yes,Yes,Month-to-month,Yes,Mailed check,102.26,6253.38,No
CUST-01119,Male,1,No,No,59,Yes,No,Fiber optic,Yes,No,No,No,Yes,Yes,One year,Yes,Bank transfer (automatic),84.44,4970.87,Yes
CUST-01120,Male,0,No,No,14,Yes,No,No,No internet service,No internet service,No internet service,No internet service,No internet service,No internet service,Month-to-month,Yes,Mailed check,18.0,241.34,No
CUST-01121,Male,0,No,No,54,No,No phone service,Fiber optic,No,No,Yes,No,No,Yes,Month-to-month,Yes,Bank transfer (automatic),78.27,4246.89,Yes
CUST-01122,Male,0,Yes,No,72,Yes,No,No,No internet service,No internet service,No internet service,No internet service,No internet service,No internet service,Month-to-month,Yes,Mailed check,20.96,1494.32,No
CUST-01123,Male,0,No,No,0,Yes,Yes,Fiber optic,No,Yes,No,No,No,No,Month-to-month,Yes,Mailed check,75.82,8.67,Yes
CUST-01124,Female,0,Yes,Yes,63,Yes,No,Fiber optic,Yes,Yes,No,No,No,No,Two year,Yes,Credit card (automatic),81.4,5131.2,No
CUST-01125,Female,0,Yes,No,63,Yes,No,DSL,Yes,Yes,Yes,Yes,No,No,Two year,Yes,Bank transfer (automatic),69.21,4377.98,No
CUST-01126,Female,1,Yes,No,61,Yes,No,Fiber optic,Yes,Yes,Yes,No,No,Yes,One year,No,Electronic check,86.84,5295.92,No
CUST-01127,Female,0,No,No,28,No,No phone service,DSL,Yes,Yes,No,No,Yes,No,Month-to-month,No,Electronic check,64.17,1780.95,No
CUST-01128,Female,0,Yes,No,14,Yes,Yes,DSL,Yes,Yes,No,No,Yes,No,Month-to-month,Yes,Mailed check,65.77,907.74,Yes
CUST-01129,Female,0,No,No,53,Yes,Yes,Fiber optic,No,Yes,Yes,Yes,No,Yes,Month-to-month,No,Mailed check,92.16,4917.6,Yes
CUST-01130,Male,0,No,Yes,45,Yes,Yes,DSL,Yes,Yes,Yes,No,Yes,No,Two year,No,Bank transfer (automatic),71.69,3215.38,No
CUST-01131,Female,1,No,No,53,Yes,Yes,No,No internet service,No internet service,No internet service,No internet service,No internet service,No internet service,Month-to-month,No,Bank transfer (automatic),18.0,942.02,No
CUST-01132,Female,0,Yes,No,18,Yes,No,No,No internet service,No internet service,No internet service,No internet service,No internet service,No internet service,Month-to-month,No,Credit card (automatic),18.0,314.77,Yes
CUST-01133,Female,0,No,Yes,12,Yes,No,Fiber optic,Yes,No,Yes,Yes,Yes,Yes,One year,No,Mailed check,97.41,1163.51,Yes
CUST-01134,Female,0,Yes,No,65,Yes,Yes,Fiber optic,Yes,No,No,Yes,Yes,No,One year,Yes,Bank transfer (automatic),86.68,5626.04,No
CUST-01135,Male,0,Yes,Yes,37,Yes,No,DSL,No,No,No,No,No,Yes,Month-to-month,No,Credit card (automatic),44.17,1645.58,No
CUST-01136,Female,0,Yes,Yes,62,Yes,No,DSL,Yes,No,Yes,No,No,Yes,Month-to-month,No,Electronic check,57.0,3536.03,Yes
CUST-01137,Male,0,Yes,Yes,67,No,No phone service,DSL,Yes,Yes,Yes,Yes,Yes,No,Two year,Yes,Credit card (automatic),76.96,5144.52,No
CUST-01138,Female,0,No,No,33,Yes,No,Fiber optic,Yes,No,Yes,No,Yes,Yes,Month-to-month,No,Credit card (automatic),86.83,2879.84,No
CUST-01139,Female,0,Yes,Yes,19,Yes,No,No,No internet service,No internet service,No internet service,No internet service,No internet service,No internet service,Two year,Yes,Mailed check,19.63,378.6,No
CUST-01140,Female,0,Yes,Yes,65,Yes,No,DSL,No,No,Yes,No,Yes,Yes,Month-to-month,No,Credit card (automatic),63.82,4174.84,No
CUST-01141,Male,0,No,No,52,Yes,No,DSL,No,No,No,Yes,Yes,Yes,Two year,No,Electronic check,62.94,3279.21,No
CUST-01142,Female,0,Yes,No,48,Yes,No,DSL,No,No,No,Yes,Yes,No,Two year,No,Electronic check,59.89,2872.16,No
CUST-01143,Female,0,Yes,Yes,69,Yes,No,Fiber optic,No,No,Yes,Yes,Yes,Yes,Month-to-month,Yes,Electronic check,94.44,6512.29,No
CUST-01144,Male,0,Yes,Yes,17,Yes,Yes,DSL,No,No,Yes,Yes,No,No,Two year,Yes,Electronic check,53.07,905.09,No
CUST-01145,Male,0,Yes,No,26,Yes,No,Fiber optic,Yes,No,Yes,No,Yes,No,Month-to-month,No,Mailed check,87.5,2282.34,No
CUST-01146,Female,0,No,No,2,Yes,Yes,DSL,Yes,No,No,No,Yes,No,Month-to-month,Yes,Mailed check,54.61,109.18,Yes
CUST-01147,Female,0,Yes,No,28,Yes,Yes,DSL,No,No,Yes,Yes,No,Yes,Month-to-month,No,Credit card (automatic),64.26,1790.47,No
CUST-01148,Female,0,Yes,Yes,32,Yes,No,Fiber optic,No,Yes,Yes,Yes,No,Yes,One year,Yes,Bank transfer (automatic),89.48,2875.89,No
CUST-01149,Female,1,No,No,33,Yes,No,No,No internet service,No internet service,No internet service,No internet service,No internet service,No internet service,Month-to-month,No,Electronic check,21.29,711.23,No
CUST-01150,Male,0,Yes,No,11,Yes,No,DSL,Yes,No,Yes,Yes,Yes,No,Month-to-month,Yes,Mailed check,61.88,681.05,No
CUST-01151,Female,0,No,Yes,59,Yes,Yes,DSL,Yes,No,No,Yes,Yes,Yes,Two year,No,Mailed check,72.27,4277.3,No
CUST-01152,Male,0,No,Yes,35,Yes,No,DSL,Yes,No,Yes,No,Yes,Yes,Two year,No,Electronic check,67.64,2365.87,No
CUST-01153,Female,0,Yes,No,32,Yes,Yes,No,No internet service,No internet service,No internet service,No internet service,No internet service,No internet service,Month-to-month,Yes,Bank transfer (automatic),23.12,740.08,No
CUST-01154,Male,0,Yes,No,63,Yes,No,Fiber optic,No,No,Yes,Yes,Yes,Yes,Month-to-month,Yes,Electronic check,96.67,6102.84,Yes
CUST-01155,Female,0,Yes,Yes,35,Yes,Yes,Fiber optic,Yes,Yes,Yes,Yes,Yes,No,Month-to-month,No,Bank transfer (automatic),100.81,3544.37,No
CUST-01156,Male,0,Yes,No,65,Yes,No,Fiber optic,No,Yes,No,No,No,Yes,Month-to-month,Yes,Bank transfer (automatic),77.92,5077.87,No
CUST-01157,Female,0,No,No,16,Yes,Yes,No,No internet service,No internet service,No internet service,No internet service,No internet service,No internet service,Two year,Yes,Bank transfer (automatic),19.39,294.95,No
CUST-01158,Male,1,No,No,62,Yes,Yes,DSL,Yes,Yes,No,No,Yes,Yes,Two year,Yes,Electronic check,66.22,4113.16,No
CUST-01159,Male,0,Yes,Yes,72,Yes,No,DSL,No,No,No,Yes,No,No,Month-to-month,Yes,Bank transfer (automatic),52.69,3794.55,No
CUST-01160,Female,0,Yes,No,54,Yes,No,Fiber optic,Yes,Yes,No,Yes,Yes,Yes,Month-to-month,No,Mailed check,102.04,5518.0,No
CUST-01161,Male,1,Yes,No,65,Yes,Yes,Fiber optic,Yes,No,Yes,Yes,No,Yes,Month-to-month,Yes,Credit card (automatic),96.19,6288.82,Yes
CUST-01162,Female,1,No,No,54,No,No phone service,DSL,No,Yes,No,No,No,No,Month-to-month,Yes,Mailed check,53.22,2869.67,Yes
CUST-01163,Female,0,No,No,43,Yes,No,No,No internet service,No internet service,No internet service,No internet service,No internet service,No internet service,Month-to-month,Yes,Mailed check,21.47,923.65,No
CUST-01164,Female,0,Yes,No,55,Yes,No,Fiber optic,No,No,Yes,Yes,Yes,No,Month-to-month,Yes,Mailed check,90.66,4975.05,Yes
CUST-01165,Male,0,No,No,70,Yes,Yes,No,No internet service,No internet service,No internet service,No internet service,No internet service,No internet service,Month-to-month,No,Electronic check,20.06,1400.36,No
CUST-01166,Male,0,Yes,No,44,Yes,Yes,No,No internet service,No internet service,No internet service,No internet service,No internet service,No internet service,Month-to-month,No,Mailed check,23.44,1017.81,No
CUST-01167,Male,0,No,No,50,Yes,No,Fiber optic,No,Yes,No,Yes,Yes,No,Two year,Yes,Bank transfer (automatic),85.91,4274.04,Yes
CUST-01168,Female,0,No,No,5,Yes,Yes,No,No internet service,No internet service,No internet service,No internet service,No internet service,No internet service,One year,No,Credit card (automatic),18.0,50.89,No
CUST-01169,Female,0,No,No,70,Yes,Yes,Fiber optic,No,Yes,No,Yes,No,No,Month-to-month,Yes,Bank transfer (automatic),85.09,5942.39,No
CUST-01170,Female,0,Yes,No,56,Yes,No,Fiber optic,Yes,No,No,No,Yes,No,Month-to-month,No,Mailed check,81.66,4560.43,Yes
CUST-01171,Female,0,Yes,No,11,Yes,No,Fiber optic,No,No,Yes,No,Yes,Yes,Two year,Yes,Electronic check,82.08,901.7,Yes
CUST-01172,Male,0,No,Yes,21,Yes,Yes,No,No internet service,No internet service,No internet service,No internet service,No internet service,No internet service,Month-to-month,Yes,Credit card (automatic),20.34,416.35,No
CUST-01173,Male,0,Yes,Yes,16,Yes,Yes,Fiber optic,Yes,Yes,No,Yes,Yes,No,Two year,Yes,Credit card (automatic),99.86,1618.41,No
CUST-01174,Male,0,Yes,No,23,Yes,Yes,Fiber optic,No,No,No,No,Yes,Yes,Month-to-month,Yes,Mailed check,83.86,1933.32,No
CUST-01175,Male,1,No,No,64,Yes,No,DSL,Yes,Yes,No,Yes,No,Yes,Two year,Yes,Bank transfer (automatic),74.97,4812.92,No
CUST-01176,Male,0,No,No,33,Yes,No,No,No internet service,No internet service,No internet service,No internet service,No internet service,No internet service,Month-to-month,Yes,Credit card (automatic),21.42,726.52,No
CUST-01177,Male,0,No,No,30,No,No phone service,Fiber optic,No,Yes,Yes,No,No,No,Two year,Yes,Mailed check,82.17,2492.84,No
CUST-01178,Male,0,No,No,56,No,No phone service,Fiber optic,Yes,Yes,No,Yes,No,Yes,Month-to-month,No,Bank transfer (automatic),87.41,4914.42,No
CUST-01179,Male,0,No,Yes,27,Yes,No,Fiber optic,No,No,No,No,Yes,No,Two year,No,Credit card (automatic),74.69,1998.95,No
CUST-01180,Female,0,Yes,Yes,64,Yes,No,Fiber optic,No,Yes,Yes,No,No,Yes,One year,Yes,Bank transfer (automatic),91.52,5874.46,No
CUST-01181,Female,0,No,Yes,55,Yes,No,DSL,Yes,No,Yes,Yes,No,Yes,Month-to-month,Yes,Bank transfer (automatic),70.21,3867.96,No
CUST-01182,Female,0,No,Yes,18,Yes,No,Fiber optic,No,Yes,Yes,No,Yes,Yes,One year,No,Credit card (automatic),92.44,1690.85,No
CUST-01183,Male,0,No,No,46,No,No phone service,DSL,Yes,No,No,Yes,No,Yes,Month-to-month,No,Credit card (automatic),68.96,3172.68,No
CUST-01184,Male,0,Yes,No,35,Yes,Yes,DSL,No,Yes,No,Yes,Yes,Yes,Month-to-month,Yes,Credit card (automatic),66.19,2339.54,No
CUST-01185,Male,0,Yes,Yes,25,Yes,Yes,DSL,Yes,No,No,Yes,Yes,Yes,Month-to-month,Yes,Bank transfer (automatic),63.15,1580.75,No
CUST-01186,Male,0,No,No,66,Yes,Yes,Fiber optic,Yes,Yes,No,Yes,Yes,No,One year,Yes,Electronic check,92.79,6126.93,No
CUST-01187,Female,1,Yes,No,29,Yes,Yes,DSL,Yes,No,No,Yes,No,Yes,Two year,Yes,Bank transfer (automatic),62.15,1815.67,No
CUST-01188,Female,0,Yes,No,8,Yes,Yes,Fiber optic,No,Yes,Yes,Yes,Yes,Yes,Month-to-month,No,Mailed check,91.38,724.75,Yes
CUST-01189,Male,0,No,No,29,Yes,Yes,No,No internet service,No internet service,No internet service,No internet service,No internet service,No internet service,One year,No,Electronic check,18.0,533.05,No
CUST-01190,Male,0,No,Yes,37,Yes,No,Fiber optic,Yes,No,Yes,Yes,Yes,No,Two year,No,Credit card (automatic),85.61,3137.2,No
CUST-01191,Male,0,Yes,No,9,Yes,Yes,No,No internet service,No internet service,No internet service,No internet service,No internet service,No internet service,One year,Yes,Mailed check,18.0,171.67,No
CUST-01192,Male,0,Yes,Yes,54,Yes,No,Fiber optic,No,No,Yes,Yes,Yes,Yes,Month-to-month,No,Bank transfer (automatic),96.69,5195.82,Yes
CUST-01193,Female,0,Yes,Yes,16,No,No phone service,DSL,Yes,No,Yes,Yes,No,Yes,Month-to-month,Yes,Bank transfer (automatic),71.17,1149.81,No
CUST-01194,Female,0,No,Yes,6,Yes,Yes,Fiber optic,Yes,Yes,Yes,Yes,Yes,Yes,Month-to-month,No,Bank transfer (automatic),109.69,595.73,No
CUST-01195,Female,0,No,No,39,Yes,No,Fiber optic,No,No,Yes,No,Yes,Yes,Month-to-month,Yes,Credit card (automatic),91.08,3515.83,Yes
CUST-01196,Female,0,Yes,Yes,11,Yes,No,No,No internet service,No internet service,No internet service,No internet service,No internet service,No internet service,Month-to-month,No,Credit card (automatic),18.0,199.06,No
CUST-01197,Female,0,Yes,No,57,Yes,No,DSL,Yes,Yes,No,No,No,No,Two year,Yes,Credit card (automatic),53.7,3062.31,No
CUST-01198,Female,0,Yes,Yes,4,Yes,No,No,No internet service,No internet service,No internet service,No internet service,No internet service,No internet service,One year,Yes,Credit card (automatic),18.0,66.95,No
CUST-01199,Female,0,Yes,Yes,30,Yes,No,Fiber optic,Yes,No,Yes,No,Yes,Yes,One year,Yes,Electronic check,96.17,2899.55,No
CUST-01200,Female,1,Yes,No,3,Yes,Yes,No,No internet service,No internet service,No internet service,No internet service,No internet service,No internet service,Month-to-month,Yes,Mailed check,21.27,82.46,Yes
CUST-01201,Male,0,No,No,27,Yes,No,DSL,No,No,Yes,Yes,No,No,Month-to-month,Yes,Bank transfer (automatic),57.2,1595.02,Yes
CUST-01202,Female,0,Yes,Yes,68,No,No phone service,Fiber optic,No,Yes,No,Yes,No,No,One year,Yes,Credit card (automatic),76.68,5215.12,No
CUST-01203,Female,0,Yes,No,47,Yes,Yes,DSL,Yes,Yes,Yes,No,No,Yes,Month-to-month,Yes,Mailed check,60.52,2865.13,No
CUST-01204,Female,0,Yes,Yes,39,Yes,Yes,No,No internet service,No internet service,No internet service,No internet service,No internet service,No internet service,Two year,No,Credit card (automatic),27.63,1061.0,No
CUST-01205,Female,0,Yes,No,11,Yes,No,DSL,Yes,No,Yes,Yes,No,No,Month-to-month,Yes,Bank transfer (automatic),65.01,704.17,No
CUST-01206,Female,0,Yes,Yes,22,Yes,Yes,Fiber optic,Yes,No,Yes,No,Yes,Yes,Month-to-month,No,Bank transfer (automatic),92.08,2009.34,No
CUST-01207,Female,0,Yes,No,27,Yes,Yes,Fiber optic,No,Yes,Yes,Yes,Yes,No,One year,Yes,Mailed check,89.68,2419.16,No
CUST-01208,Male,0,Yes,No,42,Yes,Yes,Fiber optic,Yes,No,Yes,Yes,No,Yes,One year,No,Bank transfer (automatic),97.04,4080.14,No
CUST-01209,Female,0,Yes,Yes,15,Yes,Yes,Fiber optic,No,No,No,Yes,Yes,Yes,Month-to-month,No,Bank transfer (automatic),86.02,1311.14,Yes
CUST-01210,Female,1,No,Yes,72,No,No phone service,Fiber optic,No,Yes,No,No,No,Yes,One year,No,Mailed check,80.7,5817.31,No
CUST-01211,Female,0,Yes,No,47,Yes,No,DSL,No,Yes,Yes,Yes,Yes,Yes,Month-to-month,Yes,Bank transfer (automatic),77.91,3688.5,No
CUST-01212,Male,1,No,No,22,Yes,Yes,Fiber optic,Yes,No,No,Yes,Yes,Yes,Month-to-month,Yes,Bank transfer (automatic),89.49,1995.84,No
CUST-01213,Female,0,No,No,8,Yes,Yes,Fiber optic,Yes,No,Yes,Yes,Yes,Yes,Month-to-month,Yes,Credit card (automatic),96.55,773.21,No
CUST-01214,Male,1,Yes,No,43,Yes,No,Fiber optic,Yes,Yes,No,No,Yes,No,One year,No,Electronic check,92.57,3978.43,No
CUST-01215,Male,0,Yes,Yes,32,Yes,Yes,DSL,No,No,Yes,Yes,No,Yes,One year,Yes,Bank transfer (automatic),61.2,1927.9,No
CUST-01216,Female,0,Yes,No,49,Yes,Yes,Fiber optic,No,No,Yes,Yes,Yes,Yes,Month-to-month,No,Electronic check,92.7,4531.44,No
CUST-01217,Female,0,Yes,Yes,43,Yes,Yes,No,No internet service,No internet service,No internet service,No internet service,No internet service,No internet service,Two year,Yes,Electronic check,23.12,977.98,No
CUST-01218,Female,1,No,No,46,Yes,No,No,No internet service,No internet service,No internet service,No internet service,No internet service,No internet service,One year,Yes,Credit card (automatic),18.0,812.69,No
CUST-01219,Male,0,Yes,Yes,60,No,No phone service,No,No internet service,No internet service,No internet service,No internet service,No internet service,No internet service,Month-to-month,Yes,Bank transfer (automatic),20.44,1217.92,No
CUST-01220,Female,0,No,No,38,Yes,Yes,Fiber optic,Yes,No,No,No,Yes,No,Month-to-month,Yes,Electronic check,83.07,3167.18,No
CUST-01221,Female,0,No,Yes,52,Yes,Yes,DSL,Yes,No,Yes,No,Yes,No,Month-to-month,Yes,Bank transfer (automatic),63.28,3296.36,No
CUST-01222,Female,1,No,No,26,Yes,No,Fiber optic,Yes,No,No,Yes,No,Yes,Month-to-month,Yes,Credit card (automatic),81.82,2147.09,Yes
CUST-01223,Female,0,No,No,68,Yes,No,DSL,No,No,Yes,No,No,Yes,Two year,Yes,Mailed check,57.88,3943.53,No
CUST-01224,Male,0,No,No,29,Yes,Yes,Fiber optic,No,Yes,No,No,Yes,No,Two year,Yes,Bank transfer (automatic),86.78,2504.79,No
CUST-01225,Female,0,No,No,49,Yes,Yes,DSL,Yes,No,Yes,Yes,No,No,Month-to-month,No,Mailed check,54.24,2672.9,No
CUST-01226,Male,1,No,No,72,Yes,Yes,No,No internet service,No internet service,No internet service,No internet service,No internet service,No internet service,Month-to-month,Yes,Mailed check,23.6,1671.78,No
CUST-01227,Female,0,Yes,No,25,Yes,No,DSL,No,Yes,Yes,No,No,Yes,Month-to-month,Yes,Credit card (automatic),52.95,1343.29,No
CUST-01228,Male,0,Yes,Yes,7,Yes,Yes,DSL,Yes,Yes,No,Yes,Yes,Yes,Month-to-month,Yes,Electronic check,65.97,446.47,No
CUST-01229,Male,0,Yes,No,16,Yes,No,No,No internet service,No internet service,No internet service,No internet service,No internet service,No internet service,Month-to-month,No,Electronic check,18.0,242.08,No
CUST-01230,Female,1,Yes,No,17,Yes,Yes,DSL,Yes,Yes,Yes,No,Yes,No,Month-to-month,Yes,Electronic check,65.56,1125.41,No
CUST-01231,Female,1,No,No,4,Yes,Yes,DSL,Yes,No,No,Yes,Yes,Yes,Month-to-month,No,Electronic check,68.4,267.42,No
CUST-01232,Female,0,Yes,No,39,Yes,Yes,Fiber optic,Yes,Yes,No,No,No,No,Month-to-month,Yes,Credit card (automatic),80.72,3171.57,Yes
CUST-01233,Female,0,No,No,20,No,No phone service,No,No internet service,No internet service,No internet service,No internet service,No internet service,No internet service,Month-to-month,Yes,Bank transfer (automatic),24.29,505.06,No
CUST-01234,Female,0,No,No,7,Yes,Yes,DSL,No,No,No,Yes,No,No,Month-to-month,Yes,Electronic check,47.23,310.89,Yes
CUST-01235,Male,1,Yes,No,9,Yes,Yes,Fiber optic,No,Yes,No,No,No,Yes,Month-to-month,Yes,Mailed check,82.13,769.63,Yes
CUST-01236,Male,0,No,No,19,Yes,Yes,DSL,Yes,Yes,Yes,Yes,Yes,No,Month-to-month,Yes,Credit card (automatic),64.23,1182.68,No
CUST-01237,Male,0,Yes,No,26,Yes,Yes,Fiber optic,Yes,No,Yes,No,Yes,Yes,Month-to-month,Yes,Bank transfer (automatic),89.9,2346.7,No
CUST-01238,Male,0,No,No,71,Yes,Yes,DSL,No,No,Yes,No,Yes,Yes,Month-to-month,No,Bank transfer (automatic),67.31,4807.5,No
CUST-01239,Male,0,No,No,51,Yes,Yes,Fiber optic,No,Yes,Yes,No,No,Yes,Two year,No,Mailed check,92.55,4699.74,No
CUST-01240,Female,0,Yes,No,52,No,No phone service,Fiber optic,Yes,No,No,Yes,No,No,Month-to-month,No,Credit card (automatic),73.19,3848.12,No
CUST-01241,Female,0,No,No,50,Yes,Yes,No,No internet service,No internet service,No internet service,No internet service,No internet service,No internet service,One year,No,Mailed check,19.77,991.74,No
CUST-01242,Female,1,Yes,No,58,Yes,No,Fiber optic,Yes,Yes,No,No,No,Yes,Month-to-month,Yes,Credit card (automatic),87.47,5080.71,Yes
CUST-01243,Male,0,No,No,23,Yes,No,Fiber optic,Yes,No,No,No,Yes,No,Month-to-month,No,Mailed check,80.97,1885.8,Yes
CUST-01244,Female,0,No,No,7,Yes,Yes,Fiber optic,No,Yes,Yes,Yes,No,No,Month-to-month,Yes,Bank transfer (automatic),87.3,619.46,Yes
CUST-01245,Female,0,Yes,No,37,No,No phone service,DSL,No,Yes,Yes,No,No,No,One year,No,Bank transfer (automatic),54.45,1988.15,No
CUST-01246,Female,0,No,No,0,Yes,Yes,DSL,No,Yes,No,Yes,Yes,Yes,Two year,No,Bank transfer (automatic),62.81,0.0,No
CUST-01247,Male,1,No,No,15,Yes,No,Fiber optic,No,Yes,Yes,Yes,No,Yes,Month-to-month,Yes,Electronic check,97.07,1436.53,Yes
CUST-01248,Male,0,No,Yes,54,Yes,No,DSL,Yes,No,Yes,Yes,Yes,No,Month-to-month,Yes,Credit card (automatic),67.86,3646.69,No
CUST-01249,Female,0,No,No,36,Yes,Yes,DSL,Yes,No,Yes,Yes,No,No,Two year,Yes,Mailed check,65.49,2338.67,No
CUST-01250,Male,0,No,No,50,Yes,No,Fiber optic,No,No,No,Yes,No,Yes,Month-to-month,No,Mailed check,80.92,4033.35,No
CUST-01251,Male,0,Yes,No,37,Yes,No,DSL,No,Yes,Yes,Yes,Yes,Yes,Month-to-month,Yes,Bank transfer (automatic),73.24,2652.93,No
CUST-01252,Male,0,No,No,39,Yes,Yes,DSL,No,Yes,Yes,Yes,No,No,Two year,Yes,Credit card (automatic),60.66,2341.91,No
CUST-01253,Female,0,No,Yes,21,Yes,No,Fiber optic,No,No,Yes,No,Yes,Yes,Month-to-month,Yes,Bank transfer (automatic),90.98,1921.51,Yes
CUST-01254,Female,0,Yes,Yes,15,Yes,No,No,No internet service,No internet service,No internet service,No internet service,No internet service,No internet service,One year,No,Credit card (automatic),20.7,331.34,No
CUST-01255,Male,0,Yes,No,18,Yes,Yes,DSL,Yes,Yes,No,Yes,Yes,Yes,Month-to-month,Yes,Mailed check,66.39,1180.45,No
CUST-01256,Male,0,Yes,No,58,Yes,Yes,No,No internet service,No internet service,No internet service,No internet service,No internet service,No internet service,Month-to-month,No,Electronic check,18.88,1108.85,Yes
CUST-01257,Female,0,Yes,No,71,Yes,No,DSL,Yes,Yes,Yes,Yes,No,Yes,Two year,No,Bank transfer (automatic),77.97,5484.08,No
CUST-01258,Female,1,Yes,Yes,5,Yes,Yes,No,No internet service,No internet service,No internet service,No internet service,No internet service,No internet service,Month-to-month,No,Mailed check,22.28,116.8,No
CUST-01259,Female,0,Yes,No,39,Yes,No,Fiber optic,No,No,No,Yes,No,Yes,Month-to-month,Yes,Mailed check,81.54,3203.75,No
CUST-01260,Male,1,No,No,34,Yes,No,Fiber optic,No,Yes,Yes,Yes,Yes,No,Month-to-month,Yes,Bank transfer (automatic),93.46,3187.95,Yes
CUST-01261,Female,0,Yes,No,41,Yes,No,Fiber optic,No,No,No,Yes,No,No,Month-to-month,No,Electronic check,75.64,3100.71,No
CUST-01262,Male,0,Yes,Yes,17,Yes,No,Fiber optic,No,Yes,Yes,Yes,No,Yes,Month-to-month,Yes,Mailed check,88.34,1450.77,No
CUST-01263,Female,0,No,No,0,Yes,No,Fiber optic,Yes,Yes,Yes,No,No,No,Month-to-month,Yes,Mailed check,89.8,37.81,Yes
CUST-01264,Male,0,Yes,No,14,Yes,No,Fiber optic,Yes,No,Yes,Yes,Yes,No,Month-to-month,No,Electronic check,83.99,1214.68,No
CUST-01265,Male,0,Yes,No,13,Yes,Yes,No,No internet service,No internet service,No internet service,No internet service,No internet service,No internet service,Month-to-month,No,Bank transfer (automatic),22.43,305.61,No
CUST-01266,Male,0,No,No,3,Yes,Yes,No,No internet service,No internet service,No internet service,No internet service,No internet service,No internet service,Two year,No,Credit card (automatic),26.69,106.71,No
CUST-01267,Male,0,No,No,26,No,No phone service,Fiber optic,No,No,Yes,Yes,Yes,No,Month-to-month,Yes,Credit card (automatic),86.41,2246.7,No
CUST-01268,Female,0,No,No,49,Yes,Yes,No,No internet service,No internet service,No internet service,No internet service,No internet service,No internet service,Two year,Yes,Credit card (automatic),20.69,1029.04,Yes
CUST-01269,Male,0,Yes,No,70,Yes,No,DSL,Yes,No,No,No,Yes,Yes,Month-to-month,No,Electronic check,61.11,4294.48,No
CUST-01270,Male,1,Yes,No,47,Yes,No,Fiber optic,No,No,Yes,Yes,No,No,Month-to-month,No,Electronic check,78.22,3675.07,Yes
CUST-01271,Male,1,No,No,12,Yes,No,Fiber optic,Yes,No,No,No,Yes,Yes,Two year,Yes,Mailed check,84.87,1001.9,No
CUST-01272,Female,0,No,No,26,No,No phone service,DSL,Yes,No,Yes,Yes,No,No,Two year,Yes,Bank transfer (automatic),65.36,1716.86,No
CUST-01273,Female,0,No,No,22,Yes,Yes,No,No internet service,No internet service,No internet service,No internet service,No internet service,No internet service,Month-to-month,Yes,Credit card (automatic),20.51,488.79,No
CUST-01274,Female,0,No,No,15,Yes,No,No,No internet service,No internet service,No internet service,No internet service,No internet service,No internet service,Month-to-month,No,Mailed check,20.18,327.54,No
CUST-01275,Female,0,Yes,No,72,Yes,Yes,No,No internet service,No internet service,No internet service,No internet service,No internet service,No internet service,Two year,Yes,Mailed check,19.11,1382.74,No
CUST-01276,Female,0,Yes,No,47,Yes,Yes,Fiber optic,Yes,Yes,No,Yes,No,Yes,Month-to-month,Yes,Bank transfer (automatic),94.04,4425.16,No
CUST-01277,Female,0,No,No,35,Yes,Yes,Fiber optic,Yes,No,No,No,No,Yes,Month-to-month,Yes,Credit card (automatic),80.58,2826.73,Yes
CUST-01278,Male,0,No,Yes,31,Yes,Yes,Fiber optic,No,No,No,Yes,Yes,Yes,Month-to-month,No,Bank transfer (automatic),92.69,2827.69,No
CUST-01279,Female,1,Yes,No,23,Yes,Yes,DSL,Yes,No,No,No,Yes,Yes,Two year,Yes,Bank transfer (automatic),58.76,1349.35,No
CUST-01280,Female,0,No,No,30,Yes,Yes,No,No internet service,No internet service,No internet service,No internet service,No internet service,No internet service,One year,Yes,Credit card (automatic),18.0,535.68,No
CUST-01281,Female,0,Yes,No,46,Yes,No,DSL,Yes,No,No,No,No,Yes,Month-to-month,No,Credit card (automatic),54.87,2499.87,No
CUST-01282,Male,1,No,No,67,Yes,No,No,No internet service,No internet service,No internet service,No internet service,No internet service,No internet service,Two year,No,Credit card (automatic),18.68,1272.65,No
CUST-01283,Female,0,Yes,Yes,36,Yes,No,Fiber optic,No,Yes,No,No,Yes,No,Month-to-month,Yes,Credit card (automatic),78.59,2834.88,Yes
CUST-01284,Male,0,No,No,13,No,No phone service,DSL,Yes,Yes,No,Yes,No,Yes,One year,Yes,Mailed check,73.15,898.61,No
CUST-01285,Male,1,Yes,No,69,Yes,No,DSL,Yes,Yes,No,No,No,No,Month-to-month,Yes,Electronic check,58.21,4021.19,Yes
CUST-01286,Female,1,No,No,22,Yes,Yes,Fiber optic,Yes,No,Yes,No,No,No,One year,Yes,Credit card (automatic),77.93,1739.99,No
CUST-01287,Male,0,No,Yes,6,Yes,Yes,DSL,No,No,Yes,Yes,No,No,Month-to-month,Yes,Credit card (automatic),61.77,358.7,No
CUST-01288,Male,0,Yes,Yes,39,Yes,No,No,No internet service,No internet service,No internet service,No internet service,No internet service,No internet service,Month-to-month,Yes,Bank transfer (automatic),18.0,681.5,No
CUST-01289,Female,0,No,No,57,No,No phone service,DSL,Yes,No,Yes,Yes,Yes,Yes,Month-to-month,Yes,Electronic check,81.07,4595.21,Yes
CUST-01290,Male,0,No,No,18,Yes,Yes,Fiber optic,Yes,Yes,No,No,No,Yes,Two year,No,Credit card (automatic),93.26,1680.68,No
CUST-01291,Female,0,No,No,20,Yes,Yes,DSL,No,No,No,Yes,No,Yes,Month-to-month,Yes,Bank transfer (automatic),53.36,1052.68,Yes
CUST-01292,Male,0,Yes,Yes,21,Yes,Yes,DSL,Yes,Yes,Yes,Yes,No,No,Month-to-month,No,Bank transfer (automatic),65.14,1338.53,No
CUST-01293,Male,0,No,No,58,Yes,Yes,DSL,No,Yes,Yes,No,No,No,Month-to-month,Yes,Mailed check,58.34,3416.12,No
CUST-01294,Female,0,No,Yes,69,Yes,No,No,No internet service,No internet service,No internet service,No internet service,No internet service,No internet service,One year,Yes,Electronic check,21.94,1517.94,No
CUST-01295,Female,0,No,No,61,Yes,Yes,Fiber optic,No,No,No,No,Yes,No,One year,No,Bank transfer (automatic),76.11,4632.23,No
CUST-01296,Male,0,Yes,Yes,16,Yes,No,No,No internet service,No internet service,No internet service,No internet service,No internet service,No internet service,Month-to-month,No,Mailed check,18.0,321.47,No
CUST-01297,Female,0,No,No,61,Yes,No,Fiber optic,Yes,Yes,No,Yes,Yes,Yes,Month-to-month,Yes,Electronic check,98.98,6043.27,Yes
CUST-01298,Female,0,Yes,Yes,22,Yes,No,DSL,No,No,Yes,No,Yes,Yes,One year,No,Electronic check,62.38,1369.66,No
CUST-01299,Male,0,Yes,No,63,Yes,No,DSL,No,Yes,No,Yes,Yes,No,Month-to-month,No,Electronic check,61.04,3849.88,No
CUST-01300,Female,0,Yes,No,72,Yes,Yes,Fiber optic,No,Yes,Yes,No,No,No,Month-to-month,Yes,Mailed check,82.09,5899.91,Yes
CUST-01301,Male,0,Yes,No,52,Yes,No,DSL,Yes,Yes,No,No,Yes,No,Month-to-month,No,Electronic check,57.87,3006.45,No
CUST-01302,Female,0,Yes,Yes,69,Yes,Yes,DSL,No,Yes,No,Yes,Yes,No,Month-to-month,Yes,Electronic check,64.49,4461.49,No
CUST-01303,Female,0,Yes,No,10,Yes,Yes,Fiber optic,Yes,Yes,Yes,Yes,Yes,Yes,Two year,Yes,Mailed check,105.53,1088.93,No
CUST-01304,Female,0,No,No,47,No,No phone service,DSL,No,Yes,No,Yes,Yes,No,One year,Yes,Electronic check,61.44,2876.7,No
CUST-01305,Female,0,No,Yes,3,Yes,Yes,Fiber optic,No,No,No,Yes,Yes,No,Month-to-month,Yes,Electronic check,81.27,256.37,Yes
CUST-01306,Male,0,Yes,Yes,47,Yes,Yes,Fiber optic,Yes,Yes,No,No,Yes,Yes,Two year,Yes,Mailed check,95.39,4453.83,No
CUST-01307,Male,0,No,No,24,Yes,No,Fiber optic,No,Yes,No,No,No,Yes,Month-to-month,Yes,Electronic check,80.7,1946.92,Yes
CUST-01308,Male,1,No,No,70,Yes,No,Fiber optic,Yes,No,No,No,Yes,No,Two year,Yes,Electronic check,78.1,5503.07,Yes
CUST-01309,Female,0,No,No,36,Yes,No,Fiber optic,No,No,Yes,Yes,No,Yes,Month-to-month,Yes,Credit card (automatic),86.65,3119.87,Yes
CUST-01310,Female,0,No,Yes,55,Yes,No,Fiber optic,Yes,Yes,Yes,Yes,No,No,Two year,No,Mailed check,92.95,5100.7,No
CUST-01311,Male,0,No,No,22,Yes,No,DSL,Yes,Yes,Yes,No,Yes,Yes,Two year,No,Credit card (automatic),61.7,1346.77,No
CUST-01312,Female,0,No,No,5,Yes,No,DSL,No,Yes,No,No,No,Yes,Two year,No,Mailed check,54.06,279.98,No
CUST-01313,Female,0,No,No,54,Yes,Yes,DSL,No,Yes,No,No,No,No,Month-to-month,No,Bank transfer (automatic),50.77,2742.78,No
CUST-01314,Female,0,No,No,16,Yes,No,Fiber optic,Yes,Yes,No,No,No,No,Two year,No,Electronic check,85.53,1360.39,No
CUST-01315,Male,0,Yes,No,52,Yes,Yes,Fiber optic,Yes,No,Yes,No,Yes,Yes,One year,Yes,Bank transfer (automatic),85.23,4445.03,No
CUST-01316,Female,0,No,No,33,Yes,No,No,No internet service,No internet service,No internet service,No internet service,No internet service,No internet service,Month-to-month,Yes,Mailed check,20.09,645.41,Yes
CUST-01317,Female,0,No,No,70,Yes,No,DSL,No,No,Yes,Yes,No,No,Month-to-month,Yes,Mailed check,58.77,4131.2,Yes
CUST-01318,Male,0,No,Yes,25,Yes,Yes,DSL,No,Yes,Yes,No,Yes,Yes,One year,Yes,Mailed check,76.24,1899.7,Yes
CUST-01319,Male,1,No,No,29,Yes,No,DSL,Yes,Yes,Yes,Yes,Yes,Yes,Two year,Yes,Bank transfer (automatic),78.83,2299.25,No
CUST-01320,Male,0,Yes,No,54,Yes,Yes,No,No internet service,No internet service,No internet service,No internet service,No internet service,No internet service,One year,No,Bank transfer (automatic),20.57,1127.57,No
CUST-01321,Male,0,Yes,No,57,Yes,No,DSL,No,No,No,Yes,Yes,Yes,Month-to-month,Yes,Bank transfer (automatic),62.13,3502.56,Yes
CUST-01322,Female,0,No,No,9,Yes,Yes,Fiber optic,Yes,No,Yes,Yes,No,No,One year,Yes,Mailed check,89.24,801.74,No
CUST-01323,Female,0,No,No,54,No,No phone service,DSL,No,Yes,Yes,Yes,Yes,No,Month-to-month,No,Electronic check,74.14,3972.98,Yes
CUST-01324,Female,0,No,Yes,35,Yes,Yes,No,No internet service,No internet service,No internet service,No internet service,No internet service,No internet service,Month-to-month,No,Credit card (automatic),23.9,801.88,No
CUST-01325,Male,0,No,No,72,Yes,No,Fiber optic,Yes,Yes,Yes,Yes,No,Yes,Two year,No,Bank transfer (automatic),96.19,6920.99,No
CUST-01326,Female,0,No,No,46,Yes,No,DSL,No,Yes,Yes,Yes,Yes,Yes,One year,No,Bank transfer (automatic),67.52,3112.06,No
CUST-01327,Male,0,No,No,56,No,No phone service,Fiber optic,No,Yes,No,No,Yes,No,One year,Yes,Credit card (automatic),79.6,4426.7,No
CUST-01328,Female,1,Yes,No,25,Yes,No,Fiber optic,No,No,Yes,Yes,Yes,Yes,Month-to-month,No,Electronic check,88.19,2210.18,Yes
CUST-01329,Male,0,No,Yes,20,Yes,Yes,Fiber optic,No,No,Yes,No,No,No,Month-to-month,Yes,Mailed check,74.26,1467.71,No
CUST-01330,Male,0,Yes,Yes,57,Yes,Yes,No,No internet service,No internet service,No internet service,No internet service,No internet service,No internet service,One year,No,Credit card (automatic),20.81,1187.53,No
CUST-01331,Female,0,No,Yes,1,Yes,No,No,No internet service,No internet service,No internet service,No internet service,No internet service,No internet service,Month-to-month,Yes,Electronic check,22.17,72.76,Yes
CUST-01332,Male,0,Yes,No,42,Yes,Yes,Fiber optic,Yes,Yes,Yes,Yes,Yes,No,Two year,Yes,Mailed check,101.49,4256.23,No
CUST-01333,Female,0,No,No,70,Yes,Yes,No,No internet service,No internet service,No internet service,No internet service,No internet service,No internet service,Two year,No,Credit card (automatic),21.32,1469.63,No
CUST-01334,Female,0,Yes,No,72,Yes,No,No,No internet service,No internet service,No internet service,No internet service,No internet service,No internet service,Two year,No,Bank transfer (automatic),18.0,1295.64,No
CUST-01335,Female,0,Yes,No,52,Yes,No,Fiber optic,Yes,No,Yes,Yes,Yes,Yes,Two year,Yes,Mailed check,98.9,5139.0,No
CUST-01336,Female,0,No,No,36,Yes,Yes,Fiber optic,No,No,Yes,No,Yes,No,Month-to-month,Yes,Mailed check,79.4,2851.49,No
CUST-01337,Male,0,No,No,59,Yes,No,Fiber optic,Yes,Yes,Yes,Yes,Yes,Yes,Month-to-month,Yes,Mailed check,94.58,5580.91,Yes
CUST-01338,Female,0,Yes,No,1,Yes,No,Fiber optic,Yes,Yes,Yes,No,Yes,Yes,Two year,No,Mailed check,100.85,97.15,No
CUST-01339,Male,0,No,No,57,Yes,Yes,Fiber optic,Yes,No,Yes,Yes,Yes,No,Month-to-month,No,Electronic check,94.84,5381.13,Yes
CUST-01340,Female,0,Yes,Yes,13,Yes,Yes,No,No internet service,No internet service,No internet service,No internet service,No internet service,No internet service,Two year,Yes,Bank transfer (automatic),19.96,275.97,No
CUST-01341,Male,0,Yes,No,53,Yes,Yes,No,No internet service,No internet service,No internet service,No internet service,No internet service,No internet service,Month-to-month,No,Electronic check,22.64,1226.19,No
CUST-01342,Male,0,Yes,No,25,Yes,Yes,DSL,Yes,No,No,No,No,No,Two year,Yes,Bank transfer (automatic),49.0,1217.56,No
CUST-01343,Female,0,No,No,54,Yes,Yes,Fiber optic,Yes,No,Yes,Yes,No,Yes,Month-to-month,No,Bank transfer (automatic),96.36,5210.45,No
CUST-01344,Male,1,No,No,44,Yes,Yes,Fiber optic,No,Yes,Yes,Yes,No,Yes,Two year,No,Credit card (automatic),88.8,3866.29,Yes
CUST-01345,Female,0,No,Yes,67,Yes,No,No,No internet service,No internet service,No internet service,No internet service,No internet service,No internet service,Month-to-month,No,Credit card (automatic),19.7,1319.53,No
CUST-01346,Female,0,No,No,57,Yes,Yes,Fiber optic,Yes,Yes,Yes,Yes,Yes,No,One year,Yes,Credit card (automatic),106.91,6132.34,No
CUST-01347,Female,0,No,Yes,66,Yes,Yes,DSL,No,Yes,Yes,No,No,Yes,Two year,No,Bank transfer (automatic),57.36,3801.76,No
CUST-01348,Female,0,No,No,11,No,No phone service,DSL,Yes,No,Yes,Yes,No,No,Month-to-month,No,Electronic check,68.48,756.36,No
CUST-01349,Female,0,No,Yes,27,Yes,No,DSL,No,Yes,Yes,Yes,Yes,No,Month-to-month,Yes,Credit card (automatic),55.03,1484.92,Yes
CUST-01350,Male,0,Yes,No,31,Yes,No,DSL,No,Yes,No,Yes,Yes,No,Month-to-month,No,Credit card (automatic),58.31,1801.63,Yes
CUST-01351,Male,0,Yes,No,2,Yes,Yes,DSL,Yes,No,Yes,Yes,Yes,No,One year,No,Electronic check,62.34,133.08,No
CUST-01352,Male,0,Yes,Yes,1,Yes,Yes,DSL,Yes,No,Yes,Yes,Yes,Yes,One year,No,Mailed check,69.78,90.35,No
CUST-01353,Female,0,No,No,2,Yes,Yes,No,No internet service,No internet service,No internet service,No internet service,No internet service,No internet service,One year,No,Electronic check,18.0,25.97,Yes
CUST-01354,Male,0,No,Yes,56,No,No phone service,Fiber optic,No,Yes,No,No,Yes,Yes,Month-to-month,No,Mailed check,83.32,4680.94,Yes
CUST-01355,Male,0,Yes,No,32,Yes,No,Fiber optic,Yes,No,No,Yes,Yes,Yes,Month-to-month,Yes,Mailed check,91.17,2901.27,No
CUST-01356,Male,0,No,No,54,Yes,Yes,Fiber optic,Yes,No,Yes,Yes,No,No,Two year,Yes,Credit card (automatic),87.04,4691.42,No
CUST-01357,Male,0,No,No,60,Yes,No,DSL,No,Yes,No,No,Yes,Yes,One year,Yes,Electronic check,62.42,3722.97,No
CUST-01358,Male,0,Yes,No,2,Yes,Yes,Fiber optic,Yes,Yes,No,Yes,Yes,Yes,Month-to-month,No,Electronic check,97.28,197.77,No
CUST-01359,Male,0,Yes,No,61,Yes,Yes,No,No internet service,No internet service,No internet service,No internet service,No internet service,No internet service,Month-to-month,Yes,Bank transfer (automatic),21.25,1297.92,No
CUST-01360,Male,0,Yes,No,16,Yes,Yes,Fiber optic,Yes,Yes,No,No,No,No,Month-to-month,Yes,Bank transfer (automatic),85.96,1383.29,No
CUST-01361,Male,0,Yes,No,29,Yes,Yes,Fiber optic,Yes,Yes,No,No,No,No,Two year,Yes,Credit card (automatic),83.92,2439.85,No
CUST-01362,Male,0,No,No,70,Yes,Yes,DSL,No,Yes,No,No,No,No,One year,No,Credit card (automatic),42.65,2999.96,No
CUST-01363,Male,0,No,No,22,Yes,Yes,Fiber optic,No,Yes,Yes,No,Yes,Yes,One year,No,Electronic check,94.58,2122.46,Yes
CUST-01364,Female,1,Yes,Yes,68,Yes,No,Fiber optic,Yes,Yes,No,Yes,Yes,No,One year,Yes,Bank transfer (automatic),91.07,6207.42,No
CUST-01365,Male,0,Yes,Yes,36,Yes,Yes,Fiber optic,Yes,No,Yes,Yes,Yes,No,Two year,Yes,Credit card (automatic),87.08,3095.42,No
CUST-01366,Male,0,Yes,No,0,Yes,Yes,Fiber optic,No,Yes,Yes,Yes,Yes,Yes,Month-to-month,No,Credit card (automatic),89.28,0.0,Yes
CUST-01367,Male,0,Yes,No,60,Yes,Yes,Fiber optic,Yes,Yes,Yes,Yes,Yes,No,Month-to-month,Yes,Bank transfer (automatic),86.77,5205.5,No
CUST-01368,Female,0,Yes,Yes,3,Yes,Yes,DSL,No,Yes,Yes,No,Yes,No,Month-to-month,No,Mailed check,59.93,148.1,Yes
CUST-01369,Female,0,No,No,46,Yes,No,DSL,Yes,No,Yes,No,No,Yes,Two year,No,Electronic check,62.8,2905.4,No
CUST-01370,Female,0,No,No,33,Yes,Yes,Fiber optic,No,No,Yes,No,No,Yes,One year,No,Mailed check,80.52,2692.93,No
CUST-01371,Male,0,No,No,10,Yes,No,DSL,Yes,Yes,No,Yes,Yes,Yes,Month-to-month,Yes,Bank transfer (automatic),73.42,716.87,No
CUST-01372,Male,0,Yes,No,37,Yes,No,Fiber optic,No,No,No,No,No,Yes,Two year,No,Credit card (automatic),77.54,2894.24,No
CUST-01373,Male,0,No,No,26,Yes,Yes,No,No internet service,No internet service,No internet service,No internet service,No internet service,No internet service,Month-to-month,No,Mailed check,23.07,621.29,No
CUST-01374,Female,1,Yes,No,7,Yes,Yes,Fiber optic,No,Yes,Yes,Yes,No,Yes,Month-to-month,Yes,Bank transfer (automatic),87.11,615.25,No
CUST-01375,Female,0,Yes,Yes,40,Yes,No,DSL,Yes,Yes,No,No,No,Yes,One year,No,Bank transfer (automatic),58.65,2362.61,No
CUST-01376,Female,0,No,Yes,3,No,No phone service,Fiber optic,No,No,Yes,No,Yes,Yes,Two year,No,Mailed check,88.01,248.74,Yes
CUST-01377,Female,1,No,Yes,39,Yes,Yes,Fiber optic,Yes,No,No,Yes,No,No,Month-to-month,Yes,Bank transfer (automatic),81.55,3203.47,No
CUST-01378,Female,0,Yes,No,16,Yes,No,Fiber optic,Yes,Yes,Yes,No,No,No,Month-to-month,Yes,Credit card (automatic),91.52,1489.64,Yes
CUST-01379,Female,0,No,No,60,Yes,No,No,No internet service,No internet service,No internet service,No internet service,No internet service,No internet service,Two year,Yes,Bank transfer (automatic),22.31,1348.14,No
CUST-01380,Female,0,No,No,69,Yes,No,Fiber optic,No,Yes,Yes,No,No,No,One year,Yes,Bank transfer (automatic),76.19,5263.22,No
CUST-01381,Male,1,No,Yes,68,Yes,No,DSL,Yes,Yes,Yes,No,Yes,No,One year,Yes,Bank transfer (automatic),69.28,4695.17,No
CUST-01382,Male,0,No,No,68,Yes,Yes,Fiber optic,No,No,No,Yes,No,Yes,Month-to-month,Yes,Credit card (automatic),79.66,5435.81,No
CUST-01383,Female,0,Yes,No,7,Yes,No,No,No internet service,No internet service,No internet service,No internet service,No internet service,No internet service,Month-to-month,Yes,Bank transfer (automatic),19.6,137.49,No
CUST-01384,Male,1,No,No,37,Yes,Yes,Fiber optic,Yes,Yes,Yes,No,Yes,Yes,Month-to-month,No,Electronic check,92.61,3423.84,Yes
CUST-01385,Male,0,Yes,No,16,Yes,Yes,No,No internet service,No internet service,No internet service,No internet service,No internet service,No internet service,Month-to-month,No,Electronic check,19.69,333.92,No
CUST-01386,Female,1,Yes,No,7,Yes,Yes,Fiber optic,No,No,Yes,No,Yes,Yes,Two year,No,Mailed check,85.59,593.36,No
CUST-01387,Male,1,No,No,28,Yes,No,No,No internet service,No internet service,No internet service,No internet service,No internet service,No internet service,One year,No,Credit card (automatic),19.76,539.17,No
CUST-01388,Female,1,No,No,31,Yes,Yes,Fiber optic,No,Yes,Yes,No,Yes,Yes,Two year,Yes,Electronic check,88.9,2777.66,No
CUST-01389,Female,0,Yes,Yes,21,Yes,Yes,No,No internet service,No internet service,No internet service,No internet service,No internet service,No internet service,Month-to-month,Yes,Electronic check,18.0,347.81,No
CUST-01390,Male,0,No,No,8,Yes,No,No,No internet service,No internet service,No internet service,No internet service,No internet service,No internet service,Month-to-month,No,Bank transfer (automatic),21.92,189.92,No
CUST-01391,Female,0,No,No,29,Yes,No,No,No internet service,No internet service,No internet service,No internet service,No internet service,No internet service,One year,No,Bank transfer (automatic),18.0,497.38,No
CUST-01392,Female,0,No,No,11,Yes,No,No,No internet service,No internet service,No internet service,No internet service,No internet service,No internet service,Month-to-month,Yes,Electronic check,22.41,210.3,Yes
CUST-01393,Female,0,Yes,No,2,Yes,Yes,Fiber optic,No,Yes,No,Yes,Yes,No,Month-to-month,No,Credit card (automatic),87.89,188.92,Yes
CUST-01394,Male,1,Yes,Yes,32,Yes,No,Fiber optic,Yes,No,No,Yes,No,No,Month-to-month,No,Electronic check,84.75,2718.49,Yes
CUST-01395,Female,0,Yes,No,4,Yes,Yes,Fiber optic,No,No,No,Yes,No,No,Month-to-month,No,Electronic check,72.68,278.08,Yes
CUST-01396,Female,0,Yes,No,70,Yes,No,Fiber optic,Yes,Yes,No,Yes,No,No,Month-to-month,No,Credit card (automatic),90.66,6323.09,Yes
CUST-01397,Female,0,Yes,No,61,Yes,No,Fiber optic,No,No,Yes,Yes,No,Yes,Month-to-month,No,Mailed check,86.35,5274.12,Yes
CUST-01398,Male,0,Yes,No,67,Yes,Yes,Fiber optic,No,No,Yes,No,Yes,Yes,Two year,No,Bank transfer (automatic),91.44,6117.12,No
CUST-01399,Male,0,Yes,No,7,Yes,No,Fiber optic,No,No,No,Yes,Yes,Yes,Month-to-month,Yes,Electronic check,90.53,649.53,Yes
CUST-01400,Female,0,Yes,No,33,Yes,No,No,No internet service,No internet service,No internet service,No internet service,No internet service,No internet service,One year,No,Electronic check,19.12,619.44,No
CUST-01401,Male,0,No,No,60,Yes,No,No,No internet service,No internet service,No internet service,No internet service,No internet service,No internet service,One year,No,Electronic check,18.0,1071.5,No
CUST-01402,Male,0,No,No,42,Yes,No,Fiber optic,No,Yes,No,Yes,Yes,No,Month-to-month,Yes,Mailed check,86.11,3638.8,No
CUST-01403,Male,0,Yes,No,22,Yes,No,Fiber optic,No,No,Yes,No,No,Yes,Month-to-month,No,Bank transfer (automatic),79.93,1737.91,Yes
CUST-01404,Male,0,No,Yes,60,Yes,Yes,No,No internet service,No internet service,No internet service,No internet service,No internet service,No internet service,Month-to-month,Yes,Mailed check,19.93,1166.69,No
CUST-01405,Male,0,Yes,No,22,Yes,Yes,Fiber optic,Yes,Yes,Yes,Yes,No,No,Month-to-month,No,Credit card (automatic),93.72,2043.14,Yes
CUST-01406,Male,0,Yes,No,71,Yes,Yes,Fiber optic,No,Yes,Yes,No,No,Yes,Month-to-month,No,Electronic check,86.27,6130.01,Yes
CUST-01407,Female,1,No,No,7,Yes,Yes,Fiber optic,Yes,Yes,No,No,Yes,Yes,Two year,Yes,Mailed check,84.07,626.72,No
CUST-01408,Male,0,Yes,No,51,Yes,Yes,Fiber optic,No,Yes,No,Yes,Yes,No,Month-to-month,No,Electronic check,84.65,4320.19,No
CUST-01409,Male,0,Yes,No,0,Yes,No,Fiber optic,No,No,No,Yes,No,No,Month-to-month,Yes,Credit card (automatic),78.31,0.0,Yes
CUST-01410,Male,0,Yes,No,66,Yes,No,DSL,Yes,Yes,No,Yes,No,Yes,Two year,No,Bank transfer (automatic),59.47,3908.44,No
CUST-01411,Female,0,No,Yes,25,Yes,Yes,DSL,Yes,No,No,No,Yes,Yes,One year,No,Bank transfer (automatic),61.41,1543.46,No
CUST-01412,Male,1,No,No,1,Yes,No,No,No internet service,No internet service,No internet service,No internet service,No internet service,No internet service,One year,Yes,Credit card (automatic),18.0,0.0,No
CUST-01413,Female,0,Yes,Yes,60,Yes,No,No,No internet service,No internet service,No internet service,No internet service,No internet service,No internet service,Month-to-month,No,Credit card (automatic),27.82,1631.57,No
CUST-01414,Female,0,Yes,No,70,Yes,No,Fiber optic,Yes,No,No,No,No,Yes,Two year,Yes,Mailed check,78.51,5499.63,No
CUST-01415,Female,0,Yes,No,67,Yes,Yes,No,No internet service,No internet service,No internet service,No internet service,No internet service,No internet service,One year,Yes,Credit card (automatic),20.76,1408.61,No
CUST-01416,Female,0,No,Yes,35,No,No phone service,Fiber optic,No,Yes,Yes,Yes,No,No,One year,No,Mailed check,91.1,3206.7,No
CUST-01417,Male,0,Yes,No,4,Yes,Yes,DSL,Yes,No,Yes,No,No,No,One year,Yes,Bank transfer (automatic),51.72,213.81,No
CUST-01418,Female,0,No,No,16,Yes,Yes,Fiber optic,No,No,Yes,No,No,Yes,Month-to-month,Yes,Mailed check,80.86,1317.7,Yes
CUST-01419,Male,0,No,No,2,Yes,Yes,DSL,No,No,No,No,No,Yes,Two year,No,Mailed check,51.08,98.38,No
CUST-01420,Female,0,Yes,No,3,Yes,No,DSL,Yes,Yes,Yes,Yes,Yes,Yes,Two year,Yes,Bank transfer (automatic),78.25,227.18,No
CUST-01421,Female,1,No,No,11,Yes,No,No,No internet service,No internet service,No internet service,No internet service,No internet service,No internet service,One year,Yes,Bank transfer (automatic),20.57,225.24,No
CUST-01422,Female,0,Yes,No,41,Yes,No,Fiber optic,Yes,No,No,No,No,Yes,Month-to-month,No,Credit card (automatic),80.39,3301.9,No
CUST-01423,Female,1,Yes,No,55,Yes,Yes,DSL,No,Yes,No,No,No,No,One year,Yes,Bank transfer (automatic),50.8,2871.82,No
CUST-01424,Male,0,Yes,No,42,Yes,No,Fiber optic,No,No,Yes,Yes,No,Yes,Month-to-month,Yes,Mailed check,76.91,3226.28,Yes
CUST-01425,Female,0,Yes,No,14,Yes,Yes,Fiber optic,Yes,Yes,No,No,No,No,One year,Yes,Credit card (automatic),76.08,1068.7,No
CUST-01426,Female,0,No,No,43,No,No phone service,Fiber optic,No,No,Yes,No,No,Yes,Month-to-month,Yes,Credit card (automatic),77.36,3361.23,Yes
CUST-01427,Female,0,No,No,16,Yes,Yes,Fiber optic,No,Yes,No,Yes,Yes,Yes,Two year,No,Bank transfer (automatic),95.16,1533.65,No
CUST-01428,Male,0,Yes,No,33,Yes,No,Fiber optic,Yes,Yes,No,Yes,Yes,No,Two year,Yes,Mailed check,80.88,2635.45,No
CUST-01429,Female,1,Yes,No,64,Yes,Yes,Fiber optic,Yes,No,No,No,Yes,No,Month-to-month,No,Credit card (automatic),83.93,5405.9,No
CUST-01430,Male,0,No,No,9,Yes,No,Fiber optic,No,Yes,Yes,No,Yes,Yes,One year,Yes,Bank transfer (automatic),91.42,829.26,No
CUST-01431,Male,0,Yes,No,63,Yes,Yes,No,No internet service,No internet service,No internet service,No internet service,No internet service,No internet service,Two year,Yes,Mailed check,18.0,1077.24,No
CUST-01432,Male,0,Yes,No,19,No,No phone service,Fiber optic,Yes,Yes,Yes,No,Yes,No,Month-to-month,No,Mailed check,88.7,1677.16,No
CUST-01433,Female,0,No,No,48,Yes,No,No,No internet service,No internet service,No internet service,No internet service,No internet service,No internet service,Month-to-month,Yes,Credit card (automatic),18.0,849.59,No
CUST-01434,Male,0,No,No,19,Yes,Yes,No,No internet service,No internet service,No internet service,No internet service,No internet service,No internet service,Month-to-month,Yes,Bank transfer (automatic),21.71,403.0,Yes
CUST-01435,Male,0,No,No,11,Yes,No,DSL,Yes,No,No,No,Yes,No,Two year,Yes,Bank transfer (automatic),58.06,637.96,No
CUST-01436,Male,0,Yes,No,32,Yes,Yes,DSL,No,Yes,Yes,No,No,No,Month-to-month,No,Credit card (automatic),57.38,1850.61,No
CUST-01437,Female,0,Yes,No,27,Yes,Yes,Fiber optic,Yes,Yes,No,Yes,Yes,Yes,Month-to-month,Yes,Electronic check,96.53,2631.65,Yes
CUST-01438,Male,0,Yes,No,37,Yes,Yes,No,No internet service,No internet service,No internet service,No internet service,No internet service,No internet service,Month-to-month,Yes,Mailed check,22.05,841.92,No
CUST-01439,Female,0,No,No,17,No,No phone service,DSL,No,No,No,Yes,Yes,No,Month-to-month,No,Bank transfer (automatic),60.62,1062.6,No
CUST-01440,Female,0,Yes,No,71,Yes,No,DSL,Yes,Yes,Yes,No,No,Yes,Month-to-month,Yes,Mailed check,66.23,4698.33,Yes
CUST-01441,Female,0,Yes,No,49,No,No phone service,Fiber optic,No,No,Yes,Yes,No,No,One year,No,Credit card (automatic),82.57,4004.14,Yes
CUST-01442,Female,0,Yes,No,61,Yes,Yes,No,No internet service,No internet service,No internet service,No internet service,No internet service,No internet service,Month-to-month,No,Mailed check,22.13,1299.87,No
CUST-01443,Male,0,No,Yes,56,Yes,Yes,DSL,No,No,No,Yes,No,Yes,One year,No,Bank transfer (automatic),45.2,2546.68,No
CUST-01444,Male,0,No,Yes,52,Yes,Yes,Fiber optic,No,No,No,No,Yes,No,One year,Yes,Mailed check,74.0,3846.8,No
CUST-01445,Male,1,No,No,10,Yes,Yes,DSL,No,Yes,No,No,No,No,Two year,No,Bank transfer (automatic),53.48,564.75,No
CUST-01446,Female,0,Yes,No,42,Yes,No,No,No internet service,No internet service,No internet service,No internet service,No internet service,No internet service,Month-to-month,Yes,Electronic check,20.46,868.59,No
CUST-01447,Female,0,No,Yes,65,Yes,No,Fiber optic,No,Yes,Yes,Yes,No,No,One year,Yes,Credit card (automatic),83.98,5423.61,No
CUST-01448,Female,1,Yes,No,7,Yes,No,Fiber optic,No,Yes,No,Yes,No,Yes,One year,Yes,Mailed check,84.85,581.86,Yes
CUST-01449,Male,0,Yes,No,33,Yes,Yes,No,No internet service,No internet service,No internet service,No internet service,No internet service,No internet service,Month-to-month,Yes,Credit card (automatic),20.08,671.2,No
CUST-01450,Male,0,Yes,No,13,Yes,No,Fiber optic,No,Yes,No,Yes,Yes,Yes,Month-to-month,Yes,Credit card (automatic),94.39,1204.8,No
CUST-01451,Male,1,No,No,58,Yes,Yes,No,No internet service,No internet service,No internet service,No internet service,No internet service,No internet service,Month-to-month,No,Electronic check,18.0,1074.1,Yes
CUST-01452,Male,1,Yes,No,67,Yes,Yes,DSL,No,Yes,Yes,No,Yes,No,One year,Yes,Electronic check,67.0,4480.19,No
CUST-01453,Male,0,No,No,3,No,No phone service,DSL,No,No,No,No,No,Yes,Month-to-month,Yes,Mailed check,47.91,137.29,No
CUST-01454,Female,0,Yes,No,58,Yes,No,Fiber optic,No,Yes,Yes,Yes,No,No,Two year,Yes,Mailed check,83.03,4783.65,No
CUST-01455,Male,0,Yes,No,26,No,No phone service,DSL,Yes,No,Yes,Yes,No,Yes,Two year,Yes,Credit card (automatic),58.26,1555.52,No
CUST-01456,Female,1,No,Yes,70,No,No phone service,No,No internet service,No internet service,No internet service,No internet service,No internet service,No internet service,One year,No,Electronic check,18.39,1283.39,No
CUST-01457,Male,1,No,No,1,Yes,No,Fiber optic,No,Yes,Yes,Yes,No,Yes,Two year,Yes,Electronic check,94.91,100.72,No
CUST-01458,Male,0,Yes,No,13,Yes,Yes,DSL,No,Yes,No,No,No,No,One year,No,Electronic check,53.9,685.24,No
CUST-01459,Female,0,No,Yes,52,Yes,No,Fiber optic,Yes,No,Yes,No,Yes,No,Month-to-month,No,Credit card (automatic),89.71,4657.03,No
CUST-01460,Female,0,Yes,No,56,Yes,Yes,Fiber optic,No,Yes,Yes,No,No,No,Month-to-month,Yes,Bank transfer (automatic),76.35,4281.75,No
CUST-01461,Male,0,Yes,Yes,5,Yes,Yes,Fiber optic,Yes,Yes,Yes,Yes,No,No,Two year,No,Bank transfer (automatic),95.67,487.02,No
CUST-01462,Male,0,No,No,11,Yes,Yes,DSL,Yes,Yes,Yes,No,No,No,Month-to-month,No,Credit card (automatic),66.26,740.38,No
CUST-01463,Male,0,No,No,24,Yes,No,No,No internet service,No internet service,No internet service,No internet service,No internet service,No internet service,Two year,No,Mailed check,18.0,452.22,No
CUST-01464,Female,0,Yes,No,2,Yes,No,Fiber optic,Yes,No,Yes,Yes,No,No,Month-to-month,Yes,Mailed check,88.87,191.6,Yes
CUST-01465,Male,0,Yes,No,57,Yes,Yes,No,No internet service,No internet service,No internet service,No internet service,No internet service,No internet service,Month-to-month,Yes,Bank transfer (automatic),22.3,1282.01,No
CUST-01466,Female,0,No,No,48,Yes,No,Fiber optic,No,No,Yes,Yes,No,No,One year,No,Credit card (automatic),83.16,3978.52,No
CUST-01467,Male,0,Yes,No,54,No,No phone service,Fiber optic,No,No,Yes,Yes,No,No,Two year,Yes,Credit card (automatic),80.15,4323.59,No
CUST-01468,Female,0,No,Yes,34,Yes,Yes,DSL,Yes,No,Yes,No,No,Yes,Two year,Yes,Electronic check,60.61,2036.19,No
CUST-01469,Male,0,No,No,46,Yes,No,Fiber optic,Yes,No,No,No,Yes,No,Month-to-month,Yes,Mailed check,82.1,3766.6,Yes
CUST-01470,Female,1,No,No,41,Yes,Yes,DSL,Yes,No,No,Yes,Yes,Yes,Month-to-month,Yes,Credit card (automatic),67.11,2760.05,Yes
CUST-01471,Female,0,Yes,Yes,50,No,No phone service,No,No internet service,No internet service,No internet service,No internet service,No internet service,No internet service,One year,Yes,Electronic check,24.22,1219.02,No
CUST-01472,Male,0,No,Yes,32,Yes,No,DSL,No,No,No,No,No,Yes,Two year,Yes,Mailed check,48.79,1574.53,No
CUST-01473,Male,0,Yes,No,47,Yes,Yes,Fiber optic,No,No,No,Yes,Yes,No,Month-to-month,No,Credit card (automatic),79.59,3770.15,Yes
CUST-01474,Female,0,Yes,Yes,47,Yes,No,Fiber optic,Yes,Yes,No,Yes,Yes,No,One year,Yes,Credit card (automatic),96.98,4531.79,No
CUST-01475,Male,0,Yes,No,46,Yes,Yes,Fiber optic,Yes,No,No,Yes,No,Yes,Month-to-month,Yes,Bank transfer (automatic),90.96,4146.82,Yes
CUST-01476,Male,0,Yes,Yes,63,Yes,No,Fiber optic,No,Yes,No,Yes,Yes,Yes,One year,No,Credit card (automatic),97.37,6129.05,No
CUST-01477,Male,0,No,No,25,Yes,No,No,No internet service,No internet service,No internet service,No internet service,No internet service,No internet service,Month-to-month,No,Electronic check,18.0,479.49,No
CUST-01478,Male,0,No,No,64,Yes,Yes,Fiber optic,Yes,Yes,Yes,No,No,No,Two year,Yes,Mailed check,87.13,5605.16,No
CUST-01479,Male,0,No,No,2,Yes,No,No,No internet service,No internet service,No internet service,No internet service,No internet service,No internet service,Month-to-month,Yes,Electronic check,19.16,42.29,Yes
CUST-01480,Male,0,No,No,35,Yes,Yes,Fiber optic,No,Yes,No,No,Yes,No,One year,No,Credit card (automatic),80.97,2828.25,No
CUST-01481,Male,0,No,Yes,32,Yes,No,Fiber optic,No,Yes,No,Yes,No,No,One year,No,Bank transfer (automatic),81.64,2617.71,No
CUST-01482,Male,0,No,No,63,No,No phone service,No,No internet service,No internet service,No internet service,No internet service,No internet service,No internet service,Month-to-month,No,Credit card (automatic),24.95,1594.26,No
CUST-01483,Male,0,No,No,3,Yes,No,DSL,Yes,No,Yes,No,No,No,Month-to-month,Yes,Bank transfer (automatic),51.62,139.27,No
CUST-01484,Male,0,No,No,15,No,No phone service,DSL,No,No,Yes,Yes,Yes,No,One year,No,Bank transfer (automatic),63.81,945.73,No
CUST-01485,Female,0,No,No,34,Yes,No,DSL,No,No,Yes,Yes,Yes,Yes,One year,Yes,Credit card (automatic),69.77,2374.09,No
CUST-01486,Male,0,Yes,Yes,59,Yes,Yes,Fiber optic,No,No,No,Yes,No,No,One year,No,Mailed check,74.46,4415.53,No
CUST-01487,Male,0,No,No,33,Yes,No,Fiber optic,Yes,Yes,Yes,No,No,Yes,One year,Yes,Credit card (automatic),85.65,2843.16,No
CUST-01488,Male,1,Yes,No,46,Yes,No,DSL,No,Yes,No,No,Yes,Yes,Month-to-month,Yes,Credit card (automatic),57.7,2614.8,Yes
CUST-01489,Female,1,Yes,Yes,13,No,No phone service,DSL,Yes,Yes,Yes,No,Yes,Yes,Two year,No,Bank transfer (automatic),74.81,989.28,No
CUST-01490,Male,1,No,No,68,Yes,No,DSL,Yes,Yes,Yes,No,Yes,No,Month-to-month,No,Mailed check,69.3,4712.11,No
CUST-01491,Male,0,Yes,Yes,57,Yes,Yes,Fiber optic,Yes,Yes,Yes,No,No,Yes,One year,No,Bank transfer (automatic),88.83,5076.04,No
CUST-01492,Male,0,Yes,No,3,No,No phone service,DSL,Yes,No,Yes,No,Yes,Yes,Two year,Yes,Credit card (automatic),68.35,200.74,Yes
CUST-01493,Male,0,Yes,No,51,Yes,No,No,No internet service,No internet service,No internet service,No internet service,No internet service,No internet service,Two year,No,Bank transfer (automatic),21.62,1112.61,No
CUST-01494,Male,0,Yes,No,9,Yes,No,No,No internet service,No internet service,No internet service,No internet service,No internet service,No internet service,Month-to-month,Yes,Credit card (automatic),23.55,212.88,No
CUST-01495,Male,0,No,Yes,40,Yes,No,Fiber optic,No,No,Yes,No,Yes,No,Month-to-month,Yes,Bank transfer (automatic),81.7,3257.12,No
CUST-01496,Female,0,No,Yes,51,Yes,Yes,No,No internet service,No internet service,No internet service,No internet service,No internet service,No internet service,One year,No,Mailed check,21.88,1100.71,No
CUST-01497,Female,0,Yes,No,67,Yes,No,No,No internet service,No internet service,No internet service,No internet service,No internet service,No internet service,Month-to-month,Yes,Credit card (automatic),21.5,1436.67,No
CUST-01498,Male,0,No,Yes,5,Yes,Yes,Fiber optic,No,Yes,Yes,Yes,No,No,One year,No,Mailed check,82.78,388.01,No
CUST-01499,Female,0,No,No,20,Yes,No,Fiber optic,Yes,No,Yes,Yes,No,Yes,Month-to-month,Yes,Electronic check,97.53,1941.75,Yes
CUST-01500,Female,0,No,No,50,Yes,No,No,No internet service,No internet service,No internet service,No internet service,No internet service,No internet service,Month-to-month,Yes,Credit card (automatic),18.0,893.57,No
CUST-01501,Male,0,Yes,No,19,Yes,No,Fiber optic,No,No,Yes,Yes,Yes,No,Month-to-month,Yes,Bank transfer (automatic),85.54,1645.99,Yes
CUST-01502,Male,1,No,No,52,Yes,No,Fiber optic,Yes,No,No,No,No,No,One year,Yes,Electronic check,76.22,3976.71,No
CUST-01503,Male,0,Yes,Yes,13,Yes,Yes,DSL,Yes,No,No,Yes,No,Yes,One year,Yes,Electronic check,63.06,860.04,No
CUST-01504,Female,0,Yes,Yes,11,Yes,No,Fiber optic,Yes,No,Yes,Yes,No,Yes,Month-to-month,Yes,Credit card (automatic),98.66,1051.71,No
CUST-01505,Male,0,No,No,39,Yes,No,No,No internet service,No internet service,No internet service,No internet service,No internet service,No internet service,Month-to-month,No,Bank transfer (automatic),21.32,826.35,No
CUST-01506,Female,0,Yes,No,50,Yes,No,Fiber optic,Yes,Yes,Yes,No,No,Yes,Month-to-month,Yes,Bank transfer (automatic),94.56,4752.66,No
CUST-01507,Male,0,No,No,14,Yes,No,Fiber optic,Yes,No,No,Yes,Yes,No,One year,Yes,Bank transfer (automatic),81.84,1151.25,No
CUST-01508,Female,0,No,No,63,Yes,Yes,Fiber optic,No,Yes,No,No,Yes,No,One year,Yes,Credit card (automatic),83.14,5233.46,No
CUST-01509,Female,0,Yes,No,63,Yes,No,No,No internet service,No internet service,No internet service,No internet service,No internet service,No internet service,Two year,Yes,Mailed check,19.5,1209.85,No
CUST-01510,Male,0,Yes,No,5,Yes,Yes,Fiber optic,Yes,No,Yes,No,Yes,No,Two year,Yes,Electronic check,92.97,478.74,No
CUST-01511,Male,0,No,No,22,Yes,No,Fiber optic,No,Yes,No,Yes,Yes,Yes,Month-to-month,No,Credit card (automatic),98.46,2169.85,No
CUST-01512,Female,1,No,No,40,Yes,Yes,Fiber optic,Yes,No,Yes,Yes,Yes,Yes,Two year,Yes,Mailed check,105.62,4218.04,No
CUST-01513,Male,0,Yes,No,35,Yes,No,Fiber optic,Yes,Yes,Yes,No,No,No,Month-to-month,No,Bank transfer (automatic),90.14,3175.07,No
CUST-01514,Male,0,No,No,18,Yes,Yes,No,No internet service,No internet service,No internet service,No internet service,No internet service,No internet service,One year,No,Bank transfer (automatic),18.0,368.77,No
CUST-01515,Female,0,No,No,38,Yes,Yes,DSL,No,No,Yes,No,No,Yes,Month-to-month,No,Credit card (automatic),57.81,2179.01,No
CUST-01516,Male,0,No,No,70,Yes,No,No,No internet service,No internet service,No internet service,No internet service,No internet service,No internet service,One year,Yes,Electronic check,18.0,1271.66,No
CUST-01517,Male,0,Yes,Yes,22,Yes,No,DSL,Yes,Yes,Yes,Yes,No,Yes,One year,Yes,Credit card (automatic),77.48,1707.33,No
CUST-01518,Male,0,No,No,15,Yes,Yes,No,No internet service,No internet service,No internet service,No internet service,No internet service,No internet service,Month-to-month,Yes,Credit card (automatic),19.01,298.14,No
CUST-01519,Male,0,No,No,53,Yes,No,Fiber optic,Yes,No,Yes,Yes,No,No,Two year,Yes,Credit card (automatic),83.89,4472.58,No
CUST-01520,Female,0,Yes,No,41,Yes,No,Fiber optic,No,Yes,No,No,No,No,Two year,No,Credit card (automatic),73.72,3050.96,Yes
CUST-01521,Female,0,No,Yes,50,Yes,Yes,Fiber optic,Yes,No,No,No,Yes,No,Two year,Yes,Electronic check,80.28,4004.03,No
CUST-01522,Male,0,No,No,47,No,No phone service,Fiber optic,No,Yes,No,Yes,No,No,Month-to-month,Yes,Credit card (automatic),83.73,3902.14,Yes
CUST-01523,Male,1,No,No,55,Yes,No,No,No internet service,No internet service,No internet service,No internet service,No internet service,No internet service,Two year,No,Credit card (automatic),18.0,988.13,No
CUST-01524,Female,0,No,No,53,Yes,Yes,DSL,No,Yes,No,No,Yes,Yes,One year,Yes,Credit card (automatic),63.92,3386.01,No
CUST-01525,Male,1,No,No,44,Yes,Yes,DSL,No,Yes,Yes,Yes,No,Yes,One year,Yes,Credit card (automatic),61.39,2646.11,No
CUST-01526,Male,0,No,No,33,Yes,No,DSL,No,No,Yes,No,Yes,No,Month-to-month,Yes,Mailed check,53.39,1782.13,Yes
CUST-01527,Male,0,No,No,33,Yes,Yes,Fiber optic,Yes,No,Yes,Yes,No,No,Two year,Yes,Credit card (automatic),83.26,2737.08,Yes
CUST-01528,Male,0,Yes,No,19,Yes,Yes,Fiber optic,No,Yes,No,Yes,Yes,Yes,One year,No,Electronic check,94.33,1791.24,No
CUST-01529,Female,1,Yes,No,32,No,No phone service,DSL,No,No,No,Yes,Yes,No,One year,Yes,Credit card (automatic),57.05,1814.18,No
CUST-01530,Male,0,Yes,No,44,Yes,No,No,No internet service,No internet service,No internet service,No internet service,No internet service,No internet service,Two year,No,Electronic check,18.0,787.85,No
CUST-01531,Male,0,No,No,52,Yes,Yes,DSL,Yes,No,No,No,Yes,No,Month-to-month,Yes,Credit card (automatic),48.9,2568.33,No
CUST-01532,Female,0,Yes,Yes,56,Yes,Yes,Fiber optic,Yes,Yes,Yes,Yes,No,No,One year,Yes,Electronic check,92.61,5187.85,Yes
CUST-01533,Male,0,No,No,27,Yes,Yes,Fiber optic,No,No,No,Yes,Yes,No,Month-to-month,Yes,Bank transfer (automatic),78.71,2167.6,Yes
CUST-01534,Female,0,Yes,No,53,Yes,Yes,Fiber optic,Yes,Yes,Yes,Yes,Yes,No,Month-to-month,No,Electronic check,92.95,4938.93,Yes
CUST-01535,Male,0,Yes,No,31,Yes,Yes,DSL,Yes,Yes,No,Yes,Yes,No,Month-to-month,Yes,Electronic check,73.68,2298.11,No
CUST-01536,Male,0,No,No,26,No,No phone service,No,No internet service,No internet service,No internet service,No internet service,No internet service,No internet service,Month-to-month,Yes,Electronic check,18.0,463.92,No
CUST-01537,Male,1,No,No,11,Yes,Yes,Fiber optic,Yes,No,No,No,No,Yes,Month-to-month,Yes,Mailed check,76.15,836.45,No
CUST-01538,Female,0,Yes,No,19,Yes,No,Fiber optic,Yes,No,Yes,Yes,No,Yes,Month-to-month,Yes,Credit card (automatic),88.5,1702.15,Yes
CUST-01539,Female,0,Yes,No,49,Yes,Yes,DSL,No,Yes,Yes,No,Yes,No,Month-to-month,No,Electronic check,60.81,3003.43,No
CUST-01540,Male,0,Yes,No,15,Yes,Yes,No,No internet service,No internet service,No internet service,No internet service,No internet service,No internet service,One year,No,Electronic check,18.0,275.33,No
CUST-01541,Male,0,Yes,No,5,Yes,No,No,No internet service,No internet service,No internet service,No internet service,No internet service,No internet service,Month-to-month,Yes,Mailed check,18.0,101.14,No
CUST-01542,Male,0,Yes,No,19,Yes,No,Fiber optic,Yes,Yes,No,Yes,Yes,Yes,Month-to-month,Yes,Electronic check,98.01,1859.39,Yes
CUST-01543,Female,1,No,No,72,No,No phone service,DSL,No,Yes,Yes,Yes,No,No,Month-to-month,Yes,Mailed check,68.71,4951.52,No
CUST-01544,Male,0,Yes,No,10,Yes,No,Fiber optic,Yes,Yes,Yes,No,Yes,Yes,Month-to-month,No,Mailed check,93.2,933.74,Yes
CUST-01545,Female,0,Yes,Yes,10,Yes,Yes,Fiber optic,No,Yes,No,Yes,Yes,No,Month-to-month,Yes,Bank transfer (automatic),86.13,862.09,No
CUST-01546,Female,0,Yes,No,29,Yes,No,DSL,Yes,No,Yes,Yes,No,Yes,Two year,No,Bank transfer (automatic),72.92,2134.72,No
CUST-01547,Female,0,Yes,No,27,Yes,No,Fiber optic,No,Yes,No,Yes,No,No,One year,Yes,Credit card (automatic),78.64,2122.28,No
CUST-01548,Male,0,No,No,67,Yes,Yes,Fiber optic,No,Yes,Yes,Yes,Yes,No,Month-to-month,Yes,Mailed check,85.77,5734.01,Yes
CUST-01549,Male,0,Yes,Yes,17,Yes,Yes,No,No internet service,No internet service,No internet service,No internet service,No internet service,No internet service,Month-to-month,No,Credit card (automatic),18.39,307.24,Yes
CUST-01550,Male,1,Yes,No,30,Yes,Yes,Fiber optic,No,No,No,No,Yes,No,Month-to-month,Yes,Bank transfer (automatic),80.34,2404.47,Yes
CUST-01551,Female,0,No,No,21,Yes,No,Fiber optic,No,Yes,Yes,No,No,No,One year,Yes,Credit card (automatic),82.98,1751.4,Yes
CUST-01552,Female,0,No,No,18,No,No phone service,No,No internet service,No internet service,No internet service,No internet service,No internet service,No internet service,Two year,No,Bank transfer (automatic),21.59,377.46,No
CUST-01553,Female,0,No,No,23,No,No phone service,Fiber optic,Yes,Yes,Yes,Yes,Yes,Yes,Month-to-month,No,Electronic check,100.4,2331.71,Yes
CUST-01554,Male,0,No,No,18,Yes,Yes,DSL,No,Yes,Yes,Yes,No,No,Month-to-month,No,Electronic check,56.0,1002.61,Yes
CUST-01555,Male,1,No,Yes,52,Yes,No,Fiber optic,Yes,No,Yes,No,No,Yes,One year,No,Credit card (automatic),85.2,4461.78,No
CUST-01556,Female,0,No,No,57,Yes,Yes,Fiber optic,Yes,No,Yes,Yes,Yes,No,Month-to-month,Yes,Electronic check,83.61,4766.29,Yes
CUST-01557,Female,1,No,No,12,Yes,No,No,No internet service,No internet service,No internet service,No internet service,No internet service,No internet service,Month-to-month,Yes,Credit card (automatic),18.81,236.29,No
CUST-01558,Female,0,Yes,Yes,36,Yes,No,No,No internet service,No internet service,No internet service,No internet service,No internet service,No internet service,One year,Yes,Mailed check,20.85,770.47,No
CUST-01559,Female,0,No,Yes,19,Yes,Yes,Fiber optic,Yes,No,No,Yes,Yes,Yes,One year,Yes,Credit card (automatic),90.9,1751.57,No
CUST-01560,Male,1,No,Yes,63,Yes,Yes,No,No internet service,No internet service,No internet service,No internet service,No internet service,No internet service,Month-to-month,No,Mailed check,22.43,1425.63,No
CUST-01561,Male,0,No,Yes,7,Yes,No,DSL,No,No,No,No,Yes,Yes,Two year,Yes,Electronic check,58.58,462.49,No
CUST-01562,Male,0,Yes,No,29,Yes,No,DSL,Yes,No,No,No,Yes,No,Month-to-month,No,Mailed check,55.59,1612.18,No
CUST-01563,Female,0,No,No,24,Yes,No,DSL,Yes,No,No,No,Yes,Yes,Month-to-month,Yes,Credit card (automatic),55.84,1309.98,No
CUST-01564,Female,0,Yes,No,26,Yes,No,Fiber optic,No,Yes,Yes,No,Yes,Yes,One year,Yes,Bank transfer (automatic),85.67,2226.73,Yes
CUST-01565,Male,0,No,No,68,No,No phone service,DSL,No,Yes,No,No,Yes,No,One year,Yes,Bank transfer (automatic),55.34,3779.02,No
CUST-01566,Female,0,Yes,No,39,Yes,No,DSL,Yes,No,No,No,Yes,Yes,One year,Yes,Bank transfer (automatic),62.51,2446.99,No
CUST-01567,Female,0,No,No,27,Yes,Yes,No,No internet service,No internet service,No internet service,No internet service,No internet service,No internet service,One year,Yes,Bank transfer (automatic),18.0,465.64,No
CUST-01568,Female,1,No,No,58,Yes,Yes,DSL,No,No,Yes,Yes,No,Yes,One year,Yes,Bank transfer (automatic),59.14,3423.36,No
CUST-01569,Female,0,Yes,No,56,No,No phone service,DSL,No,Yes,No,No,No,No,Two year,No,Mailed check,51.51,2868.37,Yes
CUST-01570,Male,0,Yes,No,10,Yes,Yes,Fiber optic,Yes,No,No,Yes,No,Yes,One year,Yes,Electronic check,82.44,811.12,No
CUST-01571,Male,0,Yes,No,33,Yes,No,DSL,No,Yes,No,No,No,No,Month-to-month,Yes,Credit card (automatic),49.52,1632.29,No
CUST-01572,Female,0,No,No,30,Yes,No,DSL,No,Yes,No,No,Yes,Yes,One year,Yes,Mailed check,62.8,1893.33,No
CUST-01573,Female,0,No,No,32,Yes,No,DSL,Yes,No,Yes,Yes,Yes,Yes,Month-to-month,Yes,Credit card (automatic),73.0,2321.42,Yes
CUST-01574,Male,0,No,No,25,Yes,No,DSL,Yes,No,No,Yes,No,No,One year,No,Bank transfer (automatic),54.18,1341.81,No
CUST-01575,Male,0,Yes,No,60,Yes,No,No,No internet service,No internet service,No internet service,No internet service,No internet service,No internet service,Month-to-month,No,Credit card (automatic),19.6,1190.21,No
CUST-01576,Female,0,No,Yes,72,Yes,Yes,Fiber optic,No,Yes,No,No,Yes,Yes,Month-to-month,Yes,Bank transfer (automatic),90.45,6495.27,Yes
CUST-01577,Female,0,No,No,1,Yes,Yes,Fiber optic,No,Yes,Yes,Yes,No,No,One year,Yes,Electronic check,80.3,62.27,Yes
CUST-01578,Male,0,Yes,No,62,No,No phone service,Fiber optic,Yes,Yes,No,Yes,Yes,Yes,One year,Yes,Electronic check,97.1,6064.17,No
CUST-01579,Female,0,Yes,No,63,Yes,Yes,No,No internet service,No internet service,No internet service,No internet service,No internet service,No internet service,Month-to-month,No,Electronic check,20.12,1257.02,No
CUST-01580,Male,0,Yes,No,26,Yes,No,No,No internet service,No internet service,No internet service,No internet service,No internet service,No internet service,Month-to-month,Yes,Electronic check,22.75,554.99,No
CUST-01581,Male,0,Yes,Yes,35,Yes,No,Fiber optic,No,No,Yes,No,No,Yes,Two year,No,Credit card (automatic),80.6,2796.2,No
CUST-01582,Female,0,Yes,No,7,Yes,No,DSL,No,No,No,No,Yes,Yes,Two year,Yes,Electronic check,56.17,353.33,Yes
CUST-01583,Male,0,Yes,No,25,Yes,No,DSL,No,Yes,No,Yes,Yes,Yes,Month-to-month,No,Credit card (automatic),68.54,1746.49,No
CUST-01584,Female,0,Yes,No,17,Yes,Yes,DSL,Yes,No,Yes,No,Yes,Yes,Month-to-month,Yes,Mailed check,65.81,1117.32,Yes
CUST-01585,Male,1,Yes,No,66,Yes,Yes,No,No internet service,No internet service,No internet service,No internet service,No internet service,No internet service,Month-to-month,Yes,Credit card (automatic),18.0,1167.18,Yes
CUST-01586,Female,0,Yes,Yes,7,No,No phone service,Fiber optic,Yes,No,Yes,No,Yes,No,Month-to-month,Yes,Credit card (automatic),82.58,589.28,Yes
CUST-01587,Male,0,No,Yes,24,Yes,Yes,DSL,No,No,Yes,No,Yes,No,Month-to-month,No,Credit card (automatic),47.87,1183.13,Yes
CUST-01588,Female,0,No,No,35,Yes,Yes,DSL,Yes,Yes,Yes,Yes,No,No,Two year,No,Mailed check,68.68,2400.38,No
CUST-01589,Male,0,Yes,Yes,71,Yes,No,No,No internet service,No internet service,No internet service,No internet service,No internet service,No internet service,Month-to-month,No,Electronic check,24.19,1750.15,Yes
CUST-01590,Female,0,No,No,59,Yes,No,Fiber optic,Yes,Yes,Yes,No,No,No,Month-to-month,Yes,Bank transfer (automatic),86.48,5095.6,No
CUST-01591,Male,0,No,No,68,Yes,Yes,DSL,No,Yes,No,Yes,No,No,Month-to-month,No,Bank transfer (automatic),55.85,3774.27,No
CUST-01592,Male,0,Yes,No,22,Yes,Yes,No,No internet service,No internet service,No internet service,No internet service,No internet service,No internet service,Month-to-month,Yes,Mailed check,20.96,497.32,No
CUST-01593,Male,0,Yes,No,19,Yes,No,Fiber optic,No,No,Yes,Yes,Yes,Yes,Month-to-month,No,Electronic check,89.18,1680.0,Yes
CUST-01594,Female,0,Yes,Yes,41,Yes,No,Fiber optic,No,Yes,Yes,No,No,No,Month-to-month,No,Mailed check,77.84,3180.13,No
CUST-01595,Male,0,No,No,24,Yes,No,Fiber optic,No,No,Yes,No,No,Yes,Month-to-month,Yes,Mailed check,86.28,2091.5,Yes
CUST-01596,Female,0,Yes,No,1,Yes,No,Fiber optic,No,No,Yes,No,No,Yes,One year,No,Electronic check,81.85,82.56,Yes
CUST-01597,Female,0,Yes,Yes,59,Yes,Yes,DSL,No,No,No,No,Yes,Yes,Month-to-month,No,Electronic check,59.91,3532.48,No
CUST-01598,Female,0,No,No,6,Yes,Yes,No,No internet service,No internet service,No internet service,No internet service,No internet service,No internet service,One year,No,Mailed check,18.0,102.91,No
CUST-01599,Female,1,No,No,14,No,No phone service,No,No internet service,No internet service,No internet service,No internet service,No internet service,No internet service,Two year,Yes,Mailed check,21.33,285.3,No
CUST-01600,Male,0,Yes,Yes,68,Yes,Yes,Fiber optic,Yes,Yes,Yes,No,Yes,Yes,Month-to-month,No,Bank transfer (automatic),86.39,5878.14,No
CUST-01601,Female,0,No,Yes,53,Yes,Yes,Fiber optic,Yes,No,Yes,Yes,Yes,No,Month-to-month,Yes,Bank transfer (automatic),89.38,4746.89,Yes
CUST-01602,Female,0,No,No,46,Yes,Yes,No,No internet service,No internet service,No internet service,No internet service,No internet service,No internet service,Two year,Yes,Bank transfer (automatic),19.05,871.83,No
CUST-01603,Male,0,No,No,9,Yes,No,DSL,Yes,Yes,No,No,No,Yes,Month-to-month,Yes,Credit card (automatic),57.25,526.58,Yes
CUST-01604,Male,1,No,No,18,Yes,Yes,DSL,No,Yes,No,No,Yes,No,Month-to-month,Yes,Credit card (automatic),54.36,986.72,No
CUST-01605,Female,0,No,No,15,Yes,No,No,No internet service,No internet service,No internet service,No internet service,No internet service,No internet service,Two year,Yes,Electronic check,18.81,289.9,No
CUST-01606,Male,0,Yes,No,46,Yes,No,DSL,No,No,No,No,No,Yes,One year,No,Mailed check,51.81,2377.58,Yes
CUST-01607,Female,0,Yes,Yes,36,Yes,Yes,Fiber optic,Yes,No,No,No,Yes,Yes,Two year,Yes,Credit card (automatic),79.43,2852.05,No
CUST-01608,Male,1,No,No,26,Yes,No,Fiber optic,No,Yes,Yes,No,No,Yes,Month-to-month,Yes,Credit card (automatic),80.03,2088.19,No
CUST-01609,Male,0,Yes,No,54,Yes,Yes,DSL,No,No,No,No,No,Yes,Month-to-month,No,Electronic check,53.06,2841.25,Yes
CUST-01610,Female,0,No,No,56,Yes,No,DSL,No,Yes,Yes,No,No,No,Month-to-month,Yes,Electronic check,56.2,3205.19,Yes
CUST-01611,Male,0,Yes,No,53,Yes,No,Fiber optic,No,Yes,Yes,No,No,Yes,Month-to-month,No,Credit card (automatic),97.07,5094.41,No
CUST-01612,Female,0,No,No,7,Yes,Yes,DSL,Yes,No,Yes,Yes,Yes,No,Month-to-month,No,Electronic check,62.0,422.78,No
CUST-01613,Female,0,Yes,Yes,44,Yes,Yes,DSL,No,Yes,Yes,Yes,No,No,Month-to-month,Yes,Mailed check,64.69,2856.64,No
CUST-01614,Male,0,Yes,No,15,Yes,Yes,Fiber optic,No,Yes,Yes,No,Yes,No,Month-to-month,Yes,Credit card (automatic),86.46,1311.5,Yes
CUST-01615,Male,0,No,Yes,19,Yes,Yes,DSL,Yes,No,Yes,Yes,Yes,No,Month-to-month,Yes,Electronic check,70.46,1321.85,Yes
CUST-01616,Female,0,Yes,No,71,Yes,No,Fiber optic,No,No,Yes,Yes,Yes,Yes,Month-to-month,No,Credit card (automatic),87.39,6191.68,Yes
CUST-01617,Female,1,No,Yes,30,Yes,Yes,No,No internet service,No internet service,No internet service,No internet service,No internet service,No internet service,Month-to-month,Yes,Credit card (automatic),19.5,586.0,Yes
CUST-01618,Male,0,No,No,57,Yes,Yes,Fiber optic,Yes,No,No,Yes,No,Yes,One year,Yes,Credit card (automatic),88.78,5033.3,No
CUST-01619,Female,0,No,Yes,17,Yes,Yes,Fiber optic,Yes,No,Yes,No,Yes,Yes,Month-to-month,No,Electronic check,94.93,1589.76,Yes
CUST-01620,Male,1,No,No,70,Yes,No,Fiber optic,No,No,Yes,No,Yes,No,One year,No,Electronic check,86.08,6043.13,No
CUST-01621,Male,0,No,Yes,20,Yes,Yes,No,No internet service,No internet service,No internet service,No internet service,No internet service,No internet service,Month-to-month,No,Bank transfer (automatic),19.09,398.14,No
CUST-01622,Female,1,No,No,13,Yes,No,No,No internet service,No internet service,No internet service,No internet service,No internet service,No internet service,Month-to-month,Yes,Mailed check,22.38,291.17,Yes
CUST-01623,Male,0,Yes,No,23,Yes,No,No,No internet service,No internet service,No internet service,No internet service,No internet service,No internet service,Two year,No,Credit card (automatic),18.0,429.4,No
CUST-01624,Female,1,No,No,12,Yes,No,DSL,No,No,No,Yes,Yes,Yes,Two year,No,Electronic check,66.2,796.26,No
CUST-01625,Female,0,No,No,43,Yes,No,DSL,No,Yes,No,Yes,No,Yes,Month-to-month,Yes,Mailed check,52.6,2246.32,Yes
CUST-01626,Female,0,Yes,No,10,No,No phone service,DSL,Yes,No,Yes,Yes,No,Yes,Month-to-month,No,Electronic check,69.74,674.23,No
CUST-01627,Female,0,No,No,15,Yes,Yes,DSL,Yes,No,No,No,No,No,Two year,Yes,Bank transfer (automatic),56.38,858.19,No
CUST-01628,Male,0,Yes,No,51,Yes,No,DSL,No,Yes,No,No,Yes,No,Month-to-month,Yes,Bank transfer (automatic),57.65,2926.66,No
CUST-01629,Male,1,No,Yes,3,Yes,No,No,No internet service,No internet service,No internet service,No internet service,No internet service,No internet service,Month-to-month,Yes,Bank transfer (automatic),18.27,70.99,Yes
CUST-01630,Female,0,Yes,No,32,Yes,Yes,DSL,No,No,Yes,Yes,No,Yes,Month-to-month,Yes,Bank transfer (automatic),62.35,1989.09,Yes
CUST-01631,Female,0,No,No,50,Yes,Yes,DSL,No,Yes,Yes,Yes,No,No,Month-to-month,Yes,Electronic check,59.66,3008.98,No
CUST-01632,Male,0,Yes,No,32,Yes,No,No,No internet service,No internet service,No internet service,No internet service,No internet service,No internet service,One year,Yes,Mailed check,18.0,556.87,No
CUST-01633,Female,0,No,No,1,Yes,Yes,No,No internet service,No internet service,No internet service,No internet service,No internet service,No internet service,One year,Yes,Bank transfer (automatic),18.0,0.0,Yes
CUST-01634,Male,0,Yes,No,11,Yes,Yes,DSL,Yes,Yes,No,No,Yes,No,Month-to-month,No,Mailed check,57.56,637.28,No
CUST-01635,Female,0,No,No,70,Yes,No,DSL,Yes,No,Yes,No,No,Yes,Month-to-month,Yes,Credit card (automatic),58.84,4111.84,Yes
CUST-01636,Male,0,No,No,56,Yes,No,No,No internet service,No internet service,No internet service,No internet service,No internet service,No internet service,Month-to-month,No,Electronic check,18.94,1063.59,No
CUST-01637,Female,1,No,No,25,No,No phone service,No,No internet service,No internet service,No internet service,No internet service,No internet service,No internet service,One year,Yes,Mailed check,22.23,554.29,No
CUST-01638,Male,0,Yes,Yes,63,Yes,Yes,Fiber optic,Yes,Yes,No,No,No,No,Two year,Yes,Mailed check,85.34,5366.11,No
CUST-01639,Male,0,Yes,No,0,Yes,No,Fiber optic,No,Yes,Yes,No,Yes,No,Month-to-month,Yes,Electronic check,90.48,0.0,Yes
CUST-01640,Female,0,Yes,No,3,Yes,No,Fiber optic,Yes,No,No,No,No,No,One year,No,Credit card (automatic),73.1,175.51,No
CUST-01641,Male,0,No,Yes,64,Yes,No,No,No internet service,No internet service,No internet service,No internet service,No internet service,No internet service,Month-to-month,No,Mailed check,20.16,1320.04,No
CUST-01642,Male,0,Yes,No,49,Yes,No,DSL,No,Yes,Yes,Yes,No,No,One year,Yes,Credit card (automatic),63.39,3093.28,No
CUST-01643,Female,0,No,No,43,Yes,No,Fiber optic,No,No,No,No,Yes,No,Month-to-month,Yes,Bank transfer (automatic),77.01,3320.14,No
CUST-01644,Male,0,Yes,No,25,Yes,No,No,No internet service,No internet service,No internet service,No internet service,No internet service,No internet service,Month-to-month,Yes,Bank transfer (automatic),21.53,496.64,No
CUST-01645,Male,0,No,No,59,Yes,No,Fiber optic,Yes,Yes,Yes,No,No,No,Month-to-month,Yes,Credit card (automatic),87.6,5150.66,No
CUST-01646,Male,0,Yes,No,44,Yes,Yes,DSL,Yes,No,Yes,Yes,No,No,Two year,Yes,Electronic check,64.41,2839.04,No
CUST-01647,Female,0,Yes,No,31,Yes,Yes,Fiber optic,Yes,Yes,Yes,Yes,Yes,Yes,Month-to-month,No,Credit card (automatic),102.67,3218.9,No
CUST-01648,Female,0,Yes,No,27,Yes,No,Fiber optic,No,No,No,Yes,Yes,Yes,Month-to-month,Yes,Credit card (automatic),92.84,2515.51,Yes
CUST-01649,Female,0,Yes,No,25,Yes,Yes,DSL,Yes,Yes,No,No,Yes,No,Two year,No,Credit card (automatic),71.11,1788.73,No
CUST-01650,Male,0,Yes,Yes,41,Yes,Yes,Fiber optic,Yes,Yes,Yes,Yes,No,No,Two year,Yes,Bank transfer (automatic),95.86,3920.29,No
CUST-01651,Male,0,Yes,No,47,Yes,Yes,DSL,Yes,No,Yes,Yes,Yes,Yes,Month-to-month,Yes,Mailed check,72.16,3391.08,No
CUST-01652,Male,0,No,No,58,Yes,No,No,No internet service,No internet service,No internet service,No internet service,No internet service,No internet service,Month-to-month,No,Electronic check,21.92,1267.21,No
CUST-01653,Female,0,No,Yes,29,Yes,No,DSL,No,Yes,No,No,No,No,Two year,Yes,Bank transfer (automatic),49.53,1442.32,No
CUST-01654,Male,0,Yes,No,18,Yes,Yes,No,No internet service,No internet service,No internet service,No internet service,No internet service,No internet service,Month-to-month,No,Mailed check,18.0,348.61,No
CUST-01655,Male,0,No,No,40,Yes,No,Fiber optic,Yes,No,No,Yes,Yes,No,Month-to-month,Yes,Mailed check,87.78,3503.98,No
CUST-01656,Female,1,Yes,No,42,Yes,Yes,No,No internet service,No internet service,No internet service,No internet service,No internet service,No internet service,Month-to-month,Yes,Credit card (automatic),18.0,756.31,No
CUST-01657,Female,0,Yes,No,20,Yes,Yes,No,No internet service,No internet service,No internet service,No internet service,No internet service,No internet service,Month-to-month,No,Electronic check,18.0,351.91,No
CUST-01658,Female,0,Yes,No,5,Yes,Yes,No,No internet service,No internet service,No internet service,No internet service,No internet service,No internet service,One year,Yes,Electronic check,19.14,90.3,No
CUST-01659,Male,0,Yes,No,24,Yes,Yes,No,No internet service,No internet service,No internet service,No internet service,No internet service,No internet service,Two year,Yes,Mailed check,20.01,502.71,No
CUST-01660,Female,0,Yes,No,5,Yes,No,Fiber optic,Yes,No,Yes,No,Yes,Yes,Month-to-month,Yes,Credit card (automatic),93.36,475.55,Yes
CUST-01661,Female,0,No,No,5,Yes,No,DSL,Yes,No,No,No,Yes,Yes,Two year,Yes,Bank transfer (automatic),55.21,282.21,No
CUST-01662,Male,1,No,No,70,Yes,Yes,DSL,No,Yes,Yes,Yes,No,Yes,One year,Yes,Mailed check,64.33,4500.37,No
CUST-01663,Female,0,No,No,57,Yes,Yes,Fiber optic,No,Yes,No,No,No,Yes,One year,No,Credit card (automatic),83.8,4759.13,Yes
CUST-01664,Female,0,No,Yes,2,Yes,Yes,Fiber optic,Yes,No,Yes,Yes,No,No,Month-to-month,Yes,Bank transfer (automatic),89.76,193.25,Yes
CUST-01665,Male,0,Yes,No,25,Yes,No,Fiber optic,No,No,No,Yes,Yes,Yes,Month-to-month,Yes,Credit card (automatic),87.51,2204.34,No
CUST-01666,Female,0,No,No,18,Yes,No,DSL,Yes,Yes,Yes,Yes,No,Yes,One year,No,Bank transfer (automatic),82.27,1498.3,No
CUST-01667,Female,0,Yes,No,71,Yes,No,Fiber optic,No,Yes,Yes,Yes,No,Yes,One year,No,Mailed check,93.74,6655.06,No
CUST-01668,Female,0,Yes,No,31,Yes,No,DSL,Yes,Yes,Yes,No,No,Yes,Month-to-month,No,Bank transfer (automatic),62.52,1922.39,No
CUST-01669,Female,0,Yes,No,18,Yes,No,DSL,No,Yes,No,Yes,No,Yes,Month-to-month,No,Mailed check,64.47,1173.11,No
CUST-01670,Female,1,Yes,No,46,Yes,Yes,Fiber optic,No,Yes,Yes,No,No,No,Month-to-month,Yes,Mailed check,79.81,3692.7,Yes
CUST-01671,Female,0,No,Yes,34,Yes,Yes,Fiber optic,No,No,Yes,No,No,Yes,Month-to-month,Yes,Credit card (automatic),84.27,2881.8,No
CUST-01672,Male,1,Yes,No,13,Yes,Yes,No,No internet service,No internet service,No internet service,No internet service,No internet service,No internet service,Month-to-month,No,Bank transfer (automatic),19.85,242.28,No
CUST-01673,Female,0,Yes,No,22,Yes,No,Fiber optic,No,Yes,Yes,Yes,No,Yes,Month-to-month,Yes,Mailed check,96.74,2135.66,Yes
CUST-01674,Female,0,No,Yes,9,Yes,Yes,No,No internet service,No internet service,No internet service,No internet service,No internet service,No internet service,Month-to-month,Yes,Bank transfer (automatic),21.8,157.13,No
CUST-01675,Female,0,No,No,50,Yes,Yes,DSL,No,No,Yes,Yes,Yes,No,Two year,No,Mailed check,60.49,3051.14,No
CUST-01676,Male,0,No,No,70,Yes,Yes,DSL,No,No,No,No,No,Yes,Two year,Yes,Credit card (automatic),56.63,3967.37,No
CUST-01677,Male,1,No,No,59,Yes,No,Fiber optic,No,No,No,Yes,No,Yes,Month-to-month,Yes,Credit card (automatic),81.3,4800.55,Yes
CUST-01678,Female,0,No,No,27,Yes,Yes,DSL,No,No,Yes,Yes,No,Yes,Month-to-month,Yes,Bank transfer (automatic),61.57,1693.23,Yes
CUST-01679,Female,1,Yes,Yes,35,Yes,Yes,No,No internet service,No internet service,No internet service,No internet service,No internet service,No internet service,Month-to-month,Yes,Credit card (automatic),23.73,818.69,No
CUST-01680,Female,0,Yes,No,4,No,No phone service,No,No internet service,No internet service,No internet service,No internet service,No internet service,No internet service,Month-to-month,Yes,Electronic check,18.0,74.32,No
CUST-01681,Male,0,Yes,No,26,Yes,No,DSL,Yes,No,No,No,No,No,Two year,No,Credit card (automatic),46.13,1182.13,No
CUST-01682,Male,0,Yes,No,2,Yes,Yes,Fiber optic,Yes,No,Yes,Yes,Yes,Yes,Month-to-month,Yes,Bank transfer (automatic),98.59,167.24,Yes
CUST-01683,Female,0,No,No,54,Yes,No,Fiber optic,Yes,No,Yes,No,No,No,Two year,Yes,Credit card (automatic),79.6,4303.98,No
CUST-01684,Male,1,No,No,66,Yes,Yes,DSL,Yes,No,Yes,Yes,No,No,Month-to-month,Yes,Credit card (automatic),65.53,4329.64,No
CUST-01685,Female,0,No,Yes,13,Yes,No,Fiber optic,No,Yes,No,Yes,No,No,Two year,Yes,Credit card (automatic),83.15,1038.48,No
CUST-01686,Male,0,No,No,49,No,No phone service,Fiber optic,No,No,Yes,Yes,Yes,Yes,One year,Yes,Electronic check,96.95,4765.14,Yes
CUST-01687,Male,0,No,No,43,Yes,Yes,No,No internet service,No internet service,No internet service,No internet service,No internet service,No internet service,One year,Yes,Mailed check,18.27,784.77,No
CUST-01688,Female,0,No,No,30,Yes,Yes,DSL,No,No,No,No,Yes,No,Two year,No,Mailed check,50.81,1539.35,No
CUST-01689,Male,0,No,No,53,Yes,Yes,Fiber optic,No,Yes,No,Yes,No,No,Month-to-month,Yes,Bank transfer (automatic),86.48,4588.14,No
CUST-01690,Female,0,Yes,Yes,49,Yes,Yes,DSL,No,No,Yes,No,No,No,Month-to-month,Yes,Mailed check,52.36,2586.55,No
CUST-01691,Female,0,Yes,No,19,No,No phone service,DSL,No,Yes,No,No,No,Yes,Month-to-month,No,Mailed check,60.28,1168.53,Yes
CUST-01692,Female,0,No,No,58,Yes,Yes,Fiber optic,Yes,No,No,Yes,Yes,No,Two year,Yes,Bank transfer (automatic),89.79,5211.81,No
CUST-01693,Male,0,Yes,No,47,Yes,Yes,Fiber optic,Yes,Yes,Yes,No,Yes,Yes,Two year,Yes,Mailed check,107.02,5048.4,Yes
CUST-01694,Male,0,No,No,22,No,No phone service,Fiber optic,Yes,Yes,Yes,Yes,Yes,Yes,Month-to-month,Yes,Bank transfer (automatic),98.11,2176.07,No
CUST-01695,Female,0,Yes,No,53,Yes,Yes,No,No internet service,No internet service,No internet service,No internet service,No internet service,No internet service,One year,Yes,Credit card (automatic),18.0,930.36,No
CUST-01696,Male,0,No,Yes,46,Yes,No,DSL,Yes,No,No,Yes,Yes,No,Month-to-month,Yes,Bank transfer (automatic),60.0,2742.34,No
CUST-01697,Male,1,Yes,No,8,Yes,Yes,Fiber optic,No,Yes,No,No,No,No,Month-to-month,Yes,Mailed check,74.01,571.88,Yes
CUST-01698,Male,0,Yes,No,12,Yes,No,DSL,No,No,No,Yes,No,Yes,One year,Yes,Credit card (automatic),54.58,668.24,No
CUST-01699,Female,0,No,No,23,Yes,No,No,No internet service,No internet service,No internet service,No internet service,No internet service,No internet service,Month-to-month,Yes,Electronic check,21.35,476.9,No
CUST-01700,Male,0,Yes,No,3,Yes,No,DSL,Yes,No,No,Yes,Yes,Yes,Month-to-month,Yes,Electronic check,65.22,155.01,Yes
CUST-01701,Male,0,No,No,29,Yes,No,DSL,No,No,Yes,Yes,Yes,Yes,One year,No,Mailed check,64.47,1849.45,No
CUST-01702,Female,0,Yes,No,33,Yes,No,Fiber optic,Yes,No,Yes,No,Yes,No,Month-to-month,Yes,Bank transfer (automatic),87.58,2882.49,Yes
CUST-01703,Male,0,Yes,No,56,Yes,No,Fiber optic,Yes,No,No,Yes,Yes,Yes,Month-to-month,Yes,Credit card (automatic),87.72,4921.51,No
CUST-01704,Female,0,Yes,No,12,Yes,Yes,Fiber optic,No,Yes,No,No,No,No,Month-to-month,No,Bank transfer (automatic),74.8,923.46,No
CUST-01705,Female,0,No,Yes,41,Yes,No,No,No internet service,No internet service,No internet service,No internet service,No internet service,No internet service,Month-to-month,No,Bank transfer (automatic),20.96,878.41,No
CUST-01706,Female,0,No,No,48,Yes,Yes,Fiber optic,Yes,No,Yes,Yes,No,Yes,One year,Yes,Mailed check,92.43,4440.2,No
CUST-01707,Female,0,Yes,No,32,Yes,No,Fiber optic,No,No,No,Yes,Yes,Yes,Two year,Yes,Electronic check,81.66,2596.58,No
CUST-01708,Male,0,Yes,Yes,66,Yes,No,No,No internet service,No internet service,No internet service,No internet service,No internet service,No internet service,Month-to-month,No,Mailed check,22.38,1436.99,No
CUST-01709,Male,0,No,Yes,23,Yes,Yes,Fiber optic,No,No,Yes,Yes,Yes,Yes,Two year,No,Bank transfer (automatic),85.83,1964.35,No
CUST-01710,Male,0,No,No,29,Yes,Yes,DSL,No,No,Yes,No,No,No,One year,Yes,Credit card (automatic),47.89,1383.08,No
CUST-01711,Male,0,Yes,No,0,Yes,Yes,No,No internet service,No internet service,No internet service,No internet service,No internet service,No internet service,Two year,Yes,Electronic check,18.93,2.0,No
CUST-01712,Female,0,Yes,Yes,29,Yes,No,Fiber optic,No,Yes,Yes,No,No,No,One year,No,Mailed check,80.73,2359.07,No
CUST-01713,Female,0,Yes,Yes,1,Yes,No,No,No internet service,No internet service,No internet service,No internet service,No internet service,No internet service,Month-to-month,Yes,Electronic check,24.12,37.55,No
CUST-01714,Female,0,Yes,No,71,Yes,No,Fiber optic,Yes,Yes,No,No,Yes,No,One year,Yes,Bank transfer (automatic),84.35,5990.72,No
CUST-01715,Female,0,No,No,17,Yes,No,DSL,No,Yes,No,No,No,No,Month-to-month,Yes,Mailed check,51.08,860.39,No
CUST-01716,Female,0,No,No,59,Yes,Yes,No,No internet service,No internet service,No internet service,No internet service,No internet service,No internet service,Month-to-month,Yes,Credit card (automatic),18.0,1031.54,No
CUST-01717,Male,0,No,No,8,Yes,Yes,DSL,Yes,Yes,Yes,Yes,Yes,No,Month-to-month,Yes,Credit card (automatic),68.25,529.99,No
CUST-01718,Male,1,No,No,20,Yes,Yes,No,No internet service,No internet service,No internet service,No internet service,No internet service,No internet service,Month-to-month,No,Credit card (automatic),18.0,340.7,No
CUST-01719,Female,0,Yes,Yes,8,Yes,No,No,No internet service,No internet service,No internet service,No internet service,No internet service,No internet service,Month-to-month,Yes,Electronic check,22.75,233.85,No
CUST-01720,Male,0,No,No,26,Yes,No,No,No internet service,No internet service,No internet service,No internet service,No internet service,No internet service,Two year,Yes,Credit card (automatic),20.34,568.74,No
CUST-01721,Female,0,Yes,No,43,Yes,Yes,DSL,No,No,No,No,No,Yes,Month-to-month,No,Electronic check,49.25,2092.57,Yes
CUST-01722,Female,0,Yes,No,30,No,No phone service,Fiber optic,Yes,Yes,Yes,No,Yes,No,Month-to-month,Yes,Bank transfer (automatic),89.4,2689.86,No
CUST-01723,Female,0,No,No,44,Yes,Yes,DSL,Yes,No,No,Yes,No,No,Two year,Yes,Electronic check,51.98,2260.1,No
CUST-01724,Female,0,Yes,No,58,Yes,Yes,Fiber optic,No,No,Yes,Yes,No,No,Month-to-month,Yes,Bank transfer (automatic),76.93,4466.41,Yes
CUST-01725,Female,1,No,No,3,Yes,No,Fiber optic,No,No,Yes,No,No,Yes,Month-to-month,Yes,Credit card (automatic),76.13,218.58,Yes
CUST-01726,Female,0,No,Yes,30,Yes,No,Fiber optic,Yes,Yes,No,No,No,Yes,Two year,Yes,Mailed check,94.51,2832.46,No
CUST-01727,Female,0,No,No,43,Yes,No,Fiber optic,No,Yes,Yes,No,Yes,No,Two year,No,Mailed check,90.18,3898.77,No
CUST-01728,Male,0,No,No,38,Yes,Yes,No,No internet service,No internet service,No internet service,No internet service,No internet service,No internet service,One year,No,Mailed check,19.05,731.35,No
CUST-01729,Male,0,Yes,No,10,Yes,Yes,DSL,Yes,No,No,No,No,Yes,Month-to-month,Yes,Bank transfer (automatic),56.17,579.1,No
CUST-01730,Female,1,Yes,No,15,Yes,No,Fiber optic,Yes,Yes,Yes,No,No,No,Month-to-month,Yes,Bank transfer (automatic),83.52,1262.85,No
CUST-01731,Female,0,No,Yes,27,No,No phone service,Fiber optic,No,Yes,Yes,Yes,Yes,Yes,Two year,Yes,Electronic check,83.69,2244.98,No
CUST-01732,Female,0,No,No,47,Yes,Yes,DSL,No,No,No,Yes,Yes,Yes,Two year,Yes,Electronic check,70.64,3293.86,No
CUST-01733,Female,0,No,Yes,72,Yes,No,Fiber optic,No,Yes,Yes,Yes,Yes,Yes,Month-to-month,No,Credit card (automatic),96.21,6921.13,Yes
CUST-01734,Female,0,Yes,Yes,26,Yes,Yes,Fiber optic,No,No,No,Yes,No,No,Two year,Yes,Electronic check,72.47,1878.19,Yes
CUST-01735,Female,0,Yes,No,38,Yes,No,Fiber optic,No,No,Yes,Yes,Yes,Yes,One year,Yes,Mailed check,88.02,3334.31,Yes
CUST-01736,Female,0,Yes,No,22,Yes,No,Fiber optic,No,Yes,Yes,Yes,No,No,Month-to-month,Yes,Credit card (automatic),82.02,1790.35,No
CUST-01737,Male,1,No,No,2,Yes,Yes,No,No internet service,No internet service,No internet service,No internet service,No internet service,No internet service,Month-to-month,No,Mailed check,18.51,38.35,No
CUST-01738,Male,0,No,No,29,No,No phone service,No,No internet service,No internet service,No internet service,No internet service,No internet service,No internet service,Month-to-month,Yes,Electronic check,20.35,616.58,No
CUST-01739,Male,0,No,Yes,25,Yes,Yes,DSL,Yes,No,No,No,No,No,Two year,Yes,Mailed check,45.4,1093.0,No
CUST-01740,Male,0,Yes,Yes,10,Yes,Yes,Fiber optic,Yes,No,No,No,No,Yes,Month-to-month,Yes,Credit card (automatic),80.97,784.84,Yes
CUST-01741,Female,0,No,Yes,48,No,No phone service,No,No internet service,No internet service,No internet service,No internet service,No internet service,No internet service,One year,No,Bank transfer (automatic),22.86,1102.51,No
CUST-01742,Male,0,Yes,No,18,Yes,No,DSL,Yes,No,No,Yes,Yes,No,Month-to-month,Yes,Credit card (automatic),59.3,1030.25,No
CUST-01743,Male,0,Yes,Yes,16,Yes,No,Fiber optic,No,No,No,Yes,No,No,Two year,Yes,Mailed check,76.97,1202.65,No
CUST-01744,Male,0,Yes,No,28,Yes,No,Fiber optic,Yes,No,No,Yes,Yes,Yes,Month-to-month,No,Credit card (automatic),85.57,2438.27,No
CUST-01745,Female,0,No,No,70,Yes,Yes,DSL,No,No,Yes,Yes,No,No,Two year,No,Electronic check,55.6,3903.25,No
CUST-01746,Female,1,Yes,No,46,Yes,No,Fiber optic,Yes,No,Yes,Yes,Yes,Yes,Month-to-month,Yes,Electronic check,103.69,4823.13,No
CUST-01747,Male,0,Yes,No,31,Yes,Yes,No,No internet service,No internet service,No internet service,No internet service,No internet service,No internet service,One year,Yes,Bank transfer (automatic),22.6,666.44,No
CUST-01748,Female,0,No,Yes,59,Yes,Yes,DSL,Yes,No,Yes,Yes,No,Yes,One year,Yes,Credit card (automatic),71.13,4238.37,No
CUST-01749,Female,0,No,No,1,Yes,No,DSL,Yes,No,No,Yes,No,No,Month-to-month,No,Credit card (automatic),53.88,27.65,Yes
CUST-01750,Female,0,Yes,No,24,No,No phone service,No,No internet service,No internet service,No internet service,No internet service,No internet service,No internet service,Two year,Yes,Mailed check,20.19,502.47,No
CUST-01751,Female,0,Yes,Yes,39,Yes,Yes,No,No internet service,No internet service,No internet service,No internet service,No internet service,No internet service,Month-to-month,No,Credit card (automatic),21.47,793.8,No
CUST-01752,Female,0,No,No,35,Yes,Yes,Fiber optic,No,No,Yes,No,Yes,Yes,Two year,Yes,Mailed check,83.31,2921.66,Yes
CUST-01753,Male,0,No,Yes,49,Yes,Yes,Fiber optic,No,No,Yes,No,Yes,Yes,Month-to-month,Yes,Credit card (automatic),80.42,3947.8,Yes
CUST-01754,Female,1,No,No,51,Yes,Yes,DSL,No,No,Yes,No,No,Yes,One year,No,Electronic check,57.33,2914.86,No
CUST-01755,Male,0,Yes,No,33,Yes,Yes,No,No internet service,No internet service,No internet service,No internet service,No internet service,No internet service,Two year,No,Mailed check,21.72,688.91,No
CUST-01756,Male,0,No,Yes,67,Yes,Yes,DSL,No,No,No,No,Yes,Yes,Two year,No,Electronic check,52.54,3514.57,No
CUST-01757,Female,0,No,No,67,Yes,No,No,No internet service,No internet service,No internet service,No internet service,No internet service,No internet service,Month-to-month,Yes,Bank transfer (automatic),20.72,1393.04,Yes
CUST-01758,Female,1,Yes,No,34,Yes,Yes,Fiber optic,No,Yes,No,No,Yes,No,Month-to-month,Yes,Mailed check,77.26,2603.82,Yes
CUST-01759,Female,0,Yes,No,65,Yes,No,DSL,Yes,Yes,Yes,Yes,No,Yes,Two year,Yes,Credit card (automatic),67.0,4350.87,No
CUST-01760,Male,1,No,No,46,Yes,Yes,Fiber optic,Yes,Yes,Yes,No,Yes,Yes,Month-to-month,Yes,Bank transfer (automatic),96.54,4439.57,Yes
CUST-01761,Male,1,Yes,No,10,Yes,No,No,No internet service,No internet service,No internet service,No internet service,No internet service,No internet service,Two year,Yes,Mailed check,20.93,218.34,No
CUST-01762,Male,0,No,Yes,8,Yes,Yes,No,No internet service,No internet service,No internet service,No internet service,No internet service,No internet service,Month-to-month,Yes,Credit card (automatic),22.64,149.27,Yes
CUST-01763,Female,0,No,Yes,5,Yes,Yes,Fiber optic,No,Yes,Yes,No,No,No,Month-to-month,No,Electronic check,81.25,394.35,Yes
CUST-01764,Female,0,Yes,No,15,No,No phone service,DSL,No,Yes,Yes,No,No,No,One year,No,Electronic check,59.29,892.87,No
CUST-01765,Female,0,No,No,22,Yes,Yes,Fiber optic,No,Yes,No,Yes,No,No,Month-to-month,No,Electronic check,81.47,1784.39,Yes
CUST-01766,Female,0,Yes,No,5,Yes,No,Fiber optic,No,Yes,Yes,No,No,Yes,Month-to-month,No,Bank transfer (automatic),81.94,387.73,Yes
CUST-01767,Male,0,No,No,44,Yes,No,Fiber optic,Yes,No,Yes,Yes,Yes,Yes,Month-to-month,Yes,Credit card (automatic),100.55,4442.92,No
CUST-01768,Male,0,No,No,30,Yes,Yes,DSL,Yes,Yes,No,Yes,Yes,Yes,Two year,No,Electronic check,68.45,2072.88,No
CUST-01769,Male,0,No,No,43,Yes,No,No,No internet service,No internet service,No internet service,No internet service,No internet service,No internet service,One year,Yes,Credit card (automatic),19.55,855.72,No
CUST-01770,Male,1,Yes,No,36,Yes,No,Fiber optic,No,Yes,No,Yes,Yes,Yes,Two year,Yes,Credit card (automatic),91.39,3282.72,No
CUST-01771,Male,0,No,No,19,Yes,Yes,DSL,Yes,No,No,No,No,No,Month-to-month,Yes,Mailed check,48.12,910.16,No
CUST-01772,Male,0,No,No,44,Yes,No,DSL,No,Yes,No,Yes,No,Yes,Month-to-month,Yes,Electronic check,55.31,2458.61,No
CUST-01773,Male,1,No,No,69,Yes,No,DSL,Yes,No,Yes,Yes,No,No,Month-to-month,No,Credit card (automatic),63.09,4369.24,No
CUST-01774,Female,0,No,No,23,Yes,Yes,Fiber optic,No,No,No,Yes,No,No,Month-to-month,Yes,Credit card (automatic),81.41,1897.71,Yes
CUST-01775,Male,0,Yes,No,22,Yes,Yes,DSL,Yes,Yes,Yes,No,Yes,Yes,Month-to-month,No,Bank transfer (automatic),71.79,1581.06,No
CUST-01776,Male,0,No,No,37,Yes,Yes,Fiber optic,No,No,Yes,No,No,No,Month-to-month,No,Credit card (automatic),72.0,2676.19,No
CUST-01777,Male,1,Yes,Yes,58,Yes,Yes,DSL,No,No,No,Yes,No,No,Month-to-month,Yes,Mailed check,53.66,3125.56,No
CUST-01778,Male,0,Yes,No,38,Yes,No,DSL,No,Yes,No,Yes,No,Yes,One year,Yes,Mailed check,58.93,2268.2,Yes
CUST-01779,Female,0,No,No,60,Yes,Yes,DSL,Yes,No,Yes,No,Yes,No,Month-to-month,No,Electronic check,67.23,3988.21,No
CUST-01780,Male,0,No,No,5,Yes,Yes,Fiber optic,No,No,No,No,No,No,Month-to-month,Yes,Bank transfer (automatic),71.91,362.01,Yes
CUST-01781,Male,0,No,Yes,7,Yes,No,Fiber optic,No,Yes,Yes,No,No,Yes,Month-to-month,Yes,Bank transfer (automatic),88.88,641.23,No
CUST-01782,Male,0,Yes,No,29,Yes,No,Fiber optic,Yes,No,No,No,Yes,No,Month-to-month,Yes,Electronic check,82.75,2423.29,Yes
CUST-01783,Female,0,Yes,No,16,Yes,No,Fiber optic,Yes,No,Yes,Yes,No,Yes,One year,Yes,Mailed check,93.6,1488.55,No
CUST-01784,Female,1,No,No,1,Yes,Yes,Fiber optic,Yes,No,No,No,Yes,Yes,Two year,Yes,Bank transfer (automatic),90.82,98.62,Yes
CUST-01785,Male,0,Yes,Yes,15,Yes,Yes,Fiber optic,Yes,Yes,No,No,No,Yes,Two year,Yes,Mailed check,87.38,1325.41,No
CUST-01786,Male,1,No,No,19,Yes,Yes,DSL,No,No,Yes,No,No,No,Month-to-month,Yes,Credit card (automatic),46.5,908.59,No
CUST-01787,Male,0,No,Yes,67,Yes,Yes,Fiber optic,Yes,No,No,Yes,Yes,No,Month-to-month,No,Bank transfer (automatic),90.5,6070.62,No
CUST-01788,Male,1,Yes,No,57,Yes,No,DSL,Yes,No,No,No,Yes,Yes,Two year,No,Mailed check,60.35,3445.1,No
CUST-01789,Female,0,Yes,No,25,Yes,No,Fiber optic,Yes,Yes,Yes,No,Yes,No,Two year,No,Mailed check,88.14,2198.09,No
CUST-01790,Female,0,Yes,No,69,Yes,No,Fiber optic,Yes,No,Yes,Yes,No,No,Month-to-month,Yes,Credit card (automatic),92.69,6418.04,Yes
CUST-01791,Female,0,No,No,61,Yes,Yes,No,No internet service,No internet service,No internet service,No internet service,No internet service,No internet service,Month-to-month,No,Bank transfer (automatic),23.72,1471.79,No
CUST-01792,Male,0,No,No,18,Yes,No,Fiber optic,Yes,Yes,No,Yes,Yes,No,One year,No,Bank transfer (automatic),86.35,1575.17,No
CUST-01793,Male,0,Yes,No,34,Yes,Yes,Fiber optic,No,No,No,No,No,No,Two year,Yes,Mailed check,74.32,2541.72,Yes
CUST-01794,Male,0,Yes,No,67,Yes,Yes,DSL,Yes,No,Yes,No,Yes,No,Month-to-month,Yes,Electronic check,58.42,3919.04,No
CUST-01795,Male,0,Yes,No,33,No,No phone service,No,No internet service,No internet service,No internet service,No internet service,No internet service,No internet service,Month-to-month,Yes,Credit card (automatic),19.74,639.67,No
CUST-01796,Female,0,Yes,Yes,27,Yes,Yes,DSL,Yes,Yes,No,No,No,No,Two year,Yes,Electronic check,53.47,1428.88,No
CUST-01797,Male,0,No,No,65,Yes,No,DSL,No,Yes,No,No,Yes,Yes,One year,No,Mailed check,61.86,4041.5,No
CUST-01798,Male,0,No,Yes,48,Yes,Yes,DSL,No,Yes,Yes,Yes,No,Yes,Month-to-month,Yes,Bank transfer (automatic),64.98,3141.69,No
CUST-01799,Female,0,Yes,No,32,Yes,Yes,No,No internet service,No internet service,No internet service,No internet service,No internet service,No internet service,Month-to-month,Yes,Bank transfer (automatic),21.22,683.95,No
CUST-01800,Male,0,No,No,63,Yes,No,No,No internet service,No internet service,No internet service,No internet service,No internet service,No internet service,One year,No,Bank transfer (automatic),20.61,1303.32,No
CUST-01801,Male,0,Yes,No,54,Yes,Yes,DSL,Yes,No,Yes,Yes,Yes,Yes,One year,No,Electronic check,72.57,3923.05,No
CUST-01802,Male,1,Yes,No,25,Yes,No,DSL,Yes,No,No,Yes,No,No,One year,Yes,Electronic check,55.06,1400.47,Yes
CUST-01803,Male,0,No,Yes,30,Yes,No,Fiber optic,Yes,Yes,No,No,No,No,Month-to-month,Yes,Electronic check,82.63,2494.03,Yes
CUST-01804,Male,0,Yes,No,3,Yes,Yes,DSL,Yes,No,No,Yes,Yes,Yes,Month-to-month,No,Mailed check,64.57,185.1,No
CUST-01805,Male,0,Yes,No,7,Yes,Yes,DSL,Yes,No,No,Yes,Yes,No,One year,Yes,Electronic check,64.58,462.24,No
CUST-01806,Male,0,No,Yes,69,No,No phone service,Fiber optic,No,No,Yes,No,No,No,Month-to-month,Yes,Credit card (automatic),75.56,5181.98,Yes
CUST-01807,Male,0,No,No,3,Yes,No,Fiber optic,Yes,Yes,No,No,Yes,Yes,Month-to-month,No,Mailed check,84.21,240.28,Yes
CUST-01808,Male,1,Yes,No,61,Yes,No,Fiber optic,Yes,Yes,Yes,Yes,Yes,No,Month-to-month,No,Bank transfer (automatic),102.04,6189.46,No
CUST-01809,Female,0,No,No,15,No,No phone service,Fiber optic,No,No,No,No,Yes,Yes,Month-to-month,Yes,Electronic check,80.36,1188.27,No
CUST-01810,Male,0,Yes,Yes,39,Yes,No,Fiber optic,No,No,Yes,Yes,No,Yes,Two year,No,Credit card (automatic),91.4,3549.32,No
CUST-01811,Female,0,No,Yes,52,Yes,No,Fiber optic,No,No,Yes,No,Yes,No,Month-to-month,Yes,Bank transfer (automatic),79.83,4109.5,Yes
CUST-01812,Female,0,Yes,No,72,Yes,No,DSL,Yes,No,Yes,No,Yes,No,One year,Yes,Credit card (automatic),63.25,4577.45,No
CUST-01813,Male,0,No,No,27,Yes,Yes,DSL,Yes,No,No,Yes,No,Yes,One year,No,Bank transfer (automatic),62.66,1681.65,No
CUST-01814,Female,0,Yes,No,67,Yes,No,No,No internet service,No internet service,No internet service,No internet service,No internet service,No internet service,Month-to-month,Yes,Credit card (automatic),19.82,1321.48,No
CUST-01815,Male,0,No,Yes,33,Yes,No,DSL,Yes,Yes,Yes,Yes,Yes,Yes,Two year,Yes,Credit card (automatic),87.62,2874.24,No
CUST-01816,Male,1,No,No,63,Yes,Yes,Fiber optic,Yes,Yes,No,Yes,Yes,Yes,Month-to-month,Yes,Electronic check,97.74,6168.93,No
CUST-01817,Male,0,Yes,No,7,Yes,No,DSL,No,Yes,No,Yes,No,No,Two year,Yes,Bank transfer (automatic),54.52,409.26,No
CUST-01818,Male,1,No,No,19,Yes,Yes,DSL,Yes,Yes,No,Yes,No,Yes,Month-to-month,Yes,Mailed check,67.59,1294.66,No
CUST-01819,Male,0,Yes,No,45,Yes,No,Fiber optic,No,No,No,No,No,Yes,Two year,No,Mailed check,74.47,3358.11,No
CUST-01820,Male,0,No,No,51,Yes,No,DSL,Yes,Yes,No,No,Yes,Yes,Month-to-month,No,Mailed check,70.0,3530.51,No
CUST-01821,Female,0,Yes,No,58,Yes,Yes,Fiber optic,No,Yes,Yes,Yes,Yes,Yes,One year,No,Credit card (automatic),90.51,5247.55,No
CUST-01822,Male,0,Yes,No,26,Yes,Yes,Fiber optic,No,Yes,No,No,Yes,Yes,Month-to-month,No,Credit card (automatic),83.11,2173.8,No
CUST-01823,Female,0,No,No,45,Yes,No,No,No internet service,No internet service,No internet service,No internet service,No internet service,No internet service,Month-to-month,No,Mailed check,18.7,865.48,Yes
CUST-01824,Female,0,Yes,No,45,Yes,No,Fiber optic,No,No,No,No,Yes,Yes,Month-to-month,Yes,Credit card (automatic),82.31,3716.08,Yes
CUST-01825,Female,0,No,No,71,Yes,Yes,DSL,Yes,No,No,No,No,Yes,Month-to-month,Yes,Mailed check,52.41,3762.87,No
CUST-01826,Male,0,No,No,8,Yes,No,No,No internet service,No internet service,No internet service,No internet service,No internet service,No internet service,Month-to-month,No,Bank transfer (automatic),25.68,190.87,No
CUST-01827,Female,0,Yes,Yes,1,Yes,Yes,No,No internet service,No internet service,No internet service,No internet service,No internet service,No internet service,Month-to-month,No,Electronic check,23.92,9.35,No
CUST-01828,Female,1,Yes,No,41,No,No phone service,DSL,Yes,No,No,Yes,Yes,Yes,One year,No,Electronic check,67.4,2771.07,No
CUST-01829,Female,1,No,Yes,1,Yes,Yes,Fiber optic,Yes,Yes,Yes,No,Yes,No,Month-to-month,No,Electronic check,94.86,120.41,Yes
CUST-01830,Male,0,No,Yes,14,Yes,Yes,Fiber optic,Yes,Yes,Yes,Yes,Yes,No,Month-to-month,No,Bank transfer (automatic),95.1,1360.18,Yes
CUST-01831,Female,1,Yes,No,36,No,No phone service,Fiber optic,No,Yes,No,No,No,Yes,Two year,Yes,Bank transfer (automatic),76.27,2705.01,No
CUST-01832,Female,0,Yes,Yes,19,Yes,No,DSL,Yes,No,No,No,No,Yes,One year,Yes,Electronic check,52.0,990.21,No
CUST-01833,Male,0,No,Yes,19,Yes,Yes,DSL,Yes,Yes,Yes,Yes,No,Yes,Month-to-month,Yes,Electronic check,75.5,1453.55,No
CUST-01834,Male,1,No,Yes,25,Yes,No,DSL,No,Yes,Yes,No,Yes,Yes,Month-to-month,No,Credit card (automatic),65.83,1664.24,No
CUST-01835,Male,0,No,Yes,50,Yes,No,DSL,No,No,Yes,No,No,No,Month-to-month,Yes,Mailed check,51.07,2564.8,Yes
CUST-01836,Female,0,Yes,No,26,Yes,Yes,Fiber optic,Yes,Yes,Yes,Yes,Yes,Yes,One year,Yes,Bank transfer (automatic),104.4,2712.7,Yes
CUST-01837,Male,0,No,No,57,Yes,Yes,No,No internet service,No internet service,No internet service,No internet service,No internet service,No internet service,Two year,Yes,Electronic check,20.01,1079.86,No
CUST-01838,Male,0,No,No,11,Yes,No,Fiber optic,Yes,No,Yes,No,Yes,Yes,One year,Yes,Mailed check,92.86,1062.59,No
CUST-01839,Female,0,Yes,No,7,Yes,Yes,Fiber optic,Yes,Yes,Yes,No,Yes,Yes,Two year,Yes,Mailed check,96.58,688.3,No
CUST-01840,Male,0,Yes,No,12,Yes,Yes,DSL,No,Yes,No,No,Yes,Yes,One year,No,Credit card (automatic),68.5,804.36,No
CUST-01841,Male,0,Yes,No,66,Yes,No,Fiber optic,Yes,Yes,No,Yes,Yes,No,Two year,No,Bank transfer (automatic),86.52,5703.84,No
CUST-01842,Female,0,No,No,20,Yes,Yes,No,No internet service,No internet service,No internet service,No internet service,No internet service,No internet service,One year,Yes,Electronic check,24.19,489.01,No
CUST-01843,Female,0,Yes,No,2,Yes,Yes,No,No internet service,No internet service,No internet service,No internet service,No internet service,No internet service,One year,Yes,Electronic check,18.09,45.68,Yes
CUST-01844,Female,0,No,No,23,Yes,Yes,Fiber optic,Yes,Yes,No,Yes,No,No,One year,Yes,Bank transfer (automatic),84.88,1924.44,No
CUST-01845,Female,1,No,No,50,Yes,No,Fiber optic,No,No,Yes,Yes,No,No,One year,Yes,Electronic check,84.58,4209.18,Yes
CUST-01846,Male,0,Yes,Yes,26,Yes,Yes,DSL,No,Yes,No,No,No,No,Month-to-month,No,Electronic check,54.25,1420.51,No
CUST-01847,Female,1,No,No,28,Yes,No,No,No internet service,No internet service,No internet service,No internet service,No internet service,No internet service,Month-to-month,No,Credit card (automatic),22.91,629.94,No
CUST-01848,Female,0,No,No,6,Yes,No,DSL,No,Yes,No,No,Yes,No,Month-to-month,Yes,Electronic check,55.21,295.69,No
CUST-01849,Male,0,Yes,No,48,Yes,Yes,Fiber optic,Yes,No,No,Yes,Yes,No,Month-to-month,Yes,Bank transfer (automatic),86.92,4156.33,No
CUST-01850,Male,0,No,Yes,16,Yes,Yes,Fiber optic,No,Yes,No,No,Yes,No,Two year,No,Bank transfer (automatic),76.48,1223.43,No
CUST-01851,Male,0,No,No,7,Yes,Yes,DSL,Yes,No,Yes,No,Yes,Yes,One year,Yes,Credit card (automatic),61.39,396.95,Yes
CUST-01852,Male,0,Yes,No,52,Yes,Yes,DSL,Yes,Yes,No,No,No,No,Month-to-month,No,Bank transfer (automatic),63.53,3336.26,No
CUST-01853,Male,0,No,Yes,68,Yes,Yes,No,No internet service,No internet service,No internet service,No internet service,No internet service,No internet service,Month-to-month,Yes,Electronic check,18.0,1247.76,No
CUST-01854,Male,1,No,No,44,Yes,Yes,DSL,No,No,No,Yes,No,No,Month-to-month,Yes,Bank transfer (automatic),47.53,2109.65,No
CUST-01855,Female,0,Yes,No,68,Yes,No,DSL,No,Yes,No,Yes,Yes,Yes,Two year,Yes,Bank transfer (automatic),62.92,4280.38,No
CUST-01856,Male,1,No,Yes,29,Yes,Yes,DSL,No,No,Yes,Yes,No,Yes,Two year,Yes,Mailed check,59.9,1712.39,No
CUST-01857,Female,0,No,No,37,Yes,Yes,DSL,No,No,No,No,Yes,No,Month-to-month,Yes,Mailed check,47.36,1735.54,No
CUST-01858,Female,0,No,Yes,26,Yes,Yes,No,No internet service,No internet service,No internet service,No internet service,No internet service,No internet service,Month-to-month,Yes,Mailed check,18.0,494.46,No
CUST-01859,Female,0,Yes,No,37,No,No phone service,Fiber optic,Yes,No,No,No,Yes,No,Two year,Yes,Bank transfer (automatic),83.73,3082.14,No
CUST-01860,Female,0,Yes,Yes,65,Yes,No,No,No internet service,No internet service,No internet service,No internet service,No internet service,No internet service,One year,Yes,Mailed check,22.19,1441.7,No
CUST-01861,Male,0,Yes,Yes,46,Yes,No,No,No internet service,No internet service,No internet service,No internet service,No internet service,No internet service,Two year,Yes,Bank transfer (automatic),21.06,962.97,No
CUST-01862,Female,0,No,No,1,Yes,Yes,Fiber optic,No,No,Yes,No,No,Yes,Month-to-month,Yes,Credit card (automatic),77.57,74.44,Yes
CUST-01863,Male,1,No,No,42,Yes,No,Fiber optic,No,No,Yes,No,No,Yes,Month-to-month,Yes,Electronic check,75.67,3175.62,No
CUST-01864,Female,0,No,Yes,27,Yes,Yes,Fiber optic,Yes,No,No,No,Yes,No,One year,No,Bank transfer (automatic),76.97,2073.42,No
CUST-01865,Male,0,Yes,No,39,Yes,No,Fiber optic,Yes,No,Yes,No,Yes,Yes,Month-to-month,No,Mailed check,90.6,3524.37,No
CUST-01866,Male,0,No,No,40,Yes,No,Fiber optic,No,No,No,No,No,No,Two year,Yes,Electronic check,66.92,2670.41,No
CUST-01867,Female,0,No,No,43,Yes,Yes,Fiber optic,Yes,No,No,No,No,Yes,One year,No,Mailed check,76.7,3293.93,No
CUST-01868,Male,0,No,No,63,Yes,Yes,Fiber optic,No,Yes,Yes,Yes,Yes,Yes,Month-to-month,Yes,Credit card (automatic),96.44,6056.83,Yes
CUST-01869,Female,0,No,No,62,Yes,No,Fiber optic,No,No,Yes,Yes,Yes,No,Month-to-month,No,Electronic check,82.55,5090.08,No
CUST-01870,Male,0,No,No,70,Yes,No,DSL,No,Yes,Yes,No,No,Yes,Two year,Yes,Electronic check,67.22,4697.99,No
CUST-01871,Male,0,Yes,No,44,Yes,No,Fiber optic,No,No,Yes,No,No,No,Two year,No,Bank transfer (automatic),82.84,3627.45,No
CUST-01872,Female,0,No,No,20,Yes,Yes,Fiber optic,Yes,No,No,No,Yes,No,Month-to-month,Yes,Bank transfer (automatic),79.62,1591.08,Yes
CUST-01873,Female,0,No,Yes,14,Yes,No,Fiber optic,Yes,Yes,Yes,Yes,No,No,One year,No,Mailed check,90.61,1247.2,No
CUST-01874,Male,0,No,Yes,62,Yes,Yes,Fiber optic,No,No,No,No,No,Yes,Month-to-month,No,Bank transfer (automatic),75.34,4633.23,Yes
CUST-01875,Male,0,Yes,No,66,Yes,No,Fiber optic,No,Yes,Yes,No,Yes,No,Two year,Yes,Bank transfer (automatic),85.43,5667.47,No
CUST-01876,Male,0,No,Yes,2,No,No phone service,Fiber optic,Yes,Yes,Yes,No,No,Yes,One year,Yes,Electronic check,93.73,174.81,Yes
CUST-01877,Female,0,Yes,No,15,No,No phone service,DSL,No,No,Yes,Yes,No,No,Month-to-month,Yes,Bank transfer (automatic),49.46,697.42,Yes
CUST-01878,Female,1,Yes,No,49,Yes,No,Fiber optic,Yes,Yes,No,Yes,Yes,No,One year,Yes,Credit card (automatic),91.67,4506.7,No
CUST-01879,Male,0,Yes,No,12,Yes,No,DSL,Yes,No,Yes,No,Yes,Yes,One year,Yes,Mailed check,63.51,752.28,No
CUST-01880,Male,0,Yes,No,3,Yes,No,DSL,Yes,Yes,No,No,Yes,Yes,One year,Yes,Credit card (automatic),66.9,199.34,No
CUST-01881,Male,0,Yes,No,72,Yes,No,DSL,Yes,No,Yes,Yes,Yes,No,Month-to-month,Yes,Electronic check,67.06,4830.66,No
CUST-01882,Male,0,No,No,7,Yes,No,Fiber optic,No,Yes,Yes,Yes,No,No,One year,Yes,Electronic check,82.47,595.69,No
CUST-01883,Female,0,No,Yes,15,Yes,No,No,No internet service,No internet service,No internet service,No internet service,No internet service,No internet service,Two year,Yes,Electronic check,18.79,286.13,No
CUST-01884,Female,1,Yes,Yes,72,No,No phone service,DSL,Yes,No,Yes,Yes,No,Yes,Month-to-month,Yes,Mailed check,69.45,4970.56,Yes
CUST-01885,Male,1,No,No,7,Yes,No,No,No internet service,No internet service,No internet service,No internet service,No internet service,No internet service,Month-to-month,Yes,Mailed check,18.0,100.25,Yes
CUST-01886,Female,0,No,No,58,Yes,No,Fiber optic,Yes,No,Yes,Yes,Yes,Yes,Two year,Yes,Credit card (automatic),92.34,5325.16,No
CUST-01887,Male,0,No,No,41,Yes,No,No,No internet service,No internet service,No internet service,No internet service,No internet service,No internet service,One year,Yes,Credit card (automatic),22.06,892.69,No
CUST-01888,Male,0,Yes,No,39,Yes,No,Fiber optic,Yes,No,No,Yes,Yes,No,Month-to-month,No,Bank transfer (automatic),87.72,3427.04,No
CUST-01889,Male,0,Yes,Yes,60,No,No phone service,Fiber optic,No,Yes,No,No,No,Yes,Two year,No,Credit card (automatic),88.52,5293.13,No
CUST-01890,Male,0,No,No,1,Yes,No,Fiber optic,No,Yes,No,No,No,No,Month-to-month,No,Credit card (automatic),73.59,58.2,Yes
CUST-01891,Male,0,No,No,4,Yes,Yes,DSL,Yes,No,No,No,Yes,No,Two year,Yes,Mailed check,53.61,198.22,No
CUST-01892,Female,0,No,No,14,Yes,No,DSL,No,Yes,Yes,Yes,Yes,Yes,Month-to-month,Yes,Mailed check,69.34,957.26,No
CUST-01893,Female,0,Yes,No,35,Yes,Yes,Fiber optic,Yes,Yes,Yes,Yes,No,Yes,Month-to-month,Yes,Mailed check,95.33,3348.35,No
CUST-01894,Male,0,No,No,70,Yes,Yes,No,No internet service,No internet service,No internet service,No internet service,No internet service,No internet service,Two year,Yes,Electronic check,24.52,1708.91,No
CUST-01895,Female,0,No,Yes,5,Yes,Yes,Fiber optic,No,No,No,No,Yes,Yes,One year,No,Bank transfer (automatic),86.39,452.43,No
CUST-01896,Female,0,No,No,30,Yes,Yes,Fiber optic,Yes,Yes,No,Yes,No,Yes,Month-to-month,No,Credit card (automatic),89.23,2664.63,No
CUST-01897,Female,0,No,Yes,31,Yes,Yes,DSL,Yes,Yes,Yes,Yes,Yes,Yes,Two year,No,Credit card (automatic),71.23,2207.13,No
CUST-01898,Female,0,No,Yes,14,Yes,Yes,Fiber optic,No,Yes,No,Yes,No,No,Two year,No,Mailed check,82.22,1145.65,No
CUST-01899,Male,0,No,No,25,Yes,No,No,No internet service,No internet service,No internet service,No internet service,No internet service,No internet service,Two year,Yes,Bank transfer (automatic),19.9,501.74,No
CUST-01900,Female,0,No,Yes,14,Yes,No,Fiber optic,No,Yes,No,Yes,Yes,No,Month-to-month,Yes,Credit card (automatic),88.43,1247.23,Yes
CUST-01901,Female,0,No,Yes,10,Yes,Yes,Fiber optic,Yes,Yes,Yes,Yes,No,Yes,Month-to-month,Yes,Bank transfer (automatic),95.69,956.0,No
CUST-01902,Female,0,No,No,38,Yes,Yes,DSL,No,Yes,Yes,Yes,Yes,No,One year,No,Electronic check,67.32,2610.65,No
CUST-01903,Male,0,Yes,No,67,Yes,No,DSL,Yes,No,No,Yes,No,Yes,Two year,Yes,Electronic check,58.07,3919.88,No
CUST-01904,Male,0,No,No,29,Yes,No,DSL,Yes,Yes,No,Yes,Yes,No,Month-to-month,Yes,Credit card (automatic),74.23,2140.58,No
CUST-01905,Male,0,No,No,46,Yes,No,Fiber optic,Yes,Yes,Yes,Yes,No,Yes,Month-to-month,No,Credit card (automatic),95.98,4440.84,No
CUST-01906,Male,1,No,No,48,Yes,No,No,No internet service,No internet service,No internet service,No internet service,No internet service,No internet service,Month-to-month,No,Credit card (automatic),23.13,1133.83,No
CUST-01907,Male,0,Yes,No,61,No,No phone service,DSL,No,No,Yes,Yes,No,Yes,Month-to-month,No,Bank transfer (automatic),62.19,3766.7,No
CUST-01908,Male,1,No,No,60,Yes,No,No,No internet service,No internet service,No internet service,No internet service,No internet service,No internet service,One year,Yes,Credit card (automatic),19.46,1124.71,No
CUST-01909,Female,0,No,No,66,Yes,Yes,No,No internet service,No internet service,No internet service,No internet service,No internet service,No internet service,Month-to-month,No,Mailed check,23.8,1574.54,Yes
CUST-01910,Male,0,Yes,No,59,Yes,No,Fiber optic,No,Yes,No,Yes,Yes,Yes,One year,No,Bank transfer (automatic),85.86,5062.53,No
CUST-01911,Female,0,Yes,Yes,67,Yes,No,No,No internet service,No internet service,No internet service,No internet service,No internet service,No internet service,One year,Yes,Electronic check,22.47,1455.37,No
CUST-01912,Male,0,Yes,Yes,70,Yes,Yes,No,No internet service,No internet service,No internet service,No internet service,No internet service,No internet service,Month-to-month,Yes,Mailed check,18.23,1278.13,No
CUST-01913,Female,0,No,No,54,Yes,No,DSL,Yes,Yes,Yes,Yes,No,No,Two year,Yes,Electronic check,64.07,3460.19,No
CUST-01914,Male,0,No,Yes,36,Yes,No,No,No internet service,No internet service,No internet service,No internet service,No internet service,No internet service,Month-to-month,Yes,Bank transfer (automatic),21.53,762.38,No
CUST-01915,Female,0,No,No,22,Yes,No,Fiber optic,No,No,No,Yes,Yes,No,Month-to-month,No,Mailed check,83.5,1868.04,Yes
CUST-01916,Male,0,Yes,No,41,Yes,No,DSL,No,No,Yes,No,No,No,Month-to-month,No,Bank transfer (automatic),53.97,2207.78,Yes
CUST-01917,Male,0,No,No,60,No,No phone service,DSL,Yes,No,Yes,Yes,Yes,Yes,Month-to-month,No,Credit card (automatic),66.68,3992.39,No
CUST-01918,Male,0,No,No,55,Yes,Yes,Fiber optic,No,No,Yes,Yes,No,Yes,Month-to-month,Yes,Credit card (automatic),85.76,4716.29,No
CUST-01919,Female,0,No,Yes,37,Yes,No,No,No internet service,No internet service,No internet service,No internet service,No internet service,No internet service,Two year,No,Bank transfer (automatic),22.91,819.9,No
CUST-01920,Male,0,Yes,No,5,Yes,No,Fiber optic,No,No,No,No,No,No,Month-to-month,Yes,Credit card (automatic),74.33,352.81,Yes
CUST-01921,Female,0,Yes,No,19,Yes,Yes,Fiber optic,No,Yes,No,Yes,No,No,Month-to-month,Yes,Mailed check,77.65,1418.47,No
CUST-01922,Female,0,No,No,42,No,No phone service,DSL,No,Yes,Yes,Yes,No,Yes,Two year,No,Bank transfer (automatic),66.91,2817.43,No
CUST-01923,Male,0,Yes,No,28,Yes,Yes,No,No internet service,No internet service,No internet service,No internet service,No internet service,No internet service,Two year,No,Electronic check,18.0,521.8,No
CUST-01924,Male,0,No,Yes,33,Yes,No,DSL,Yes,Yes,Yes,Yes,Yes,No,Month-to-month,No,Electronic check,79.15,2617.07,No
CUST-01925,Male,0,No,No,21,Yes,Yes,Fiber optic,No,No,Yes,Yes,Yes,No,Month-to-month,Yes,Electronic check,87.01,1830.78,Yes
CUST-01926,Male,0,Yes,Yes,5,Yes,No,Fiber optic,Yes,No,No,No,No,Yes,Month-to-month,No,Mailed check,80.56,400.46,Yes
CUST-01927,Male,0,Yes,Yes,34,Yes,No,DSL,No,No,No,No,Yes,No,Month-to-month,Yes,Bank transfer (automatic),50.63,1750.89,No
CUST-01928,Male,0,No,No,32,Yes,No,No,No internet service,No internet service,No internet service,No internet service,No internet service,No internet service,Month-to-month,No,Mailed check,18.0,572.3,Yes
CUST-01929,Female,0,No,No,57,No,No phone service,No,No internet service,No internet service,No internet service,No internet service,No internet service,No internet service,One year,Yes,Credit card (automatic),22.17,1280.82,No
CUST-01930,Male,0,No,No,8,Yes,Yes,Fiber optic,Yes,Yes,Yes,No,No,Yes,Month-to-month,Yes,Electronic check,87.39,714.21,Yes
CUST-01931,Male,1,Yes,No,35,Yes,Yes,Fiber optic,Yes,Yes,Yes,Yes,No,Yes,Month-to-month,No,Mailed check,90.03,3122.69,No
CUST-01932,Female,0,No,No,62,Yes,No,No,No internet service,No internet service,No internet service,No internet service,No internet service,No internet service,One year,Yes,Mailed check,18.28,1145.63,No
CUST-01933,Female,0,Yes,No,19,Yes,No,DSL,Yes,Yes,No,No,No,No,Month-to-month,No,Electronic check,55.93,1039.51,Yes
CUST-01934,Male,0,No,Yes,23,Yes,Yes,DSL,No,No,No,No,No,Yes,Month-to-month,Yes,Bank transfer (automatic),51.12,1163.67,Yes
CUST-01935,Male,0,No,No,6,Yes,Yes,Fiber optic,No,Yes,Yes,No,No,Yes,Two year,No,Mailed check,82.51,490.59,Yes
CUST-01936,Male,0,Yes,Yes,41,Yes,Yes,Fiber optic,No,Yes,Yes,Yes,No,Yes,Month-to-month,No,Electronic check,93.04,3838.83,Yes
CUST-01937,Female,0,No,No,62,Yes,Yes,Fiber optic,No,No,No,Yes,No,Yes,Month-to-month,Yes,Bank transfer (automatic),75.36,4657.14,Yes
CUST-01938,Female,0,No,No,35,No,No phone service,Fiber optic,No,No,No,Yes,Yes,No,Month-to-month,Yes,Electronic check,82.98,2910.07,Yes
CUST-01939,Male,0,Yes,No,30,Yes,No,Fiber optic,No,Yes,No,No,No,Yes,One year,No,Credit card (automatic),80.7,2388.94,No
CUST-01940,Male,0,No,Yes,54,Yes,Yes,DSL,Yes,Yes,Yes,Yes,No,Yes,One year,Yes,Mailed check,75.83,4090.23,No
CUST-01941,Male,0,No,No,32,Yes,No,DSL,Yes,Yes,No,Yes,No,Yes,Month-to-month,Yes,Mailed check,70.62,2249.43,No
CUST-01942,Female,1,No,Yes,29,Yes,Yes,DSL,No,No,No,No,Yes,Yes,Month-to-month,Yes,Electronic check,59.58,1752.21,No
CUST-01943,Male,1,Yes,Yes,55,Yes,No,Fiber optic,Yes,Yes,Yes,No,No,Yes,Month-to-month,Yes,Credit card (automatic),85.64,4694.37,Yes
CUST-01944,Male,0,No,No,20,Yes,Yes,Fiber optic,Yes,Yes,Yes,Yes,No,Yes,Month-to-month,Yes,Electronic check,97.88,1925.5,Yes
CUST-01945,Male,0,Yes,No,62,Yes,No,No,No internet service,No internet service,No internet service,No internet service,No internet service,No internet service,Two year,Yes,Bank transfer (automatic),18.0,1106.54,No
CUST-01946,Male,0,No,No,19,Yes,No,Fiber optic,No,No,Yes,No,Yes,Yes,Two year,Yes,Bank transfer (automatic),88.11,1660.96,Yes
CUST-01947,Female,0,No,No,37,Yes,Yes,Fiber optic,Yes,No,No,No,No,No,Month-to-month,No,Electronic check,72.55,2688.43,Yes
CUST-01948,Male,0,Yes,No,18,Yes,No,DSL,Yes,No,Yes,No,No,Yes,Month-to-month,Yes,Electronic check,61.94,1140.56,No
CUST-01949,Male,0,Yes,No,46,No,No phone service,Fiber optic,Yes,No,No,No,Yes,Yes,Two year,Yes,Electronic check,90.49,4155.07,No
CUST-01950,Female,1,No,No,31,Yes,No,No,No internet service,No internet service,No internet service,No internet service,No internet service,No internet service,Month-to-month,No,Credit card (automatic),24.5,766.08,No
CUST-01951,Female,1,Yes,No,17,Yes,Yes,DSL,Yes,No,No,No,No,No,Month-to-month,No,Bank transfer (automatic),49.64,841.17,No
CUST-01952,Male,0,No,Yes,54,Yes,Yes,No,No internet service,No internet service,No internet service,No internet service,No internet service,No internet service,Two year,Yes,Electronic check,21.19,1153.56,No
CUST-01953,Male,0,No,No,68,Yes,No,DSL,Yes,Yes,Yes,Yes,No,No,Month-to-month,Yes,Credit card (automatic),66.63,4510.59,No
CUST-01954,Female,0,No,No,2,No,No phone service,Fiber optic,No,Yes,Yes,Yes,Yes,Yes,Month-to-month,Yes,Credit card (automatic),98.29,195.43,Yes
CUST-01955,Male,0,Yes,Yes,41,Yes,Yes,Fiber optic,Yes,No,Yes,Yes,Yes,Yes,Month-to-month,No,Bank transfer (automatic),98.21,4044.81,No
CUST-01956,Female,0,Yes,Yes,52,Yes,No,Fiber optic,No,Yes,Yes,No,Yes,Yes,One year,No,Bank transfer (automatic),89.62,4644.32,No
CUST-01957,Female,0,Yes,Yes,52,Yes,Yes,Fiber optic,No,No,No,No,No,No,One year,Yes,Credit card (automatic),70.38,3655.6,No
CUST-01958,Female,0,No,No,16,Yes,No,No,No internet service,No internet service,No internet service,No internet service,No internet service,No internet service,Month-to-month,Yes,Mailed check,21.4,340.33,Yes
CUST-01959,Male,0,No,No,8,Yes,No,No,No internet service,No internet service,No internet service,No internet service,No internet service,No internet service,One year,No,Electronic check,24.12,162.59,No
CUST-01960,Female,0,No,No,37,No,No phone service,Fiber optic,No,No,Yes,No,Yes,Yes,Month-to-month,No,Bank transfer (automatic),82.14,3052.9,No
CUST-01961,Female,0,Yes,No,46,Yes,No,Fiber optic,No,Yes,No,No,Yes,Yes,Two year,Yes,Mailed check,81.42,3733.22,Yes
CUST-01962,Male,0,Yes,No,21,Yes,Yes,Fiber optic,Yes,Yes,Yes,No,Yes,No,Month-to-month,No,Bank transfer (automatic),98.48,2066.44,No
CUST-01963,Female,1,Yes,Yes,26,Yes,Yes,Fiber optic,No,Yes,Yes,No,No,Yes,Month-to-month,No,Electronic check,79.43,2076.76,Yes
CUST-01964,Female,0,No,No,38,Yes,No,Fiber optic,Yes,Yes,Yes,Yes,Yes,No,One year,Yes,Mailed check,107.33,4092.14,No
CUST-01965,Female,0,Yes,No,32,Yes,No,Fiber optic,Yes,No,No,No,No,No,Month-to-month,Yes,Mailed check,76.22,2414.56,No
CUST-01966,Male,0,Yes,Yes,35,Yes,Yes,Fiber optic,No,No,No,No,Yes,No,One year,Yes,Mailed check,75.57,2652.53,No
CUST-01967,Male,0,No,Yes,49,Yes,No,DSL,Yes,No,Yes,No,No,No,Month-to-month,No,Bank transfer (automatic),53.54,2642.45,No
CUST-01968,Female,1,No,No,71,Yes,No,DSL,Yes,No,No,No,No,Yes,Month-to-month,Yes,Mailed check,63.65,4505.32,Yes
CUST-01969,Male,0,Yes,No,58,Yes,No,Fiber optic,Yes,Yes,Yes,No,No,Yes,Month-to-month,No,Credit card (automatic),98.02,5700.36,Yes
CUST-01970,Female,1,No,No,0,Yes,No,No,No internet service,No internet service,No internet service,No internet service,No internet service,No internet service,Month-to-month,No,Bank transfer (automatic),18.45,7.58,No
CUST-01971,Female,0,Yes,Yes,25,Yes,Yes,Fiber optic,Yes,No,No,Yes,Yes,No,Month-to-month,No,Mailed check,82.32,2067.19,No
CUST-01972,Female,0,Yes,Yes,0,Yes,No,No,No internet service,No internet service,No internet service,No internet service,No internet service,No internet service,Month-to-month,Yes,Mailed check,18.0,16.63,Yes
CUST-01973,Male,0,Yes,Yes,63,Yes,Yes,Fiber optic,No,No,No,No,Yes,No,Month-to-month,Yes,Mailed check,78.22,4909.55,No
CUST-01974,Female,0,Yes,No,47,Yes,Yes,DSL,No,No,No,Yes,No,No,Two year,Yes,Mailed check,48.12,2242.14,No
CUST-01975,Male,0,No,No,15,Yes,Yes,Fiber optic,Yes,No,Yes,Yes,Yes,No,One year,Yes,Bank transfer (automatic),88.05,1343.41,No
CUST-01976,Female,0,No,No,61,Yes,Yes,No,No internet service,No internet service,No internet service,No internet service,No internet service,No internet service,Month-to-month,No,Credit card (automatic),18.19,1102.88,Yes
CUST-01977,Male,0,No,No,41,No,No phone service,Fiber optic,No,Yes,No,No,No,No,Month-to-month,Yes,Bank transfer (automatic),77.95,3166.46,Yes
CUST-01978,Male,0,Yes,Yes,3,Yes,Yes,Fiber optic,No,No,Yes,Yes,Yes,Yes,Month-to-month,Yes,Credit card (automatic),98.87,293.0,Yes
CUST-01979,Female,1,No,No,11,Yes,Yes,Fiber optic,No,No,Yes,Yes,Yes,Yes,Month-to-month,No,Electronic check,90.98,998.3,Yes
CUST-01980,Female,0,No,No,59,Yes,Yes,DSL,No,Yes,No,No,Yes,No,Month-to-month,Yes,Electronic check,55.7,3290.9,Yes
CUST-01981,Female,0,Yes,No,21,Yes,Yes,DSL,Yes,No,No,No,Yes,Yes,Month-to-month,No,Bank transfer (automatic),59.94,1250.75,No
CUST-01982,Male,0,No,No,38,Yes,No,DSL,Yes,Yes,Yes,Yes,Yes,No,Two year,No,Credit card (automatic),65.59,2526.89,No
CUST-01983,Female,0,No,Yes,65,Yes,Yes,Fiber optic,No,Yes,Yes,No,No,Yes,Two year,Yes,Bank transfer (automatic),88.26,5718.71,No
CUST-01984,Female,1,No,No,21,Yes,No,No,No internet service,No internet service,No internet service,No internet service,No internet service,No internet service,Month-to-month,No,Mailed check,21.55,413.45,No
CUST-01985,Female,0,Yes,No,0,Yes,Yes,DSL,No,No,No,No,Yes,Yes,Month-to-month,Yes,Bank transfer (automatic),54.46,0.0,Yes
CUST-01986,Female,0,No,Yes,6,Yes,Yes,DSL,No,No,No,Yes,Yes,Yes,Month-to-month,Yes,Electronic check,55.42,317.5,Yes
CUST-01987,Male,0,No,No,66,Yes,Yes,Fiber optic,No,Yes,No,Yes,No,No,Month-to-month,Yes,Credit card (automatic),78.31,5177.68,Yes
CUST-01988,Male,0,No,No,43,Yes,Yes,No,No internet service,No internet service,No internet service,No internet service,No internet service,No internet service,Month-to-month,Yes,Electronic check,18.0,769.59,No
CUST-01989,Female,0,No,Yes,23,Yes,Yes,Fiber optic,Yes,Yes,Yes,No,No,No,Month-to-month,No,Credit card (automatic),86.99,2007.39,No
CUST-01990,Female,0,Yes,No,5,Yes,No,Fiber optic,Yes,No,Yes,No,No,Yes,Month-to-month,No,Mailed check,93.71,454.81,No
CUST-01991,Male,1,No,No,50,Yes,Yes,Fiber optic,Yes,No,Yes,Yes,No,No,Month-to-month,No,Credit card (automatic),77.56,3885.89,No
CUST-01992,Male,1,No,No,2,Yes,No,Fiber optic,Yes,No,Yes,No,No,No,One year,Yes,Bank transfer (automatic),86.46,140.89,Yes
CUST-01993,Female,0,No,No,6,Yes,Yes,No,No internet service,No internet service,No internet service,No internet service,No internet service,No internet service,Month-to-month,Yes,Credit card (automatic),18.0,110.82,No
CUST-01994,Female,0,Yes,Yes,43,Yes,No,DSL,No,Yes,Yes,No,No,No,Two year,Yes,Bank transfer (automatic),59.32,2562.33,No
CUST-01995,Male,0,Yes,No,46,Yes,Yes,No,No internet service,No internet service,No internet service,No internet service,No internet service,No internet service,Month-to-month,Yes,Bank transfer (automatic),22.52,1017.07,No
CUST-01996,Female,0,Yes,No,41,No,No phone service,Fiber optic,No,Yes,No,No,Yes,Yes,Month-to-month,No,Bank transfer (automatic),84.45,3495.66,No
CUST-01997,Female,0,Yes,Yes,66,No,No phone service,Fiber optic,Yes,No,Yes,Yes,Yes,Yes,Month-to-month,Yes,Electronic check,94.81,6219.54,Yes
CUST-01998,Male,1,No,No,19,Yes,Yes,DSL,No,Yes,No,No,Yes,No,Month-to-month,Yes,Credit card (automatic),55.04,1059.36,No
CUST-01999,Male,0,Yes,No,40,Yes,Yes,No,No internet service,No internet service,No internet service,No internet service,No internet service,No internet service,Month-to-month,No,Mailed check,18.0,736.28,No
CUST-02000,Female,0,No,Yes,22,Yes,No,Fiber optic,Yes,Yes,Yes,No,No,No,Month-to-month,No,Mailed check,91.42,1993.51,No
CUST-02001,Male,0,No,No,26,Yes,No,Fiber optic,Yes,No,Yes,No,Yes,No,Month-to-month,No,Credit card (automatic),88.75,2313.4,Yes
CUST-02002,Male,0,No,No,10,Yes,Yes,Fiber optic,No,Yes,Yes,Yes,No,No,Month-to-month,No,Electronic check,90.33,885.68,Yes
CUST-02003,Male,0,Yes,No,57,No,No phone service,DSL,No,Yes,No,No,Yes,No,Month-to-month,Yes,Electronic check,56.62,3232.76,Yes
CUST-02004,Female,0,No,No,51,Yes,Yes,DSL,Yes,Yes,No,No,Yes,No,One year,No,Credit card (automatic),55.0,2800.1,No
CUST-02005,Male,0,No,No,52,Yes,Yes,DSL,Yes,No,No,Yes,No,No,One year,No,Credit card (automatic),55.56,2888.68,No
CUST-02006,Male,0,No,No,10,No,No phone service,DSL,No,Yes,No,Yes,No,No,One year,No,Credit card (automatic),56.17,549.55,No
CUST-02007,Male,0,Yes,Yes,8,Yes,Yes,Fiber optic,No,Yes,Yes,No,Yes,No,Two year,No,Electronic check,87.71,689.63,No
CUST-02008,Female,0,No,No,57,Yes,Yes,Fiber optic,Yes,Yes,Yes,Yes,No,No,Month-to-month,No,Mailed check,95.86,5448.09,No
CUST-02009,Female,0,Yes,No,48,Yes,Yes,Fiber optic,Yes,Yes,Yes,No,Yes,Yes,Two year,Yes,Bank transfer (automatic),94.18,4533.03,No
CUST-02010,Male,0,No,No,2,Yes,Yes,Fiber optic,No,Yes,No,Yes,Yes,No,Month-to-month,No,Mailed check,91.68,216.26,Yes
CUST-02011,Male,0,Yes,No,48,Yes,No,DSL,No,Yes,No,Yes,Yes,Yes,Month-to-month,Yes,Electronic check,65.57,3192.44,Yes
CUST-02012,Male,1,Yes,No,71,Yes,Yes,Fiber optic,No,No,Yes,Yes,Yes,No,One year,No,Electronic check,82.69,5889.24,No
CUST-02013,Female,0,No,No,54,Yes,No,Fiber optic,No,No,Yes,No,Yes,No,Month-to-month,Yes,Credit card (automatic),84.61,4568.39,Yes
CUST-02014,Female,0,Yes,No,20,Yes,Yes,Fiber optic,Yes,Yes,Yes,No,Yes,No,Month-to-month,Yes,Credit card (automatic),95.58,1931.11,No
CUST-02015,Male,0,No,No,23,Yes,No,DSL,Yes,No,No,No,No,Yes,Month-to-month,No,Bank transfer (automatic),55.61,1285.63,No
CUST-02016,Male,0,No,No,54,Yes,No,No,No internet service,No internet service,No internet service,No internet service,No internet service,No internet service,Month-to-month,Yes,Electronic check,18.0,964.72,Yes
CUST-02017,Female,0,Yes,Yes,29,Yes,Yes,No,No internet service,No internet service,No internet service,No internet service,No internet service,No internet service,Month-to-month,Yes,Mailed check,19.66,609.19,No
CUST-02018,Female,0,Yes,Yes,53,No,No phone service,No,No internet service,No internet service,No internet service,No internet service,No internet service,No internet service,Two year,No,Mailed check,18.0,973.18,No
CUST-02019,Male,0,Yes,No,70,No,No phone service,Fiber optic,No,No,Yes,Yes,No,Yes,Month-to-month,Yes,Electronic check,85.19,5948.09,Yes
CUST-02020,Male,0,No,No,29,Yes,Yes,Fiber optic,No,No,Yes,No,Yes,No,Month-to-month,No,Electronic check,83.27,2433.76,Yes
CUST-02021,Female,0,No,No,41,Yes,No,No,No internet service,No internet service,No internet service,No internet service,No internet service,No internet service,Month-to-month,No,Mailed check,21.97,911.99,No
CUST-02022,Female,0,Yes,Yes,35,No,No phone service,No,No internet service,No internet service,No internet service,No internet service,No internet service,No internet service,Two year,Yes,Mailed check,24.22,828.66,No
CUST-02023,Female,1,No,No,37,Yes,Yes,No,No internet service,No internet service,No internet service,No internet service,No internet service,No internet service,Two year,No,Mailed check,21.88,810.77,No
CUST-02024,Male,0,Yes,No,5,Yes,Yes,No,No internet service,No internet service,No internet service,No internet service,No internet service,No internet service,One year,Yes,Electronic check,18.0,88.59,No
CUST-02025,Male,0,No,No,72,Yes,Yes,No,No internet service,No internet service,No internet service,No internet service,No internet service,No internet service,Month-to-month,No,Electronic check,22.05,1535.41,No
CUST-02026,Female,0,No,No,39,Yes,Yes,Fiber optic,No,No,Yes,No,No,Yes,Month-to-month,Yes,Credit card (automatic),81.15,3136.42,Yes
CUST-02027,Female,0,Yes,No,16,Yes,Yes,DSL,Yes,No,No,Yes,No,No,Month-to-month,Yes,Electronic check,55.08,902.87,No
CUST-02028,Female,0,No,Yes,41,Yes,Yes,Fiber optic,Yes,Yes,No,Yes,Yes,Yes,One year,No,Bank transfer (automatic),94.26,3850.1,No
CUST-02029,Male,0,Yes,Yes,29,Yes,Yes,Fiber optic,Yes,No,Yes,Yes,No,Yes,Month-to-month,Yes,Credit card (automatic),92.59,2696.75,No
CUST-02030,Female,0,No,Yes,59,Yes,Yes,Fiber optic,Yes,No,Yes,Yes,No,Yes,One year,No,Mailed check,100.29,5942.37,No
CUST-02031,Male,0,No,Yes,55,Yes,No,Fiber optic,No,Yes,Yes,No,No,Yes,Month-to-month,Yes,Mailed check,88.01,4799.08,Yes
CUST-02032,Male,0,No,No,27,Yes,Yes,Fiber optic,Yes,No,No,No,Yes,Yes,Two year,No,Bank transfer (automatic),87.35,2390.63,Yes
CUST-02033,Female,0,No,Yes,52,Yes,Yes,No,No internet service,No internet service,No internet service,No internet service,No internet service,No internet service,Month-to-month,No,Electronic check,18.0,932.54,No
CUST-02034,Female,0,No,No,2,Yes,Yes,Fiber optic,No,No,No,Yes,Yes,No,Month-to-month,No,Bank transfer (automatic),82.86,173.44,Yes
CUST-02035,Female,0,Yes,No,70,Yes,No,DSL,Yes,Yes,Yes,Yes,No,Yes,Month-to-month,Yes,Electronic check,71.68,5056.34,No
CUST-02036,Female,0,No,No,37,Yes,Yes,Fiber optic,No,No,No,No,Yes,Yes,One year,No,Credit card (automatic),85.66,3188.69,No
CUST-02037,Male,1,Yes,No,47,Yes,Yes,Fiber optic,No,No,Yes,No,No,No,Two year,Yes,Bank transfer (automatic),76.57,3595.22,No
CUST-02038,Female,0,No,No,47,Yes,Yes,DSL,Yes,No,Yes,Yes,Yes,Yes,Month-to-month,No,Mailed check,72.05,3375.66,No
CUST-02039,Male,0,Yes,No,22,Yes,Yes,Fiber optic,No,Yes,Yes,Yes,No,Yes,Two year,No,Mailed check,90.0,1971.01,No
CUST-02040,Male,0,No,No,50,Yes,Yes,No,No internet service,No internet service,No internet service,No internet service,No internet service,No internet service,Month-to-month,No,Electronic check,18.0,888.68,Yes
CUST-02041,Female,0,No,No,29,Yes,Yes,DSL,No,Yes,No,No,Yes,No,Month-to-month,Yes,Electronic check,51.26,1511.78,Yes
CUST-02042,Female,1,Yes,No,49,Yes,Yes,Fiber optic,Yes,Yes,Yes,Yes,Yes,Yes,Month-to-month,No,Credit card (automatic),104.2,5116.6,No
CUST-02043,Female,0,No,No,6,No,No phone service,Fiber optic,No,No,Yes,Yes,No,No,Month-to-month,No,Electronic check,82.19,497.33,Yes
CUST-02044,Male,0,No,Yes,10,Yes,Yes,Fiber optic,No,Yes,No,No,No,No,Two year,No,Electronic check,79.5,790.61,Yes
CUST-02045,Female,0,Yes,No,67,Yes,Yes,Fiber optic,No,Yes,Yes,Yes,Yes,Yes,Month-to-month,No,Electronic check,104.14,6991.94,Yes
CUST-02046,Male,1,No,No,53,Yes,No,Fiber optic,No,No,Yes,No,Yes,Yes,Month-to-month,Yes,Mailed check,83.92,4410.07,Yes
CUST-02047,Female,0,No,Yes,9,Yes,Yes,Fiber optic,Yes,No,No,Yes,Yes,No,Month-to-month,Yes,Bank transfer (automatic),85.22,804.23,No
CUST-02048,Female,0,No,Yes,15,Yes,No,No,No internet service,No internet service,No internet service,No internet service,No internet service,No internet service,One year,Yes,Mailed check,18.0,264.64,No
CUST-02049,Female,0,Yes,Yes,39,Yes,Yes,DSL,No,No,No,No,Yes,Yes,Two year,No,Credit card (automatic),57.72,2232.04,No
CUST-02050,Male,0,No,Yes,0,No,No phone service,Fiber optic,No,No,Yes,Yes,No,Yes,Two year,Yes,Bank transfer (automatic),79.87,22.93,No
CUST-02051,Male,0,Yes,Yes,29,Yes,Yes,No,No internet service,No internet service,No internet service,No internet service,No internet service,No internet service,Month-to-month,No,Credit card (automatic),18.0,544.46,No
CUST-02052,Male,0,No,No,23,Yes,Yes,DSL,Yes,No,Yes,No,No,No,Month-to-month,Yes,Mailed check,58.19,1336.89,No
CUST-02053,Female,0,Yes,No,9,No,No phone service,No,No internet service,No internet service,No internet service,No internet service,No internet service,No internet service,Month-to-month,No,Bank transfer (automatic),18.02,188.73,No
CUST-02054,Female,0,Yes,No,21,Yes,Yes,Fiber optic,No,Yes,Yes,No,No,Yes,Two year,Yes,Electronic check,88.44,1877.3,Yes
CUST-02055,Male,0,Yes,No,21,Yes,No,DSL,Yes,Yes,No,No,No,No,Month-to-month,Yes,Mailed check,57.85,1222.45,No
CUST-02056,Female,0,Yes,Yes,4,Yes,No,DSL,No,Yes,No,Yes,Yes,No,Two year,Yes,Credit card (automatic),60.58,209.52,No
CUST-02057,Female,0,No,No,46,Yes,Yes,DSL,Yes,No,No,No,No,Yes,Two year,No,Mailed check,51.45,2369.23,No
CUST-02058,Male,0,No,Yes,19,Yes,No,No,No internet service,No internet service,No internet service,No internet service,No internet service,No internet service,One year,Yes,Mailed check,22.1,420.08,No
CUST-02059,Male,0,No,No,2,Yes,Yes,Fiber optic,Yes,Yes,No,No,Yes,Yes,One year,No,Bank transfer (automatic),90.19,175.4,No
CUST-02060,Female,1,No,No,1,Yes,No,No,No internet service,No internet service,No internet service,No internet service,No internet service,No internet service,Month-to-month,Yes,Mailed check,21.02,13.61,Yes
CUST-02061,Female,0,Yes,No,70,Yes,Yes,Fiber optic,Yes,Yes,No,No,No,Yes,Month-to-month,No,Credit card (automatic),83.55,5863.53,No
CUST-02062,Male,0,Yes,No,8,Yes,No,Fiber optic,Yes,Yes,No,Yes,No,Yes,Month-to-month,Yes,Mailed check,89.29,689.42,Yes
CUST-02063,Female,0,No,No,66,Yes,Yes,No,No internet service,No internet service,No internet service,No internet service,No internet service,No internet service,Month-to-month,Yes,Credit card (automatic),20.49,1376.22,No
CUST-02064,Female,0,No,No,12,Yes,No,No,No internet service,No internet service,No internet service,No internet service,No internet service,No internet service,One year,No,Bank transfer (automatic),19.42,232.03,No
CUST-02065,Female,0,No,No,6,Yes,Yes,Fiber optic,No,No,Yes,Yes,No,No,Month-to-month,No,Credit card (automatic),81.47,471.98,Yes
CUST-02066,Female,0,Yes,No,39,Yes,Yes,Fiber optic,No,No,No,No,No,Yes,Two year,Yes,Bank transfer (automatic),71.76,2792.84,No
CUST-02067,Female,0,No,Yes,63,Yes,No,No,No internet service,No internet service,No internet service,No internet service,No internet service,No internet service,Two year,Yes,Bank transfer (automatic),27.45,1733.33,No
CUST-02068,Male,0,Yes,Yes,5,Yes,Yes,Fiber optic,Yes,No,Yes,No,No,Yes,Month-to-month,No,Bank transfer (automatic),90.97,483.7,Yes
CUST-02069,Male,0,No,No,23,Yes,No,DSL,No,Yes,Yes,No,Yes,No,Month-to-month,No,Electronic check,69.9,1621.9,No
CUST-02070,Male,0,Yes,No,54,Yes,Yes,DSL,Yes,Yes,Yes,Yes,Yes,Yes,Month-to-month,Yes,Electronic check,83.71,4543.96,No
CUST-02071,Female,1,No,No,4,Yes,No,No,No internet service,No internet service,No internet service,No internet service,No internet service,No internet service,Month-to-month,No,Credit card (automatic),19.16,75.38,No
CUST-02072,Male,0,Yes,Yes,12,No,No phone service,Fiber optic,Yes,No,Yes,No,No,Yes,One year,Yes,Bank transfer (automatic),90.14,1077.44,No
CUST-02073,Male,0,No,Yes,22,Yes,Yes,Fiber optic,Yes,Yes,No,No,Yes,Yes,One year,Yes,Electronic check,97.36,2179.06,No
CUST-02074,Female,1,Yes,No,58,Yes,Yes,No,No internet service,No internet service,No internet service,No internet service,No internet service,No internet service,One year,Yes,Bank transfer (automatic),18.91,1094.02,Yes
CUST-02075,Male,0,No,Yes,59,Yes,No,DSL,No,No,Yes,No,No,Yes,Month-to-month,No,Mailed check,56.32,3311.93,No
CUST-02076,Male,0,Yes,No,51,Yes,Yes,No,No internet service,No internet service,No internet service,No internet service,No internet service,No internet service,Two year,Yes,Mailed check,18.0,905.0,No
CUST-02077,Male,0,No,Yes,48,Yes,No,Fiber optic,No,Yes,Yes,No,No,Yes,One year,No,Credit card (automatic),79.1,3802.7,Yes
CUST-02078,Male,0,Yes,Yes,1,Yes,No,Fiber optic,Yes,No,No,Yes,Yes,No,Two year,Yes,Bank transfer (automatic),79.44,57.76,Yes
CUST-02079,Male,0,Yes,Yes,17,Yes,Yes,DSL,No,Yes,No,No,Yes,No,Two year,Yes,Bank transfer (automatic),55.31,943.93,No
CUST-02080,Female,0,No,No,67,Yes,No,DSL,No,No,No,No,Yes,Yes,One year,Yes,Bank transfer (automatic),54.26,3638.7,No
CUST-02081,Male,0,Yes,No,52,Yes,No,Fiber optic,No,Yes,No,No,Yes,No,Month-to-month,Yes,Electronic check,80.31,4187.94,Yes
CUST-02082,Male,1,Yes,No,17,Yes,Yes,Fiber optic,Yes,No,No,No,Yes,Yes,Two year,Yes,Credit card (automatic),90.28,1499.76,No
CUST-02083,Female,1,No,No,51,No,No phone service,DSL,No,Yes,No,No,No,Yes,Month-to-month,No,Bank transfer (automatic),51.76,2599.79,No
CUST-02084,Male,0,No,No,52,Yes,Yes,DSL,No,No,No,No,No,No,Month-to-month,Yes,Mailed check,47.23,2447.2,Yes
CUST-02085,Female,0,No,No,54,Yes,No,Fiber optic,No,No,No,No,No,No,Month-to-month,No,Credit card (automatic),66.71,3599.55,No
CUST-02086,Female,0,Yes,No,71,Yes,Yes,No,No internet service,No internet service,No internet service,No internet service,No internet service,No internet service,Month-to-month,No,Bank transfer (automatic),18.0,1255.66,No
CUST-02087,Female,1,No,Yes,39,Yes,Yes,DSL,No,No,Yes,Yes,Yes,Yes,Month-to-month,Yes,Mailed check,69.09,2667.14,No
CUST-02088,Male,0,No,No,4,Yes,Yes,DSL,Yes,Yes,Yes,Yes,No,Yes,Month-to-month,No,Credit card (automatic),78.47,322.53,No
CUST-02089,Male,1,Yes,No,59,Yes,No,Fiber optic,Yes,Yes,No,No,Yes,No,Two year,Yes,Bank transfer (automatic),88.69,5226.47,No
CUST-02090,Female,0,No,No,1,No,No phone service,Fiber optic,No,Yes,No,Yes,No,No,One year,Yes,Electronic check,80.79,96.96,No
CUST-02091,Male,0,Yes,No,46,Yes,No,Fiber optic,No,Yes,No,No,Yes,Yes,Two year,No,Mailed check,81.83,3736.66,No
CUST-02092,Female,0,No,No,58,No,No phone service,No,No internet service,No internet service,No internet service,No internet service,No internet service,No internet service,Two year,No,Bank transfer (automatic),21.46,1242.52,No
CUST-02093,Male,0,No,No,9,Yes,Yes,DSL,No,Yes,Yes,Yes,Yes,No,Month-to-month,Yes,Mailed check,73.78,697.47,No
CUST-02094,Male,0,No,Yes,58,Yes,Yes,Fiber optic,Yes,Yes,No,Yes,No,No,One year,Yes,Bank transfer (automatic),81.08,4696.69,No
CUST-02095,Female,1,No,No,59,Yes,No,No,No internet service,No internet service,No internet service,No internet service,No internet service,No internet service,One year,No,Electronic check,20.51,1198.42,No
CUST-02096,Female,0,Yes,Yes,47,Yes,No,Fiber optic,No,No,Yes,No,Yes,Yes,Month-to-month,Yes,Credit card (automatic),94.46,4457.86,Yes
CUST-02097,Female,0,Yes,Yes,23,Yes,Yes,Fiber optic,No,No,No,Yes,No,Yes,Two year,No,Bank transfer (automatic),80.05,1865.52,No
CUST-02098,Female,0,No,No,14,Yes,No,No,No internet service,No internet service,No internet service,No internet service,No internet service,No internet service,Two year,Yes,Electronic check,22.88,307.62,No
CUST-02099,Male,0,No,No,51,Yes,No,DSL,Yes,Yes,No,Yes,No,Yes,Month-to-month,No,Mailed check,72.76,3699.52,No
CUST-02100,Female,0,No,No,11,Yes,No,DSL,Yes,Yes,Yes,Yes,Yes,No,Two year,Yes,Mailed check,65.56,738.47,No
CUST-02101,Female,1,Yes,No,49,Yes,Yes,DSL,Yes,No,No,Yes,No,No,Month-to-month,No,Bank transfer (automatic),52.51,2578.99,No
CUST-02102,Male,1,No,No,12,Yes,Yes,No,No internet service,No internet service,No internet service,No internet service,No internet service,No internet service,Two year,No,Mailed check,23.92,293.49,No
CUST-02103,Male,0,Yes,No,24,Yes,Yes,No,No internet service,No internet service,No internet service,No internet service,No internet service,No internet service,One year,No,Credit card (automatic),22.75,550.73,No
CUST-02104,Female,0,Yes,No,36,Yes,Yes,DSL,No,No,Yes,Yes,Yes,No,Month-to-month,Yes,Electronic check,66.83,2404.87,No
CUST-02105,Male,0,No,No,11,Yes,Yes,Fiber optic,Yes,No,No,No,Yes,No,Two year,Yes,Electronic check,78.3,881.35,No
CUST-02106,Female,1,No,Yes,58,Yes,Yes,Fiber optic,Yes,Yes,No,Yes,No,No,Month-to-month,Yes,Electronic check,90.28,5264.01,No
CUST-02107,Male,0,No,No,50,Yes,No,DSL,No,No,Yes,No,No,Yes,Month-to-month,No,Bank transfer (automatic),54.56,2707.4,No
CUST-02108,Male,0,No,No,1,Yes,Yes,No,No internet service,No internet service,No internet service,No internet service,No internet service,No internet service,Two year,Yes,Credit card (automatic),22.57,40.31,No
CUST-02109,Male,1,Yes,No,61,Yes,No,Fiber optic,No,Yes,Yes,Yes,No,No,One year,Yes,Mailed check,88.83,5417.75,No
CUST-02110,Male,1,No,Yes,52,Yes,Yes,No,No internet service,No internet service,No internet service,No internet service,No internet service,No internet service,Month-to-month,Yes,Credit card (automatic),18.0,910.28,No
CUST-02111,Female,0,No,No,61,No,No phone service,Fiber optic,Yes,Yes,No,Yes,No,No,One year,No,Mailed check,86.77,5274.48,No
CUST-02112,Female,0,No,No,43,Yes,Yes,DSL,No,No,No,Yes,No,No,Month-to-month,No,Mailed check,51.05,2186.96,Yes
CUST-02113,Female,0,Yes,Yes,45,Yes,Yes,Fiber optic,No,No,No,Yes,Yes,Yes,Month-to-month,Yes,Bank transfer (automatic),91.5,4138.66,No
CUST-02114,Female,0,Yes,No,27,Yes,Yes,Fiber optic,No,No,No,No,Yes,Yes,One year,No,Electronic check,84.65,2264.87,Yes
CUST-02115,Male,0,Yes,Yes,16,Yes,Yes,DSL,No,Yes,No,No,Yes,No,Month-to-month,Yes,Credit card (automatic),57.04,876.63,Yes
CUST-02116,Female,0,Yes,No,17,Yes,Yes,DSL,Yes,Yes,Yes,Yes,Yes,No,Month-to-month,No,Credit card (automatic),75.94,1285.68,No
CUST-02117,Female,0,Yes,No,23,No,No phone service,No,No internet service,No internet service,No internet service,No internet service,No internet service,No internet service,Two year,No,Credit card (automatic),21.88,493.69,No
CUST-02118,Female,0,No,No,21,Yes,Yes,Fiber optic,No,No,No,Yes,No,No,Two year,Yes,Credit card (automatic),82.45,1752.86,No
CUST-02119,Female,0,No,Yes,55,Yes,Yes,Fiber optic,Yes,No,No,No,Yes,Yes,One year,Yes,Credit card (automatic),86.11,4741.19,No
CUST-02120,Female,0,Yes,No,38,Yes,No,DSL,Yes,Yes,Yes,Yes,No,Yes,One year,No,Mailed check,72.08,2753.29,No
CUST-02121,Female,1,No,No,29,Yes,Yes,Fiber optic,No,No,No,Yes,Yes,Yes,Two year,No,Electronic check,86.25,2493.38,No
CUST-02122,Female,0,No,No,52,Yes,No,Fiber optic,Yes,No,Yes,Yes,No,No,Two year,No,Bank transfer (automatic),86.74,4486.13,Yes
CUST-02123,Female,1,No,No,53,No,No phone service,DSL,No,No,Yes,Yes,No,No,Month-to-month,Yes,Mailed check,52.27,2796.55,No
CUST-02124,Female,0,No,No,68,Yes,Yes,DSL,No,Yes,Yes,No,No,Yes,Month-to-month,Yes,Credit card (automatic),68.35,4636.0,No
CUST-02125,Male,0,No,Yes,22,No,No phone service,Fiber optic,Yes,No,No,No,No,Yes,Month-to-month,Yes,Credit card (automatic),83.22,1843.79,No
CUST-02126,Male,1,Yes,No,17,Yes,No,Fiber optic,Yes,Yes,Yes,No,Yes,No,Month-to-month,Yes,Credit card (automatic),91.73,1552.05,Yes
CUST-02127,Female,0,Yes,No,0,Yes,No,DSL,No,Yes,No,No,Yes,Yes,Month-to-month,No,Credit card (automatic),60.23,13.15,Yes
CUST-02128,Male,0,No,No,11,Yes,Yes,No,No internet service,No internet service,No internet service,No internet service,No internet service,No internet service,One year,No,Credit card (automatic),20.78,234.62,No
CUST-02129,Male,0,No,No,44,Yes,Yes,DSL,Yes,No,Yes,No,No,No,Two year,Yes,Mailed check,50.53,2225.88,No
CUST-02130,Female,0,No,Yes,59,Yes,Yes,No,No internet service,No internet service,No internet service,No internet service,No internet service,No internet service,Two year,Yes,Bank transfer (automatic),18.29,1087.38,No
CUST-02131,Female,0,No,Yes,43,Yes,No,DSL,No,No,No,Yes,Yes,Yes,Month-to-month,Yes,Mailed check,55.77,2393.29,No
CUST-02132,Female,0,Yes,No,72,Yes,No,Fiber optic,Yes,No,No,No,No,No,Month-to-month,Yes,Bank transfer (automatic),74.47,5327.74,No
CUST-02133,Male,0,Yes,No,45,Yes,Yes,Fiber optic,Yes,Yes,No,Yes,No,Yes,Month-to-month,No,Bank transfer (automatic),93.51,4213.73,No
CUST-02134,Male,0,No,Yes,64,Yes,Yes,Fiber optic,Yes,No,No,Yes,No,No,Month-to-month,No,Electronic check,79.4,5104.51,No
CUST-02135,Female,0,Yes,No,19,Yes,Yes,No,No internet service,No internet service,No internet service,No internet service,No internet service,No internet service,Month-to-month,No,Bank transfer (automatic),19.36,366.95,No
CUST-02136,Female,0,No,No,23,Yes,No,DSL,Yes,No,No,No,Yes,No,Two year,Yes,Bank transfer (automatic),58.24,1333.25,No
CUST-02137,Male,0,No,No,59,Yes,No,DSL,Yes,No,No,Yes,No,No,Month-to-month,No,Bank transfer (automatic),55.49,3279.13,Yes
CUST-02138,Female,0,No,No,48,Yes,Yes,DSL,No,Yes,No,No,No,No,One year,No,Electronic check,48.98,2370.62,No
CUST-02139,Male,0,Yes,No,35,Yes,Yes,Fiber optic,No,Yes,Yes,No,Yes,Yes,Month-to-month,No,Mailed check,84.67,2957.83,Yes
CUST-02140,Female,0,No,No,69,Yes,No,No,No internet service,No internet service,No internet service,No internet service,No internet service,No internet service,Month-to-month,No,Electronic check,20.86,1409.45,No
CUST-02141,Female,0,Yes,No,55,Yes,Yes,DSL,Yes,Yes,Yes,Yes,No,Yes,Two year,No,Electronic check,72.68,4000.56,No
CUST-02142,Female,0,No,No,21,Yes,No,Fiber optic,No,No,Yes,Yes,Yes,Yes,Two year,Yes,Bank transfer (automatic),85.48,1802.37,No
CUST-02143,Female,0,Yes,No,44,Yes,No,Fiber optic,No,Yes,Yes,No,No,Yes,Month-to-month,Yes,Credit card (automatic),86.87,3825.76,Yes
CUST-02144,Male,0,No,Yes,28,Yes,No,No,No internet service,No internet service,No internet service,No internet service,No internet service,No internet service,Two year,Yes,Mailed check,19.31,530.79,No
CUST-02145,Male,1,No,No,30,Yes,No,Fiber optic,No,No,No,No,Yes,No,Month-to-month,No,Mailed check,73.94,2224.89,Yes
CUST-02146,Male,1,Yes,Yes,58,Yes,Yes,No,No internet service,No internet service,No internet service,No internet service,No internet service,No internet service,Two year,Yes,Mailed check,18.54,1070.7,No
CUST-02147,Female,0,No,No,49,Yes,No,Fiber optic,No,No,Yes,No,Yes,Yes,Month-to-month,Yes,Credit card (automatic),85.62,4186.64,No
CUST-02148,Female,0,Yes,No,0,Yes,Yes,No,No internet service,No internet service,No internet service,No internet service,No internet service,No internet service,Month-to-month,Yes,Credit card (automatic),18.0,0.0,Yes
CUST-02149,Female,0,Yes,No,41,Yes,Yes,Fiber optic,No,No,No,No,No,Yes,One year,No,Credit card (automatic),70.59,2897.65,No
CUST-02150,Male,1,No,No,47,Yes,Yes,Fiber optic,No,Yes,Yes,Yes,No,No,Two year,Yes,Electronic check,85.56,4026.94,No
CUST-02151,Male,0,No,Yes,37,Yes,No,No,No internet service,No internet service,No internet service,No internet service,No internet service,No internet service,Two year,Yes,Credit card (automatic),23.49,858.86,No
CUST-02152,Female,0,Yes,No,21,Yes,No,Fiber optic,No,No,Yes,Yes,No,Yes,Month-to-month,Yes,Electronic check,93.36,1964.54,Yes
CUST-02153,Female,0,No,No,47,Yes,No,DSL,Yes,Yes,Yes,No,No,No,Two year,Yes,Mailed check,61.69,2907.07,No
CUST-02154,Female,0,No,Yes,69,Yes,Yes,Fiber optic,No,Yes,No,Yes,Yes,No,Month-to-month,No,Mailed check,85.81,5932.04,No
CUST-02155,Male,1,No,Yes,6,Yes,No,No,No internet service,No internet service,No internet service,No internet service,No internet service,No internet service,Month-to-month,No,Bank transfer (automatic),18.0,117.64,No
CUST-02156,Male,1,Yes,No,44,Yes,Yes,Fiber optic,No,Yes,Yes,No,Yes,Yes,Month-to-month,No,Mailed check,93.6,4144.45,No
CUST-02157,Female,0,Yes,No,66,Yes,Yes,DSL,No,Yes,Yes,Yes,Yes,No,Month-to-month,Yes,Bank transfer (automatic),71.21,4713.58,No
CUST-02158,Female,0,No,No,29,No,No phone service,No,No internet service,No internet service,No internet service,No internet service,No internet service,No internet service,Month-to-month,No,Credit card (automatic),18.54,577.74,No
CUST-02159,Male,0,Yes,Yes,24,Yes,No,Fiber optic,No,No,Yes,Yes,Yes,No,One year,Yes,Electronic check,90.33,2188.55,No
CUST-02160,Female,0,Yes,No,18,Yes,No,DSL,No,Yes,No,Yes,No,No,Month-to-month,No,Credit card (automatic),57.73,1059.13,No
CUST-02161,Male,1,No,No,16,Yes,No,DSL,No,No,Yes,Yes,No,Yes,One year,Yes,Mailed check,70.04,1096.11,No
CUST-02162,Male,0,Yes,No,28,Yes,No,DSL,Yes,Yes,Yes,Yes,Yes,No,Month-to-month,Yes,Bank transfer (automatic),75.25,2122.13,Yes
CUST-02163,Female,0,No,No,56,Yes,Yes,Fiber optic,Yes,No,Yes,Yes,No,Yes,One year,Yes,Mailed check,89.11,5007.18,No
CUST-02164,Female,0,Yes,Yes,13,Yes,Yes,DSL,Yes,No,No,Yes,No,Yes,Month-to-month,Yes,Electronic check,60.98,791.86,No
CUST-02165,Female,0,No,No,16,Yes,No,DSL,Yes,Yes,Yes,No,Yes,Yes,Month-to-month,No,Electronic check,67.37,1036.97,No
CUST-02166,Male,0,No,Yes,72,Yes,No,Fiber optic,Yes,Yes,No,Yes,Yes,No,One year,No,Electronic check,96.89,6929.5,No
CUST-02167,Female,0,No,No,72,Yes,No,No,No internet service,No internet service,No internet service,No internet service,No internet service,No internet service,Two year,No,Mailed check,18.43,1321.37,No
CUST-02168,Female,1,No,Yes,16,Yes,Yes,Fiber optic,Yes,Yes,Yes,Yes,Yes,Yes,Two year,No,Electronic check,111.87,1779.16,No
CUST-02169,Female,0,No,Yes,30,Yes,No,Fiber optic,No,No,Yes,Yes,No,No,Month-to-month,Yes,Mailed check,83.83,2485.07,No
CUST-02170,Male,0,Yes,No,29,Yes,Yes,Fiber optic,No,Yes,No,No,No,Yes,Two year,Yes,Mailed check,78.08,2272.06,No
CUST-02171,Female,0,No,Yes,21,Yes,Yes,DSL,Yes,No,Yes,No,Yes,No,One year,No,Credit card (automatic),61.57,1270.3,No
CUST-02172,Female,0,No,No,11,Yes,No,No,No internet service,No internet service,No internet service,No internet service,No internet service,No internet service,Two year,Yes,Bank transfer (automatic),18.82,173.7,No
CUST-02173,Female,0,No,No,4,Yes,Yes,DSL,Yes,Yes,Yes,No,Yes,Yes,Month-to-month,Yes,Credit card (automatic),71.74,328.23,No
CUST-02174,Male,0,Yes,No,44,Yes,No,DSL,Yes,Yes,Yes,Yes,No,No,Month-to-month,Yes,Electronic check,62.06,2740.73,Yes
CUST-02175,Female,0,Yes,Yes,3,Yes,No,Fiber optic,No,No,No,Yes,No,Yes,Month-to-month,No,Bank transfer (automatic),80.39,232.65,Yes
CUST-02176,Male,0,No,No,45,No,No phone service,DSL,Yes,No,Yes,No,No,No,Two year,No,Mailed check,53.25,2368.0,No
CUST-02177,Male,0,No,No,6,Yes,Yes,DSL,Yes,No,No,No,No,No,Month-to-month,Yes,Credit card (automatic),54.92,311.81,Yes
CUST-02178,Female,0,Yes,Yes,11,Yes,Yes,Fiber optic,Yes,Yes,Yes,Yes,No,No,Month-to-month,No,Credit card (automatic),88.25,958.3,Yes
CUST-02179,Male,1,Yes,No,0,No,No phone service,Fiber optic,No,Yes,No,No,No,Yes,One year,No,Electronic check,78.02,0.0,Yes
CUST-02180,Female,1,No,No,29,Yes,No,DSL,No,No,Yes,No,No,Yes,Two year,No,Bank transfer (automatic),52.98,1529.97,No
CUST-02181,Male,0,Yes,No,23,Yes,Yes,Fiber optic,No,No,No,Yes,No,No,One year,Yes,Bank transfer (automatic),80.97,1838.69,No
CUST-02182,Female,0,No,No,24,Yes,Yes,Fiber optic,No,No,Yes,No,No,Yes,One year,No,Mailed check,82.48,1962.05,Yes
CUST-02183,Female,0,Yes,No,22,Yes,Yes,No,No internet service,No internet service,No internet service,No internet service,No internet service,No internet service,Month-to-month,Yes,Mailed check,18.0,361.78,No
CUST-02184,Female,1,Yes,No,68,Yes,Yes,DSL,Yes,No,Yes,No,No,No,Two year,Yes,Electronic check,58.6,3945.2,No
CUST-02185,Male,0,Yes,No,31,No,No phone service,No,No internet service,No internet service,No internet service,No internet service,No internet service,No internet service,Month-to-month,No,Mailed check,18.31,536.9,No
CUST-02186,Male,0,No,Yes,59,Yes,Yes,Fiber optic,Yes,No,Yes,No,No,No,Month-to-month,No,Bank transfer (automatic),83.2,4896.6,No
CUST-02187,Male,0,No,No,17,Yes,No,Fiber optic,No,Yes,No,No,No,Yes,Month-to-month,Yes,Bank transfer (automatic),72.83,1231.95,Yes
CUST-02188,Male,1,Yes,No,35,Yes,Yes,DSL,Yes,No,Yes,Yes,No,Yes,Month-to-month,Yes,Credit card (automatic),71.66,2517.41,No
CUST-02189,Female,0,Yes,No,4,Yes,Yes,Fiber optic,Yes,Yes,Yes,No,No,No,One year,Yes,Credit card (automatic),86.65,354.9,Yes
CUST-02190,Male,0,Yes,No,18,Yes,Yes,DSL,Yes,No,Yes,Yes,No,No,One year,Yes,Bank transfer (automatic),58.68,1068.72,No
CUST-02191,Male,0,Yes,Yes,5,No,No phone service,Fiber optic,Yes,Yes,No,Yes,No,No,Month-to-month,No,Mailed check,84.2,414.9,Yes
CUST-02192,Male,0,No,No,1,Yes,No,Fiber optic,No,No,Yes,Yes,Yes,No,Month-to-month,Yes,Mailed check,84.49,97.6,Yes
CUST-02193,Male,1,Yes,Yes,13,Yes,Yes,DSL,No,No,No,No,Yes,No,Month-to-month,Yes,Bank transfer (automatic),50.79,617.4,No
CUST-02194,Female,0,No,No,11,Yes,Yes,DSL,No,Yes,Yes,No,Yes,Yes,Month-to-month,No,Mailed check,65.78,735.66,No
CUST-02195,Female,0,Yes,No,23,Yes,No,No,No internet service,No internet service,No internet service,No internet service,No internet service,No internet service,Two year,No,Electronic check,20.1,461.5,No
CUST-02196,Male,0,Yes,Yes,54,Yes,No,Fiber optic,Yes,Yes,Yes,Yes,Yes,Yes,One year,No,Mailed check,105.39,5710.29,No
CUST-02197,Female,0,Yes,No,10,Yes,Yes,Fiber optic,Yes,Yes,Yes,No,No,No,Month-to-month,Yes,Bank transfer (automatic),86.87,815.1,Yes
CUST-02198,Female,0,Yes,No,44,Yes,Yes,No,No internet service,No internet service,No internet service,No internet service,No internet service,No internet service,Month-to-month,No,Electronic check,18.0,810.24,Yes
CUST-02199,Male,0,Yes,No,26,Yes,No,DSL,No,No,No,No,Yes,No,Two year,Yes,Electronic check,51.48,1305.96,Yes
CUST-02200,Male,1,Yes,No,29,Yes,Yes,Fiber optic,Yes,Yes,No,No,Yes,No,Two year,Yes,Mailed check,79.55,2329.33,No
CUST-02201,Male,0,Yes,No,67,Yes,No,Fiber optic,Yes,Yes,No,Yes,No,Yes,Two year,Yes,Mailed check,88.03,5881.15,No
CUST-02202,Male,0,No,No,33,Yes,No,DSL,Yes,No,No,Yes,Yes,No,Month-to-month,No,Credit card (automatic),60.4,2001.51,Yes
CUST-02203,Male,0,Yes,Yes,19,Yes,Yes,DSL,Yes,No,Yes,No,Yes,Yes,Month-to-month,Yes,Mailed check,71.37,1354.31,No
CUST-02204,Male,0,Yes,Yes,17,Yes,No,No,No internet service,No internet service,No internet service,No internet service,No internet service,No internet service,Month-to-month,No,Electronic check,19.64,354.18,No
CUST-02205,Female,0,Yes,Yes,12,Yes,Yes,DSL,Yes,No,Yes,No,Yes,Yes,Two year,No,Electronic check,77.44,932.3,No
CUST-02206,Male,0,No,No,58,Yes,No,DSL,Yes,No,No,No,No,No,Month-to-month,No,Bank transfer (automatic),50.77,2976.07,No
CUST-02207,Female,0,No,No,48,Yes,No,Fiber optic,No,No,No,Yes,Yes,No,One year,Yes,Bank transfer (automatic),83.22,3980.16,No
CUST-02208,Male,0,No,No,19,Yes,No,No,No internet service,No internet service,No internet service,No internet service,No internet service,No internet service,Month-to-month,Yes,Electronic check,19.06,341.44,No
CUST-02209,Male,0,No,No,35,Yes,Yes,Fiber optic,No,Yes,Yes,No,No,Yes,One year,Yes,Bank transfer (automatic),82.23,2864.98,No
CUST-02210,Female,0,No,Yes,36,No,No phone service,DSL,Yes,Yes,Yes,Yes,Yes,No,Month-to-month,Yes,Credit card (automatic),74.86,2707.63,No
CUST-02211,Female,0,Yes,No,3,Yes,Yes,Fiber optic,No,Yes,Yes,Yes,Yes,Yes,Two year,Yes,Credit card (automatic),92.49,290.97,No
CUST-02212,Female,0,No,No,66,Yes,No,Fiber optic,Yes,No,Yes,No,No,No,Month-to-month,No,Credit card (automatic),84.22,5532.78,No
CUST-02213,Male,1,No,Yes,57,Yes,Yes,Fiber optic,No,No,No,No,No,Yes,Two year,No,Credit card (automatic),80.34,4562.42,No
CUST-02214,Male,0,Yes,No,39,Yes,No,No,No internet service,No internet service,No internet service,No internet service,No internet service,No internet service,Month-to-month,No,Credit card (automatic),21.8,855.97,No
CUST-02215,Male,0,No,Yes,52,Yes,No,DSL,Yes,Yes,No,Yes,Yes,Yes,One year,Yes,Mailed check,64.48,3377.87,No
CUST-02216,Male,0,Yes,No,7,Yes,No,Fiber optic,No,No,Yes,No,Yes,No,One year,Yes,Bank transfer (automatic),77.62,529.29,No
CUST-02217,Female,0,Yes,No,71,Yes,No,Fiber optic,Yes,No,Yes,Yes,Yes,No,Month-to-month,Yes,Credit card (automatic),92.15,6514.12,No
CUST-02218,Male,0,No,Yes,46,Yes,Yes,Fiber optic,Yes,No,Yes,No,No,No,Month-to-month,No,Credit card (automatic),79.66,3684.42,No
CUST-02219,Male,0,Yes,No,68,Yes,No,Fiber optic,Yes,Yes,No,No,Yes,Yes,Month-to-month,Yes,Mailed check,97.36,6585.52,No
CUST-02220,Female,0,No,No,63,Yes,Yes,DSL,No,No,No,No,No,Yes,Month-to-month,Yes,Mailed check,50.33,3181.59,No
CUST-02221,Male,0,No,Yes,42,Yes,Yes,Fiber optic,No,No,No,No,No,No,One year,Yes,Mailed check,67.1,2774.83,Yes
CUST-02222,Male,0,No,No,21,Yes,No,Fiber optic,No,No,No,Yes,Yes,No,Month-to-month,No,Credit card (automatic),84.95,1781.54,Yes
CUST-02223,Male,0,Yes,No,50,No,No phone service,Fiber optic,No,Yes,No,No,Yes,Yes,Month-to-month,Yes,Credit card (automatic),86.08,4296.94,Yes
CUST-02224,Male,0,No,Yes,37,Yes,Yes,DSL,No,No,No,Yes,No,Yes,Month-to-month,No,Credit card (automatic),58.46,2147.37,No
CUST-02225,Female,0,No,No,29,Yes,No,DSL,No,Yes,No,Yes,No,Yes,Month-to-month,No,Credit card (automatic),67.76,1993.83,No
CUST-02226,Female,0,Yes,No,51,Yes,Yes,DSL,Yes,Yes,No,No,Yes,Yes,Month-to-month,No,Electronic check,72.63,3702.46,Yes
CUST-02227,Female,0,Yes,Yes,64,Yes,No,DSL,Yes,Yes,No,No,No,No,One year,Yes,Mailed check,55.65,3558.24,No
CUST-02228,Male,0,No,No,12,Yes,Yes,DSL,Yes,Yes,Yes,No,Yes,Yes,Month-to-month,No,Mailed check,71.42,851.9,No
CUST-02229,Female,0,No,No,40,Yes,No,DSL,No,No,No,Yes,No,No,Two year,Yes,Credit card (automatic),47.8,1896.64,No
CUST-02230,Female,0,Yes,No,56,Yes,No,DSL,No,Yes,Yes,No,Yes,No,One year,Yes,Electronic check,62.31,3525.91,Yes
CUST-02231,Male,1,Yes,Yes,23,Yes,No,DSL,No,Yes,Yes,No,No,Yes,Month-to-month,Yes,Credit card (automatic),64.1,1466.76,No
CUST-02232,Female,0,No,Yes,24,Yes,Yes,No,No internet service,No internet service,No internet service,No internet service,No internet service,No internet service,Two year,No,Credit card (automatic),18.0,469.1,No
CUST-02233,Male,0,Yes,No,0,Yes,No,Fiber optic,No,Yes,Yes,Yes,No,Yes,One year,Yes,Electronic check,91.6,0.0,No
CUST-02234,Female,1,Yes,No,23,Yes,Yes,Fiber optic,No,No,No,No,Yes,Yes,One year,Yes,Mailed check,77.59,1784.93,No
CUST-02235,Female,0,No,Yes,42,Yes,Yes,Fiber optic,Yes,No,Yes,No,No,Yes,Month-to-month,No,Bank transfer (automatic),88.18,3694.0,No
CUST-02236,Male,0,Yes,No,70,Yes,No,Fiber optic,Yes,No,No,No,Yes,Yes,One year,Yes,Bank transfer (automatic),82.59,5765.23,No
CUST-02237,Male,0,Yes,No,38,No,No phone service,DSL,Yes,No,Yes,No,Yes,Yes,Month-to-month,Yes,Mailed check,62.06,2354.5,Yes
CUST-02238,Male,0,No,No,21,Yes,No,Fiber optic,No,No,No,Yes,No,Yes,Month-to-month,No,Mailed check,88.77,1897.46,Yes
CUST-02239,Female,0,No,No,59,Yes,No,DSL,No,No,Yes,No,Yes,Yes,Month-to-month,No,Electronic check,64.04,3804.11,No
CUST-02240,Male,0,No,No,13,Yes,Yes,Fiber optic,Yes,Yes,No,No,Yes,No,Month-to-month,Yes,Electronic check,82.01,1066.62,Yes
CUST-02241,Female,0,Yes,No,13,Yes,Yes,DSL,Yes,Yes,Yes,Yes,No,No,One year,Yes,Bank transfer (automatic),68.79,866.94,No
CUST-02242,Male,0,No,No,38,Yes,Yes,Fiber optic,No,No,Yes,Yes,No,No,Month-to-month,Yes,Electronic check,85.91,3271.02,Yes
CUST-02243,Male,0,No,No,59,Yes,No,DSL,No,Yes,Yes,No,No,Yes,Month-to-month,Yes,Credit card (automatic),64.79,3812.03,No
CUST-02244,Female,0,No,No,15,Yes,No,DSL,No,Yes,Yes,Yes,No,Yes,Two year,Yes,Electronic check,71.46,1052.6,No
CUST-02245,Female,0,No,No,1,No,No phone service,Fiber optic,Yes,Yes,Yes,No,No,Yes,Month-to-month,Yes,Credit card (automatic),91.59,104.36,No
CUST-02246,Female,0,No,No,52,Yes,No,DSL,Yes,Yes,No,Yes,No,No,Month-to-month,No,Mailed check,66.56,3435.51,No
CUST-02247,Male,0,No,No,42,Yes,Yes,Fiber optic,No,No,No,No,No,No,Month-to-month,Yes,Electronic check,69.48,2920.24,Yes
CUST-02248,Male,1,No,No,50,Yes,Yes,DSL,Yes,No,No,Yes,Yes,Yes,Two year,Yes,Electronic check,72.42,3629.93,No
CUST-02249,Male,0,Yes,No,28,Yes,No,Fiber optic,Yes,Yes,Yes,Yes,No,No,One year,Yes,Electronic check,83.78,2359.02,Yes
CUST-02250,Female,0,No,Yes,8,Yes,No,Fiber optic,No,No,No,Yes,No,Yes,One year,Yes,Credit card (automatic),77.67,595.71,No
CUST-02251,Female,0,No,Yes,24,Yes,Yes,No,No internet service,No internet service,No internet service,No internet service,No internet service,No internet service,Two year,No,Mailed check,18.48,476.96,No
CUST-02252,Male,0,Yes,No,34,Yes,Yes,Fiber optic,No,No,Yes,Yes,Yes,No,One year,No,Mailed check,87.6,2983.73,No
CUST-02253,Female,0,Yes,No,31,Yes,Yes,No,No internet service,No internet service,No internet service,No internet service,No internet service,No internet service,Two year,No,Electronic check,19.36,599.62,No
CUST-02254,Male,1,No,No,64,Yes,Yes,DSL,No,Yes,Yes,Yes,No,No,One year,Yes,Mailed check,62.92,3999.82,No
CUST-02255,Female,0,Yes,No,16,Yes,No,Fiber optic,No,No,No,No,Yes,No,Two year,Yes,Electronic check,74.31,1171.93,No
CUST-02256,Female,0,No,Yes,22,Yes,Yes,Fiber optic,No,No,Yes,Yes,Yes,No,One year,No,Electronic check,83.84,1836.76,Yes
CUST-02257,Female,1,No,No,13,Yes,No,Fiber optic,Yes,Yes,Yes,Yes,No,No,Month-to-month,Yes,Bank transfer (automatic),98.46,1278.83,No
CUST-02258,Male,0,Yes,Yes,41,Yes,No,Fiber optic,Yes,No,No,Yes,No,No,Month-to-month,Yes,Bank transfer (automatic),78.71,3233.39,Yes
CUST-02259,Female,1,Yes,No,58,Yes,Yes,No,No internet service,No internet service,No internet service,No internet service,No internet service,No internet service,Month-to-month,No,Bank transfer (automatic),21.66,1248.62,No
CUST-02260,Male,0,No,No,64,Yes,Yes,Fiber optic,No,No,No,Yes,Yes,Yes,Month-to-month,Yes,Electronic check,83.5,5372.36,Yes
CUST-02261,Female,0,Yes,No,16,Yes,Yes,DSL,Yes,Yes,No,No,Yes,No,Two year,Yes,Bank transfer (automatic),65.77,1044.14,No
CUST-02262,Male,1,No,No,31,Yes,Yes,Fiber optic,Yes,No,No,Yes,No,Yes,One year,Yes,Electronic check,79.21,2458.78,No
CUST-02263,Female,0,Yes,Yes,53,Yes,No,DSL,Yes,No,No,Yes,Yes,No,One year,Yes,Bank transfer (automatic),65.23,3479.33,No
CUST-02264,Male,0,Yes,Yes,3,Yes,No,Fiber optic,No,No,No,Yes,No,No,One year,Yes,Bank transfer (automatic),78.11,222.74,No
CUST-02265,Male,0,No,No,51,Yes,No,Fiber optic,Yes,No,No,No,No,No,Two year,Yes,Electronic check,74.41,3766.97,No
CUST-02266,Female,0,Yes,Yes,9,Yes,No,DSL,No,No,No,No,No,Yes,One year,No,Bank transfer (automatic),52.97,467.84,No
CUST-02267,Female,0,No,No,2,Yes,No,DSL,Yes,Yes,Yes,Yes,No,No,Month-to-month,Yes,Credit card (automatic),60.41,138.47,No
CUST-02268,Male,0,No,Yes,8,Yes,No,No,No internet service,No internet service,No internet service,No internet service,No internet service,No internet service,Month-to-month,Yes,Bank transfer (automatic),19.39,155.89,Yes
CUST-02269,Female,0,Yes,No,64,Yes,Yes,DSL,No,No,Yes,No,No,Yes,Month-to-month,Yes,Credit card (automatic),56.18,3608.44,Yes
CUST-02270,Male,0,Yes,Yes,49,No,No phone service,DSL,Yes,Yes,No,Yes,Yes,No,Month-to-month,Yes,Credit card (automatic),68.15,3312.5,No
CUST-02271,Male,0,No,No,57,Yes,Yes,DSL,Yes,No,Yes,No,Yes,No,Month-to-month,Yes,Electronic check,58.7,3313.02,No
CUST-02272,Male,0,No,No,50,Yes,No,Fiber optic,Yes,No,Yes,No,Yes,Yes,Month-to-month,No,Credit card (automatic),93.14,4668.01,No
CUST-02273,Male,0,No,Yes,58,No,No phone service,DSL,No,Yes,No,Yes,Yes,Yes,Month-to-month,Yes,Electronic check,72.64,4219.53,No
CUST-02274,Male,0,No,No,36,Yes,Yes,Fiber optic,Yes,Yes,Yes,Yes,No,Yes,Month-to-month,No,Electronic check,100.08,3583.99,No
CUST-02275,Male,0,Yes,Yes,59,Yes,Yes,DSL,No,No,Yes,No,No,Yes,Two year,No,Credit card (automatic),48.32,2827.38,No
CUST-02276,Male,0,Yes,No,4,Yes,Yes,DSL,Yes,Yes,Yes,No,No,No,Month-to-month,Yes,Mailed check,65.27,257.21,Yes
CUST-02277,Male,0,No,Yes,42,Yes,No,DSL,No,No,Yes,Yes,Yes,Yes,Two year,Yes,Bank transfer (automatic),61.11,2565.15,No
CUST-02278,Male,0,No,No,55,Yes,Yes,DSL,No,Yes,No,Yes,No,No,Month-to-month,Yes,Mailed check,53.63,2924.69,No
CUST-02279,Female,0,No,Yes,72,Yes,Yes,Fiber optic,Yes,No,No,Yes,Yes,No,Two year,No,Credit card (automatic),85.34,6142.52,No
CUST-02280,Female,0,Yes,No,26,Yes,Yes,DSL,No,Yes,No,No,No,Yes,One year,No,Electronic check,62.87,1605.04,Yes
CUST-02281,Male,1,No,No,13,Yes,Yes,Fiber optic,Yes,No,Yes,No,Yes,No,Two year,No,Electronic check,87.57,1125.11,No
CUST-02282,Male,1,No,No,52,Yes,No,Fiber optic,Yes,Yes,Yes,No,No,Yes,Month-to-month,No,Credit card (automatic),86.53,4472.71,Yes
CUST-02283,Female,0,Yes,No,5,Yes,No,DSL,Yes,No,Yes,Yes,No,No,One year,No,Credit card (automatic),63.12,312.87,No
CUST-02284,Female,1,No,Yes,56,Yes,Yes,DSL,Yes,No,Yes,No,No,No,Month-to-month,Yes,Mailed check,55.15,3075.05,No
CUST-02285,Female,1,No,No,51,Yes,No,Fiber optic,Yes,Yes,Yes,Yes,Yes,No,Month-to-month,No,Bank transfer (automatic),99.3,5090.75,No
CUST-02286,Female,0,Yes,No,50,Yes,No,Fiber optic,Yes,No,No,Yes,No,No,One year,Yes,Electronic check,84.75,4243.05,No
CUST-02287,Female,0,Yes,No,21,Yes,No,Fiber optic,No,No,No,No,Yes,Yes,Month-to-month,Yes,Bank transfer (automatic),78.67,1625.28,Yes
CUST-02288,Female,0,Yes,No,8,Yes,Yes,No,No internet service,No internet service,No internet service,No internet service,No internet service,No internet service,Month-to-month,No,Credit card (automatic),21.57,190.24,No
CUST-02289,Male,0,No,No,44,No,No phone service,DSL,Yes,Yes,No,Yes,Yes,No,Two year,No,Electronic check,66.57,2924.58,No
CUST-02290,Male,0,Yes,No,26,Yes,No,Fiber optic,No,Yes,No,Yes,No,No,Month-to-month,Yes,Credit card (automatic),75.67,1981.99,No
CUST-02291,Male,0,Yes,No,28,Yes,Yes,Fiber optic,Yes,No,Yes,No,No,Yes,One year,Yes,Bank transfer (automatic),89.92,2491.34,No
CUST-02292,Male,0,Yes,No,13,Yes,Yes,DSL,No,No,Yes,Yes,Yes,No,Month-to-month,Yes,Electronic check,67.54,889.49,No
CUST-02293,Female,1,Yes,No,24,Yes,No,Fiber optic,No,Yes,Yes,No,No,Yes,Month-to-month,Yes,Mailed check,88.7,2169.25,Yes
CUST-02294,Female,0,Yes,No,60,Yes,No,Fiber optic,No,Yes,Yes,No,No,No,Month-to-month,Yes,Electronic check,86.76,5216.73,Yes
CUST-02295,Female,0,No,No,65,Yes,No,Fiber optic,Yes,No,No,No,No,No,Month-to-month,Yes,Electronic check,71.76,4652.0,Yes
CUST-02296,Male,0,Yes,No,25,Yes,No,Fiber optic,Yes,No,No,Yes,No,No,Two year,Yes,Electronic check,84.08,2124.45,No
CUST-02297,Male,0,Yes,Yes,10,Yes,No,DSL,Yes,No,Yes,No,Yes,No,Two year,Yes,Credit card (automatic),58.83,574.08,No
CUST-02298,Male,1,Yes,No,2,Yes,No,Fiber optic,No,No,Yes,No,No,No,Month-to-month,Yes,Bank transfer (automatic),76.37,161.86,Yes
CUST-02299,Female,0,Yes,No,13,Yes,Yes,Fiber optic,No,Yes,Yes,No,No,No,Month-to-month,No,Electronic check,91.6,1235.2,Yes
CUST-02300,Male,0,Yes,Yes,0,Yes,Yes,Fiber optic,Yes,Yes,No,No,Yes,No,Two year,No,Electronic check,80.15,0.0,Yes
CUST-02301,Male,0,No,No,48,Yes,Yes,Fiber optic,Yes,No,No,Yes,Yes,Yes,Month-to-month,Yes,Mailed check,90.59,4358.04,Yes
CUST-02302,Female,0,No,Yes,46,Yes,Yes,Fiber optic,Yes,No,Yes,No,No,No,Month-to-month,No,Mailed check,81.94,3808.83,No
CUST-02303,Female,0,No,Yes,57,Yes,No,Fiber optic,No,No,No,No,No,No,Month-to-month,Yes,Electronic check,68.4,3917.97,Yes
CUST-02304,Female,0,Yes,No,24,Yes,Yes,DSL,No,Yes,No,Yes,No,Yes,Two year,Yes,Electronic check,66.2,1602.56,No
CUST-02305,Male,0,No,No,60,Yes,No,Fiber optic,Yes,Yes,No,No,No,No,Month-to-month,No,Bank transfer (automatic),75.85,4511.2,Yes
CUST-02306,Male,0,No,No,12,Yes,Yes,Fiber optic,No,Yes,No,No,Yes,No,Month-to-month,Yes,Credit card (automatic),83.21,978.75,Yes
CUST-02307,Male,0,Yes,Yes,16,Yes,Yes,DSL,No,Yes,No,No,Yes,Yes,Two year,Yes,Mailed check,65.79,1069.47,No
CUST-02308,Male,0,Yes,No,66,Yes,Yes,DSL,No,Yes,Yes,Yes,No,No,Two year,No,Mailed check,64.67,4261.52,No
CUST-02309,Female,0,No,Yes,64,Yes,Yes,DSL,No,Yes,No,No,No,Yes,One year,Yes,Credit card (automatic),63.0,4021.6,No
CUST-02310,Male,0,Yes,No,43,Yes,No,Fiber optic,No,Yes,No,No,Yes,Yes,One year,No,Mailed check,81.06,3508.6,No
CUST-02311,Male,0,Yes,Yes,44,Yes,Yes,DSL,Yes,Yes,No,No,Yes,Yes,Two year,No,Bank transfer (automatic),73.36,3240.56,No
CUST-02312,Female,0,No,No,51,Yes,No,No,No internet service,No internet service,No internet service,No internet service,No internet service,No internet service,One year,Yes,Credit card (automatic),18.0,901.05,No
CUST-02313,Male,1,Yes,Yes,60,Yes,Yes,No,No internet service,No internet service,No internet service,No internet service,No internet service,No internet service,One year,No,Credit card (automatic),18.0,1094.72,No
CUST-02314,Male,0,No,Yes,16,Yes,No,No,No internet service,No internet service,No internet service,No internet service,No internet service,No internet service,Month-to-month,No,Credit card (automatic),20.16,302.81,No
CUST-02315,Male,0,Yes,No,5,Yes,No,DSL,Yes,Yes,No,No,No,No,Month-to-month,No,Electronic check,58.32,259.26,No
CUST-02316,Male,0,Yes,No,13,Yes,No,Fiber optic,Yes,No,No,Yes,No,Yes,Two year,Yes,Credit card (automatic),95.41,1246.1,No
CUST-02317,Male,0,Yes,No,26,Yes,No,No,No internet service,No internet service,No internet service,No internet service,No internet service,No internet service,One year,Yes,Bank transfer (automatic),24.83,620.19,No
CUST-02318,Female,0,Yes,No,17,No,No phone service,Fiber optic,Yes,Yes,No,No,No,No,Month-to-month,Yes,Electronic check,82.25,1372.52,No
CUST-02319,Female,0,No,No,38,Yes,Yes,DSL,No,Yes,Yes,No,No,No,One year,Yes,Credit card (automatic),55.0,2068.94,Yes
CUST-02320,Male,0,No,Yes,10,Yes,No,No,No internet service,No internet service,No internet service,No internet service,No internet service,No internet service,Two year,Yes,Mailed check,20.73,209.89,No
CUST-02321,Male,0,No,No,42,Yes,No,Fiber optic,Yes,Yes,Yes,No,No,No,Month-to-month,Yes,Credit card (automatic),89.25,3763.49,Yes
CUST-02322,Male,0,No,No,51,Yes,No,Fiber optic,Yes,Yes,Yes,No,Yes,No,One year,Yes,Mailed check,92.18,4694.56,No
CUST-02323,Female,0,Yes,No,7,Yes,No,No,No internet service,No internet service,No internet service,No internet service,No internet service,No internet service,Month-to-month,Yes,Bank transfer (automatic),18.01,101.21,No
CUST-02324,Female,0,Yes,No,20,Yes,Yes,No,No internet service,No internet service,No internet service,No internet service,No internet service,No internet service,One year,Yes,Mailed check,22.57,428.08,No
CUST-02325,Female,0,Yes,No,39,No,No phone service,Fiber optic,Yes,Yes,Yes,Yes,Yes,No,Two year,Yes,Credit card (automatic),103.84,4017.88,No
CUST-02326,Male,0,No,No,4,Yes,Yes,DSL,No,Yes,No,Yes,No,No,Two year,Yes,Mailed check,61.93,261.24,Yes
CUST-02327,Male,0,No,Yes,48,Yes,No,Fiber optic,No,No,Yes,Yes,No,No,Two year,Yes,Electronic check,79.38,3791.35,Yes
CUST-02328,Male,0,Yes,No,55,Yes,Yes,Fiber optic,No,Yes,Yes,No,No,No,One year,Yes,Credit card (automatic),80.71,4442.73,No
CUST-02329,Male,1,No,No,26,Yes,No,Fiber optic,No,Yes,Yes,Yes,No,No,Month-to-month,Yes,Electronic check,84.81,2168.07,Yes
CUST-02330,Male,0,No,No,0,Yes,No,Fiber optic,Yes,No,Yes,No,Yes,No,One year,Yes,Credit card (automatic),84.92,24.53,No
CUST-02331,Female,0,Yes,No,36,Yes,Yes,Fiber optic,Yes,No,No,No,Yes,No,Month-to-month,Yes,Mailed check,85.92,3091.98,No
CUST-02332,Male,0,No,No,63,Yes,Yes,Fiber optic,No,No,Yes,No,Yes,No,One year,Yes,Bank transfer (automatic),78.5,4913.22,No
CUST-02333,Female,0,No,Yes,21,Yes,No,No,No internet service,No internet service,No internet service,No internet service,No internet service,No internet service,Month-to-month,No,Mailed check,19.17,389.56,No
CUST-02334,Female,0,No,No,61,Yes,No,No,No internet service,No internet service,No internet service,No internet service,No internet service,No internet service,Month-to-month,No,Electronic check,22.25,1359.99,No
CUST-02335,Female,0,Yes,No,63,Yes,Yes,Fiber optic,No,No,Yes,Yes,No,No,Month-to-month,Yes,Credit card (automatic),80.45,5049.72,No
CUST-02336,Male,0,Yes,No,20,Yes,Yes,Fiber optic,Yes,No,Yes,Yes,Yes,No,Month-to-month,No,Electronic check,88.98,1785.94,Yes
CUST-02337,Female,0,Yes,No,43,Yes,Yes,Fiber optic,No,No,Yes,No,No,Yes,Month-to-month,No,Electronic check,84.04,3638.36,Yes
CUST-02338,Male,0,No,No,3,Yes,Yes,Fiber optic,No,Yes,No,No,No,Yes,Month-to-month,No,Mailed check,78.05,251.5,Yes
CUST-02339,Male,0,No,Yes,40,Yes,Yes,DSL,No,Yes,No,No,No,No,Month-to-month,Yes,Mailed check,50.59,2022.16,No
CUST-02340,Male,1,No,Yes,64,Yes,Yes,Fiber optic,Yes,Yes,No,No,Yes,No,Month-to-month,Yes,Bank transfer (automatic),87.62,5635.3,No
CUST-02341,Male,0,Yes,No,68,Yes,Yes,Fiber optic,Yes,No,No,No,No,No,Two year,No,Mailed check,68.99,4694.27,Yes
CUST-02342,Female,0,Yes,No,14,Yes,Yes,Fiber optic,No,No,No,Yes,No,No,Month-to-month,Yes,Mailed check,73.64,1027.46,Yes
CUST-02343,Female,0,No,No,48,No,No phone service,No,No internet service,No internet service,No internet service,No internet service,No internet service,No internet service,Two year,No,Bank transfer (automatic),21.06,1007.91,No
CUST-02344,Female,0,Yes,Yes,4,Yes,No,No,No internet service,No internet service,No internet service,No internet service,No internet service,No internet service,Month-to-month,Yes,Credit card (automatic),23.7,95.58,No
CUST-02345,Male,0,No,Yes,20,Yes,No,No,No internet service,No internet service,No internet service,No internet service,No internet service,No internet service,Two year,Yes,Electronic check,18.0,367.72,No
CUST-02346,Male,0,No,Yes,60,Yes,No,No,No internet service,No internet service,No internet service,No internet service,No internet service,No internet service,One year,No,Electronic check,18.0,1061.12,No
CUST-02347,Female,0,Yes,No,46,Yes,Yes,Fiber optic,No,Yes,Yes,Yes,No,Yes,Two year,Yes,Credit card (automatic),94.15,4352.57,No
CUST-02348,Male,0,Yes,Yes,28,Yes,Yes,No,No internet service,No internet service,No internet service,No internet service,No internet service,No internet service,Two year,No,Credit card (automatic),22.41,652.43,No
CUST-02349,Female,0,Yes,Yes,70,Yes,No,No,No internet service,No internet service,No internet service,No internet service,No internet service,No internet service,One year,Yes,Credit card (automatic),22.8,1644.43,No
CUST-02350,Female,0,Yes,No,55,Yes,Yes,Fiber optic,No,Yes,Yes,No,No,Yes,Month-to-month,Yes,Mailed check,88.82,4849.79,Yes
CUST-02351,Female,0,No,No,1,Yes,No,DSL,Yes,Yes,Yes,Yes,No,Yes,Month-to-month,No,Mailed check,71.44,71.14,No
CUST-02352,Female,0,Yes,No,5,No,No phone service,DSL,No,No,Yes,No,Yes,Yes,Month-to-month,Yes,Electronic check,65.05,308.24,Yes
CUST-02353,Male,0,Yes,Yes,45,Yes,Yes,Fiber optic,Yes,Yes,No,No,No,Yes,Two year,Yes,Electronic check,86.8,3918.0,No
CUST-02354,Male,0,Yes,No,64,Yes,No,Fiber optic,No,Yes,Yes,No,No,No,Two year,Yes,Bank transfer (automatic),80.48,5174.23,No
CUST-02355,Male,1,Yes,No,11,Yes,No,Fiber optic,No,Yes,No,No,Yes,Yes,Month-to-month,Yes,Electronic check,85.71,942.68,Yes
CUST-02356,Male,0,No,No,39,Yes,Yes,No,No internet service,No internet service,No internet service,No internet service,No internet service,No internet service,One year,Yes,Electronic check,19.37,748.41,No
CUST-02357,Male,0,No,Yes,59,Yes,Yes,Fiber optic,Yes,Yes,No,Yes,Yes,No,Month-to-month,Yes,Mailed check,93.66,5515.45,Yes
CUST-02358,Female,0,No,Yes,62,Yes,No,DSL,No,Yes,Yes,No,Yes,Yes,One year,Yes,Electronic check,55.72,3449.99,No
CUST-02359,Male,0,No,No,46,Yes,Yes,DSL,No,Yes,Yes,No,No,No,One year,Yes,Electronic check,62.44,2878.99,No
CUST-02360,Female,0,Yes,Yes,72,No,No phone service,Fiber optic,Yes,No,No,Yes,No,No,Month-to-month,No,Electronic check,82.88,5973.98,Yes
CUST-02361,Female,1,No,No,68,Yes,No,DSL,Yes,Yes,Yes,No,Yes,No,Two year,Yes,Bank transfer (automatic),53.15,3643.39,No
CUST-02362,Female,0,Yes,No,60,Yes,No,No,No internet service,No internet service,No internet service,No internet service,No internet service,No internet service,Month-to-month,Yes,Bank transfer (automatic),20.51,1226.69,No
CUST-02363,Male,0,No,Yes,48,No,No phone service,No,No internet service,No internet service,No internet service,No internet service,No internet service,No internet service,Two year,Yes,Mailed check,18.7,915.21,No
CUST-02364,Female,0,Yes,Yes,71,Yes,No,Fiber optic,No,Yes,Yes,No,No,No,One year,Yes,Mailed check,79.53,5628.28,No
CUST-02365,Male,0,Yes,Yes,1,Yes,Yes,Fiber optic,No,No,Yes,Yes,Yes,No,Month-to-month,Yes,Electronic check,96.25,70.4,Yes
CUST-02366,Male,0,Yes,No,6,Yes,No,No,No internet service,No internet service,No internet service,No internet service,No internet service,No internet service,Month-to-month,No,Credit card (automatic),22.51,154.72,No
CUST-02367,Male,0,No,Yes,37,Yes,Yes,No,No internet service,No internet service,No internet service,No internet service,No internet service,No internet service,Month-to-month,Yes,Credit card (automatic),19.53,730.47,Yes
CUST-02368,Male,0,Yes,No,48,Yes,Yes,Fiber optic,No,No,No,No,Yes,Yes,One year,No,Mailed check,79.12,3786.96,No
CUST-02369,Male,0,No,Yes,65,Yes,No,No,No internet service,No internet service,No internet service,No internet service,No internet service,No internet service,Two year,Yes,Bank transfer (automatic),20.8,1333.37,No
CUST-02370,Male,0,Yes,No,49,Yes,Yes,Fiber optic,Yes,No,No,No,Yes,Yes,Month-to-month,Yes,Credit card (automatic),80.89,3953.89,No
CUST-02371,Female,0,No,No,16,Yes,No,DSL,Yes,Yes,Yes,No,Yes,No,Month-to-month,Yes,Bank transfer (automatic),70.85,1137.76,Yes
CUST-02372,Male,0,No,No,66,Yes,Yes,Fiber optic,No,Yes,No,No,No,Yes,Month-to-month,No,Bank transfer (automatic),78.34,5173.4,No
CUST-02373,Male,0,Yes,No,6,Yes,No,Fiber optic,Yes,Yes,No,Yes,No,Yes,Month-to-month,Yes,Bank transfer (automatic),97.63,556.68,No
CUST-02374,Female,0,Yes,No,6,Yes,Yes,No,No internet service,No internet service,No internet service,No internet service,No internet service,No internet service,Month-to-month,Yes,Credit card (automatic),18.0,82.44,No
CUST-02375,Female,0,Yes,No,52,Yes,Yes,DSL,Yes,No,Yes,Yes,No,No,One year,Yes,Credit card (automatic),60.55,3151.21,No
CUST-02376,Female,0,No,No,70,Yes,No,Fiber optic,Yes,No,No,No,Yes,Yes,Month-to-month,Yes,Electronic check,84.76,5944.78,Yes
CUST-02377,Male,0,No,No,36,Yes,No,Fiber optic,Yes,No,Yes,Yes,No,No,Two year,Yes,Bank transfer (automatic),78.51,2810.48,No
CUST-02378,Female,0,Yes,Yes,9,Yes,No,No,No internet service,No internet service,No internet service,No internet service,No internet service,No internet service,Month-to-month,No,Credit card (automatic),22.71,175.89,No
CUST-02379,Female,0,Yes,No,3,Yes,No,Fiber optic,Yes,Yes,Yes,Yes,Yes,Yes,One year,Yes,Electronic check,100.94,303.4,Yes
CUST-02380,Male,0,Yes,Yes,71,Yes,No,DSL,No,Yes,No,No,No,No,Month-to-month,No,Credit card (automatic),49.68,3483.12,No
CUST-02381,Male,0,Yes,No,20,Yes,Yes,No,No internet service,No internet service,No internet service,No internet service,No internet service,No internet service,Month-to-month,Yes,Mailed check,18.0,352.19,No
CUST-02382,Female,0,No,Yes,46,Yes,Yes,Fiber optic,Yes,No,No,No,Yes,No,Month-to-month,Yes,Credit card (automatic),79.25,3657.37,No
CUST-02383,Male,0,Yes,Yes,23,Yes,No,No,No internet service,No internet service,No internet service,No internet service,No internet service,No internet service,One year,No,Bank transfer (automatic),20.82,473.93,No
CUST-02384,Male,1,Yes,No,15,No,No phone service,No,No internet service,No internet service,No internet service,No internet service,No internet service,No internet service,Two year,Yes,Mailed check,18.0,238.64,No
CUST-02385,Female,1,No,No,48,Yes,Yes,DSL,Yes,Yes,Yes,No,No,No,Month-to-month,Yes,Electronic check,59.07,2865.48,No
CUST-02386,Female,0,No,No,53,Yes,No,No,No internet service,No internet service,No internet service,No internet service,No internet service,No internet service,Month-to-month,Yes,Credit card (automatic),18.1,959.41,No
CUST-02387,Female,0,No,No,34,Yes,No,Fiber optic,Yes,Yes,Yes,No,Yes,No,One year,Yes,Credit card (automatic),84.3,2870.37,No
CUST-02388,Female,0,Yes,No,37,Yes,Yes,No,No internet service,No internet service,No internet service,No internet service,No internet service,No internet service,Month-to-month,No,Credit card (automatic),19.57,741.65,Yes
CUST-02389,Female,1,No,No,35,Yes,Yes,DSL,No,No,No,Yes,No,Yes,Two year,Yes,Mailed check,50.13,1750.92,No
CUST-02390,Male,0,No,No,43,Yes,Yes,No,No internet service,No internet service,No internet service,No internet service,No internet service,No internet service,Month-to-month,Yes,Bank transfer (automatic),21.5,918.99,No
CUST-02391,Male,0,No,No,58,Yes,Yes,DSL,Yes,Yes,Yes,Yes,No,Yes,Two year,Yes,Credit card (automatic),78.43,4573.48,No
CUST-02392,Female,0,Yes,Yes,51,Yes,Yes,DSL,Yes,No,No,Yes,No,No,One year,No,Credit card (automatic),58.68,2976.31,No
CUST-02393,Male,0,No,No,20,Yes,No,No,No internet service,No internet service,No internet service,No internet service,No internet service,No internet service,Month-to-month,No,Credit card (automatic),23.39,486.09,No
CUST-02394,Male,0,No,No,18,Yes,Yes,DSL,Yes,Yes,No,Yes,No,Yes,One year,Yes,Bank transfer (automatic),70.82,1252.15,No
CUST-02395,Female,0,No,No,49,Yes,No,DSL,Yes,No,No,No,Yes,No,Month-to-month,No,Mailed check,45.71,2225.22,No
CUST-02396,Female,0,No,Yes,47,Yes,No,No,No internet service,No internet service,No internet service,No internet service,No internet service,No internet service,One year,Yes,Electronic check,19.23,909.64,No
CUST-02397,Male,0,No,Yes,26,Yes,Yes,Fiber optic,Yes,No,No,No,Yes,Yes,Two year,Yes,Mailed check,82.18,2165.25,Yes
CUST-02398,Male,1,No,Yes,61,Yes,Yes,Fiber optic,Yes,No,Yes,No,No,No,One year,No,Bank transfer (automatic),86.8,5297.75,No
CUST-02399,Female,0,No,No,30,Yes,No,No,No internet service,No internet service,No internet service,No internet service,No internet service,No internet service,Month-to-month,Yes,Electronic check,18.89,538.7,No
CUST-02400,Male,0,Yes,No,24,Yes,No,Fiber optic,No,No,Yes,Yes,No,Yes,Month-to-month,No,Bank transfer (automatic),88.57,2139.9,Yes
CUST-02401,Female,0,Yes,No,40,Yes,No,DSL,Yes,No,Yes,No,No,No,Month-to-month,Yes,Credit card (automatic),58.09,2307.71,No
CUST-02402,Female,0,No,Yes,14,No,No phone service,Fiber optic,No,No,No,No,No,Yes,One year,No,Bank transfer (automatic),74.04,1049.22,No
CUST-02403,Female,1,No,No,50,Yes,Yes,Fiber optic,No,Yes,Yes,No,Yes,No,One year,Yes,Credit card (automatic),89.28,4469.75,No
CUST-02404,Male,0,No,No,65,Yes,No,DSL,Yes,No,No,No,No,No,Month-to-month,Yes,Mailed check,49.94,3216.08,No
CUST-02405,Female,0,No,No,68,No,No phone service,Fiber optic,No,Yes,No,No,Yes,No,One year,Yes,Credit card (automatic),85.65,5831.41,No
CUST-02406,Male,1,No,No,32,Yes,No,Fiber optic,Yes,Yes,Yes,Yes,No,Yes,One year,No,Credit card (automatic),95.92,3044.74,No
CUST-02407,Female,0,No,Yes,19,Yes,Yes,DSL,No,Yes,No,No,Yes,Yes,One year,No,Electronic check,54.72,1066.72,No
CUST-02408,Male,0,Yes,No,34,Yes,No,DSL,Yes,No,Yes,No,Yes,No,Month-to-month,No,Mailed check,57.78,1933.07,No
CUST-02409,Male,0,No,No,7,Yes,No,No,No internet service,No internet service,No internet service,No internet service,No internet service,No internet service,Month-to-month,Yes,Bank transfer (automatic),18.61,127.08,No
CUST-02410,Female,0,Yes,Yes,48,No,No phone service,DSL,No,Yes,No,No,Yes,Yes,Month-to-month,Yes,Credit card (automatic),57.14,2723.8,No
CUST-02411,Male,0,No,No,31,Yes,Yes,DSL,Yes,Yes,Yes,Yes,No,Yes,Two year,No,Bank transfer (automatic),76.62,2403.44,No
CUST-02412,Female,0,No,No,8,Yes,No,No,No internet service,No internet service,No internet service,No internet service,No internet service,No internet service,Two year,Yes,Bank transfer (automatic),18.41,116.31,No
CUST-02413,Female,1,Yes,No,39,Yes,No,Fiber optic,Yes,No,Yes,No,Yes,No,Two year,Yes,Mailed check,88.46,3496.55,No
CUST-02414,Male,0,Yes,Yes,52,No,No phone service,No,No internet service,No internet service,No internet service,No internet service,No internet service,No internet service,Month-to-month,Yes,Bank transfer (automatic),19.65,1014.57,No
CUST-02415,Male,0,Yes,Yes,16,Yes,Yes,No,No internet service,No internet service,No internet service,No internet service,No internet service,No internet service,One year,No,Credit card (automatic),23.46,364.07,No
CUST-02416,Female,0,No,No,29,Yes,Yes,Fiber optic,No,No,Yes,Yes,Yes,Yes,Two year,Yes,Electronic check,86.61,2527.14,No
CUST-02417,Male,0,Yes,Yes,65,Yes,Yes,Fiber optic,No,Yes,Yes,Yes,Yes,No,Month-to-month,Yes,Credit card (automatic),88.51,5752.46,Yes
CUST-02418,Male,1,Yes,No,51,No,No phone service,DSL,No,No,Yes,No,No,No,Month-to-month,No,Electronic check,49.51,2508.01,Yes
CUST-02419,Male,0,No,No,58,No,No phone service,DSL,No,Yes,No,No,Yes,Yes,Month-to-month,Yes,Bank transfer (automatic),60.74,3507.64,No
CUST-02420,Male,0,Yes,No,32,Yes,Yes,DSL,Yes,No,Yes,No,No,No,One year,Yes,Mailed check,59.95,1908.46,No
CUST-02421,Female,0,No,No,36,Yes,Yes,Fiber optic,Yes,Yes,Yes,No,Yes,Yes,Month-to-month,Yes,Electronic check,100.93,3619.62,Yes
CUST-02422,Male,0,No,No,36,Yes,Yes,Fiber optic,No,Yes,No,No,Yes,No,Month-to-month,No,Electronic check,87.54,3167.65,Yes
CUST-02423,Female,1,Yes,Yes,32,Yes,No,No,No internet service,No internet service,No internet service,No internet service,No internet service,No internet service,Month-to-month,No,Mailed check,22.89,734.2,No
CUST-02424,Male,0,Yes,Yes,10,Yes,No,DSL,No,Yes,No,No,Yes,No,One year,No,Electronic check,47.58,485.05,No
CUST-02425,Female,0,No,No,2,Yes,Yes,Fiber optic,No,No,No,Yes,Yes,No,Two year,No,Electronic check,78.4,148.43,Yes
CUST-02426,Male,0,No,No,60,Yes,No,DSL,No,No,No,No,Yes,Yes,One year,Yes,Mailed check,53.32,3212.09,No
CUST-02427,Male,0,Yes,No,39,Yes,No,DSL,No,Yes,No,Yes,Yes,No,Two year,No,Mailed check,69.61,2700.91,No
CUST-02428,Female,0,No,No,38,Yes,Yes,No,No internet service,No internet service,No internet service,No internet service,No internet service,No internet service,One year,No,Mailed check,22.52,837.34,No
CUST-02429,Male,0,No,No,43,No,No phone service,Fiber optic,No,No,Yes,No,No,No,Two year,Yes,Credit card (automatic),75.86,3251.79,No
CUST-02430,Male,0,Yes,Yes,30,Yes,Yes,Fiber optic,Yes,Yes,Yes,No,Yes,No,Month-to-month,Yes,Electronic check,93.4,2830.49,Yes
CUST-02431,Female,0,No,Yes,65,Yes,Yes,Fiber optic,Yes,No,No,Yes,No,Yes,Two year,Yes,Mailed check,82.59,5356.83,No
CUST-02432,Male,0,No,No,34,Yes,Yes,Fiber optic,Yes,No,Yes,Yes,No,No,Two year,No,Mailed check,79.55,2694.08,No
CUST-02433,Male,0,Yes,Yes,36,Yes,No,No,No internet service,No internet service,No internet service,No internet service,No internet service,No internet service,One year,Yes,Mailed check,21.95,794.57,No
CUST-02434,Male,0,No,No,38,Yes,No,Fiber optic,No,No,Yes,No,No,Yes,Month-to-month,Yes,Bank transfer (automatic),84.12,3193.95,Yes
CUST-02435,Female,0,Yes,Yes,11,Yes,No,Fiber optic,Yes,Yes,No,No,No,Yes,Month-to-month,No,Electronic check,90.51,973.86,Yes
CUST-02436,Female,0,Yes,No,12,Yes,Yes,DSL,Yes,No,No,Yes,No,Yes,Month-to-month,Yes,Electronic check,59.58,691.33,No
CUST-02437,Female,0,Yes,Yes,13,No,No phone service,Fiber optic,Yes,Yes,No,No,Yes,No,Month-to-month,Yes,Electronic check,87.27,1149.49,No
CUST-02438,Female,0,No,No,18,Yes,Yes,Fiber optic,No,No,No,Yes,No,No,Month-to-month,Yes,Bank transfer (automatic),78.2,1383.83,No
CUST-02439,Male,0,No,Yes,11,Yes,No,DSL,No,Yes,No,Yes,Yes,Yes,Month-to-month,No,Mailed check,72.87,819.26,No
CUST-02440,Male,1,No,No,16,No,No phone service,Fiber optic,No,Yes,No,Yes,No,No,Month-to-month,No,Credit card (automatic),81.68,1297.54,Yes
CUST-02441,Male,0,Yes,No,68,Yes,Yes,Fiber optic,No,No,No,Yes,No,Yes,Two year,No,Electronic check,82.32,5551.3,No
CUST-02442,Male,0,No,No,26,Yes,No,DSL,No,No,No,Yes,Yes,No,One year,Yes,Electronic check,57.96,1519.9,No
CUST-02443,Male,1,No,Yes,57,Yes,Yes,No,No internet service,No internet service,No internet service,No internet service,No internet service,No internet service,Two year,Yes,Bank transfer (automatic),20.93,1209.04,No
CUST-02444,Female,0,Yes,No,28,Yes,No,DSL,No,Yes,Yes,No,Yes,No,Month-to-month,Yes,Credit card (automatic),61.71,1739.52,Yes
CUST-02445,Female,0,Yes,No,60,Yes,Yes,No,No internet service,No internet service,No internet service,No internet service,No internet service,No internet service,Month-to-month,No,Electronic check,19.95,1187.68,No
CUST-02446,Female,0,No,Yes,54,Yes,Yes,Fiber optic,Yes,Yes,No,No,No,No,Month-to-month,Yes,Mailed check,82.6,4453.29,Yes
CUST-02447,Female,0,Yes,No,61,Yes,No,DSL,No,Yes,Yes,No,No,Yes,Two year,Yes,Mailed check,58.84,3580.14,No
CUST-02448,Female,0,No,No,21,Yes,No,DSL,Yes,No,Yes,No,Yes,Yes,Month-to-month,Yes,Electronic check,71.6,1489.18,Yes
CUST-02449,Male,0,No,No,6,Yes,Yes,Fiber optic,No,Yes,Yes,Yes,Yes,Yes,One year,No,Mailed check,97.23,588.99,No
CUST-02450,Female,0,Yes,No,22,Yes,No,Fiber optic,No,Yes,No,No,Yes,No,Month-to-month,Yes,Bank transfer (automatic),86.32,1894.93,Yes
CUST-02451,Female,0,No,No,51,Yes,Yes,Fiber optic,No,No,Yes,Yes,Yes,Yes,Month-to-month,Yes,Mailed check,99.45,5062.66,Yes
CUST-02452,Male,0,No,No,47,Yes,Yes,Fiber optic,No,No,No,Yes,Yes,No,Month-to-month,Yes,Bank transfer (automatic),79.25,3710.51,Yes
CUST-02453,Male,1,No,No,51,Yes,Yes,DSL,Yes,Yes,No,No,No,No,Month-to-month,No,Mailed check,55.5,2833.45,No
CUST-02454,Female,0,No,No,72,Yes,No,No,No internet service,No internet service,No internet service,No internet service,No internet service,No internet service,Month-to-month,Yes,Bank transfer (automatic),18.0,1321.35,No
CUST-02455,Male,0,Yes,No,16,Yes,No,No,No internet service,No internet service,No internet service,No internet service,No internet service,No internet service,Two year,No,Credit card (automatic),18.0,290.38,No
CUST-02456,Female,1,No,Yes,32,Yes,No,Fiber optic,No,No,Yes,Yes,No,No,Month-to-month,Yes,Electronic check,88.22,2795.94,Yes
CUST-02457,Female,0,Yes,No,35,Yes,No,No,No internet service,No internet service,No internet service,No internet service,No internet service,No internet service,Month-to-month,No,Electronic check,25.0,874.51,Yes
CUST-02458,Male,0,Yes,No,10,Yes,Yes,Fiber optic,No,No,No,No,Yes,No,Month-to-month,No,Electronic check,79.05,800.13,Yes
CUST-02459,Male,0,Yes,Yes,48,Yes,Yes,Fiber optic,Yes,Yes,Yes,No,No,Yes,Two year,Yes,Credit card (automatic),96.76,4658.68,No
CUST-02460,Male,0,Yes,Yes,3,Yes,Yes,Fiber optic,Yes,Yes,No,Yes,Yes,Yes,One year,Yes,Bank transfer (automatic),90.15,280.77,No
CUST-02461,Male,0,Yes,Yes,65,Yes,No,DSL,Yes,No,Yes,No,Yes,Yes,One year,No,Credit card (automatic),65.32,4248.48,No
CUST-02462,Male,0,Yes,Yes,6,Yes,No,DSL,No,No,No,No,No,No,Month-to-month,No,Mailed check,44.37,320.44,No
CUST-02463,Female,0,No,No,8,Yes,No,Fiber optic,Yes,Yes,No,Yes,Yes,Yes,Two year,Yes,Credit card (automatic),97.79,758.51,No
CUST-02464,Male,0,Yes,No,12,Yes,No,No,No internet service,No internet service,No internet service,No internet service,No internet service,No internet service,Month-to-month,Yes,Mailed check,22.14,295.48,No
CUST-02465,Male,0,Yes,No,65,Yes,No,Fiber optic,Yes,No,Yes,Yes,Yes,No,Two year,No,Credit card (automatic),94.41,6147.72,No
CUST-02466,Male,0,Yes,No,62,Yes,Yes,DSL,Yes,Yes,Yes,No,Yes,No,Two year,No,Bank transfer (automatic),73.77,4619.62,No
CUST-02467,Female,0,No,No,67,Yes,No,DSL,No,No,Yes,No,Yes,Yes,Month-to-month,Yes,Credit card (automatic),59.06,3928.05,No
CUST-02468,Male,0,Yes,No,60,Yes,Yes,Fiber optic,No,Yes,Yes,Yes,Yes,Yes,Month-to-month,Yes,Credit card (automatic),94.21,5683.34,No
CUST-02469,Male,0,No,No,67,Yes,Yes,Fiber optic,Yes,Yes,No,No,No,No,Month-to-month,No,Electronic check,80.4,5419.56,Yes
CUST-02470,Female,0,No,No,34,Yes,Yes,DSL,No,No,No,No,Yes,Yes,Month-to-month,Yes,Credit card (automatic),55.51,1884.2,No
CUST-02471,Male,0,Yes,No,0,Yes,Yes,DSL,No,No,No,Yes,Yes,Yes,Month-to-month,Yes,Electronic check,61.8,0.0,Yes
CUST-02472,Male,0,No,No,31,No,No phone service,Fiber optic,No,Yes,Yes,No,Yes,Yes,Month-to-month,No,Bank transfer (automatic),89.41,2814.17,No
CUST-02473,Male,1,Yes,No,16,Yes,Yes,DSL,Yes,Yes,Yes,No,Yes,No,Month-to-month,No,Bank transfer (automatic),66.39,1045.76,No
CUST-02474,Male,0,No,Yes,17,Yes,Yes,Fiber optic,Yes,No,No,No,Yes,No,One year,Yes,Electronic check,80.49,1389.26,No
CUST-02475,Male,0,Yes,No,50,Yes,No,Fiber optic,No,Yes,No,Yes,No,No,Month-to-month,No,Bank transfer (automatic),73.57,3708.4,No
CUST-02476,Female,0,No,No,12,Yes,Yes,DSL,Yes,No,Yes,No,No,Yes,One year,Yes,Electronic check,58.72,701.43,No
CUST-02477,Male,0,No,No,23,Yes,Yes,Fiber optic,Yes,Yes,No,Yes,Yes,No,Month-to-month,Yes,Bank transfer (automatic),96.04,2205.57,Yes
CUST-02478,Male,0,Yes,No,28,Yes,Yes,DSL,No,No,Yes,Yes,No,No,Month-to-month,Yes,Mailed check,52.31,1499.99,No
CUST-02479,Male,1,Yes,No,4,Yes,Yes,Fiber optic,No,Yes,Yes,No,Yes,No,Month-to-month,No,Electronic check,84.19,330.61,Yes
CUST-02480,Female,1,Yes,Yes,51,Yes,Yes,No,No internet service,No internet service,No internet service,No internet service,No internet service,No internet service,Two year,Yes,Credit card (automatic),22.98,1160.83,No
CUST-02481,Female,0,Yes,No,55,Yes,No,Fiber optic,Yes,Yes,No,Yes,No,No,Month-to-month,Yes,Mailed check,89.12,4847.62,Yes
CUST-02482,Male,0,No,No,40,Yes,No,DSL,No,No,No,Yes,No,No,One year,Yes,Bank transfer (automatic),50.64,2048.03,No
CUST-02483,Male,0,No,No,2,Yes,No,DSL,Yes,No,Yes,Yes,Yes,No,Two year,Yes,Bank transfer (automatic),63.87,120.27,No
CUST-02484,Male,0,No,No,57,Yes,Yes,DSL,Yes,Yes,Yes,Yes,Yes,Yes,One year,Yes,Credit card (automatic),85.88,4910.82,No
CUST-02485,Male,0,No,No,32,Yes,Yes,No,No internet service,No internet service,No internet service,No internet service,No internet service,No internet service,Month-to-month,Yes,Bank transfer (automatic),20.84,663.94,No
CUST-02486,Male,0,No,No,19,Yes,No,Fiber optic,Yes,No,No,No,Yes,No,Month-to-month,No,Bank transfer (automatic),82.26,1589.65,Yes
CUST-02487,Male,0,No,No,69,No,No phone service,Fiber optic,Yes,No,Yes,No,Yes,No,One year,Yes,Mailed check,82.48,5718.62,No
CUST-02488,Female,1,Yes,No,62,Yes,Yes,DSL,No,No,No,Yes,No,No,One year,No,Mailed check,54.85,3380.79,No
CUST-02489,Male,0,Yes,No,32,Yes,Yes,No,No internet service,No internet service,No internet service,No internet service,No internet service,No internet service,One year,No,Electronic check,20.73,654.08,No
CUST-02490,Male,0,Yes,No,32,Yes,Yes,No,No internet service,No internet service,No internet service,No internet service,No internet service,No internet service,One year,Yes,Credit card (automatic),24.65,800.42,No
CUST-02491,Male,1,Yes,Yes,66,Yes,No,DSL,No,No,Yes,No,Yes,No,Month-to-month,Yes,Credit card (automatic),55.22,3672.66,Yes
CUST-02492,Female,0,Yes,Yes,13,Yes,Yes,Fiber optic,Yes,No,Yes,Yes,No,Yes,One year,Yes,Electronic check,98.01,1276.39,No
CUST-02493,Female,0,Yes,No,29,Yes,No,Fiber optic,Yes,No,Yes,No,Yes,No,One year,Yes,Credit card (automatic),81.61,2370.98,No
CUST-02494,Male,0,Yes,No,41,Yes,Yes,Fiber optic,No,Yes,No,Yes,Yes,No,Two year,Yes,Bank transfer (automatic),85.44,3510.01,No
CUST-02495,Male,0,Yes,No,25,Yes,Yes,Fiber optic,Yes,No,No,No,Yes,No,One year,Yes,Electronic check,78.75,1951.23,No
CUST-02496,Female,0,Yes,No,23,Yes,Yes,DSL,Yes,No,Yes,Yes,No,No,Month-to-month,No,Electronic check,69.89,1598.4,No
CUST-02497,Female,0,Yes,Yes,7,Yes,No,Fiber optic,No,No,No,No,No,No,One year,No,Bank transfer (automatic),69.44,482.38,No
CUST-02498,Male,0,Yes,No,19,Yes,Yes,Fiber optic,No,No,No,Yes,No,Yes,One year,No,Credit card (automatic),85.88,1651.74,No
CUST-02499,Female,0,No,No,26,Yes,No,Fiber optic,No,No,Yes,No,No,No,Month-to-month,No,Electronic check,75.57,2000.72,Yes
CUST-02500,Female,0,No,No,61,Yes,No,Fiber optic,No,No,No,No,No,Yes,Month-to-month,Yes,Credit card (automatic),72.52,4405.52,No
CUST-02501,Male,0,No,Yes,24,No,No phone service,DSL,Yes,No,Yes,No,Yes,Yes,Month-to-month,Yes,Mailed check,74.28,1797.15,No
CUST-02502,Female,0,Yes,No,11,Yes,Yes,Fiber optic,Yes,No,Yes,Yes,Yes,Yes,Month-to-month,No,Credit card (automatic),90.62,1001.19,No
CUST-02503,Male,0,Yes,No,61,Yes,Yes,No,No internet service,No internet service,No internet service,No internet service,No internet service,No internet service,One year,No,Mailed check,20.91,1265.48,No
CUST-02504,Male,0,Yes,No,25,Yes,No,Fiber optic,No,Yes,Yes,Yes,Yes,Yes,Month-to-month,No,Mailed check,97.02,2406.31,Yes
CUST-02505,Male,0,Yes,Yes,67,Yes,Yes,No,No internet service,No internet service,No internet service,No internet service,No internet service,No internet service,One year,Yes,Mailed check,20.56,1382.09,No
CUST-02506,Male,0,Yes,No,7,No,No phone service,Fiber optic,Yes,No,Yes,Yes,Yes,No,Month-to-month,No,Bank transfer (automatic),97.05,667.65,No
CUST-02507,Female,0,No,No,1,Yes,Yes,Fiber optic,No,Yes,No,Yes,Yes,Yes,Two year,No,Mailed check,94.76,102.22,No
CUST-02508,Male,0,Yes,No,67,Yes,Yes,Fiber optic,No,No,No,Yes,No,Yes,One year,Yes,Mailed check,79.86,5330.58,No
CUST-02509,Male,0,Yes,No,7,Yes,No,DSL,No,No,Yes,No,Yes,Yes,One year,Yes,Mailed check,57.69,381.75,No
CUST-02510,Male,0,No,Yes,0,Yes,Yes,No,No internet service,No internet service,No internet service,No internet service,No internet service,No internet service,Month-to-month,No,Mailed check,21.61,21.5,No
CUST-02511,Female,0,No,No,46,No,No phone service,Fiber optic,Yes,No,No,No,No,Yes,Two year,No,Bank transfer (automatic),80.2,3693.11,Yes
CUST-02512,Female,0,Yes,No,23,Yes,No,No,No internet service,No internet service,No internet service,No internet service,No internet service,No internet service,Month-to-month,Yes,Mailed check,18.8,435.84,No
CUST-02513,Female,0,Yes,No,35,No,No phone service,Fiber optic,Yes,No,Yes,Yes,No,No,Two year,Yes,Mailed check,85.12,2969.08,No
CUST-02514,Male,0,No,No,29,Yes,Yes,Fiber optic,No,No,No,No,Yes,No,Month-to-month,No,Credit card (automatic),73.99,2160.88,Yes
CUST-02515,Female,0,Yes,No,21,Yes,No,DSL,No,No,No,No,Yes,No,Month-to-month,Yes,Bank transfer (automatic),51.57,1079.32,Yes
CUST-02516,Female,0,No,No,35,No,No phone service,Fiber optic,Yes,No,Yes,Yes,No,Yes,One year,Yes,Credit card (automatic),84.05,2957.31,No
CUST-02517,Female,0,No,No,18,No,No phone service,Fiber optic,No,No,No,No,Yes,No,Month-to-month,Yes,Mailed check,77.1,1378.73,Yes
CUST-02518,Male,0,Yes,Yes,16,Yes,No,No,No internet service,No internet service,No internet service,No internet service,No internet service,No internet service,Month-to-month,Yes,Credit card (automatic),18.0,266.75,No
CUST-02519,Female,0,No,No,16,No,No phone service,No,No internet service,No internet service,No internet service,No internet service,No internet service,No internet service,Month-to-month,Yes,Credit card (automatic),22.03,337.95,No
CUST-02520,Male,1,Yes,No,8,Yes,No,Fiber optic,Yes,Yes,Yes,Yes,Yes,Yes,Month-to-month,Yes,Electronic check,102.43,827.91,Yes
CUST-02521,Male,0,Yes,No,38,Yes,No,Fiber optic,No,Yes,Yes,Yes,Yes,No,Two year,Yes,Bank transfer (automatic),90.89,3434.06,No
CUST-02522,Male,1,Yes,No,40,Yes,Yes,DSL,Yes,Yes,Yes,Yes,Yes,No,One year,No,Credit card (automatic),80.36,3250.63,No
CUST-02523,Male,0,No,No,1,Yes,Yes,Fiber optic,Yes,Yes,Yes,Yes,No,Yes,Month-to-month,No,Credit card (automatic),90.15,62.93,Yes
CUST-02524,Male,0,Yes,No,33,Yes,Yes,No,No internet service,No internet service,No internet service,No internet service,No internet service,No internet service,One year,No,Mailed check,19.75,648.76,No
CUST-02525,Male,0,Yes,No,53,Yes,No,Fiber optic,Yes,Yes,No,Yes,Yes,No,One year,Yes,Mailed check,92.82,4943.28,No
CUST-02526,Male,0,No,Yes,0,Yes,No,Fiber optic,Yes,No,Yes,Yes,No,Yes,One year,No,Mailed check,84.83,5.71,Yes
CUST-02527,Female,0,Yes,No,21,Yes,Yes,No,No internet service,No internet service,No internet service,No internet service,No internet service,No internet service,One year,No,Mailed check,18.0,370.94,No
CUST-02528,Male,0,No,No,70,Yes,Yes,DSL,No,Yes,No,Yes,Yes,Yes,Month-to-month,Yes,Credit card (automatic),68.01,4783.71,No
CUST-02529,Female,0,No,No,31,Yes,Yes,No,No internet service,No internet service,No internet service,No internet service,No internet service,No internet service,Month-to-month,No,Electronic check,22.82,688.85,No
CUST-02530,Female,0,No,No,1,Yes,Yes,Fiber optic,Yes,Yes,Yes,Yes,No,Yes,One year,Yes,Mailed check,98.57,92.8,No
CUST-02531,Female,1,No,No,38,Yes,Yes,DSL,Yes,No,No,No,Yes,Yes,One year,Yes,Credit card (automatic),60.04,2249.17,No
CUST-02532,Female,0,No,Yes,29,Yes,No,Fiber optic,No,No,No,No,Yes,Yes,One year,Yes,Bank transfer (automatic),80.18,2342.9,No
CUST-02533,Male,0,Yes,Yes,15,Yes,No,DSL,Yes,No,No,Yes,Yes,No,Month-to-month,Yes,Bank transfer (automatic),57.21,869.35,No
CUST-02534,Female,0,No,No,5,Yes,Yes,Fiber optic,No,No,Yes,Yes,Yes,Yes,Two year,No,Mailed check,93.79,480.2,No
CUST-02535,Female,0,No,Yes,64,Yes,Yes,DSL,No,No,Yes,Yes,No,No,Month-to-month,Yes,Credit card (automatic),56.99,3649.96,No
CUST-02536,Male,1,No,No,59,Yes,Yes,DSL,No,No,Yes,Yes,No,No,One year,No,Mailed check,57.08,3369.35,No
CUST-02537,Male,0,No,Yes,49,Yes,Yes,Fiber optic,No,Yes,No,No,No,No,Month-to-month,No,Bank transfer (automatic),75.73,3712.93,Yes
CUST-02538,Female,1,No,No,1,Yes,No,Fiber optic,Yes,Yes,No,Yes,No,Yes,One year,Yes,Electronic check,84.45,90.55,Yes
CUST-02539,Male,0,No,No,63,No,No phone service,DSL,Yes,No,Yes,Yes,Yes,No,Two year,No,Electronic check,72.43,4565.69,No
CUST-02540,Male,0,Yes,No,34,Yes,Yes,No,No internet service,No internet service,No internet service,No internet service,No internet service,No internet service,Month-to-month,Yes,Mailed check,20.53,679.39,No
CUST-02541,Female,0,No,No,34,Yes,No,DSL,Yes,No,No,No,No,Yes,One year,Yes,Mailed check,59.82,1988.72,No
CUST-02542,Female,0,No,Yes,64,Yes,No,Fiber optic,Yes,No,No,Yes,Yes,No,One year,Yes,Mailed check,88.44,5701.92,No
CUST-02543,Male,0,No,No,31,Yes,No,Fiber optic,No,No,No,Yes,Yes,Yes,Month-to-month,No,Mailed check,91.49,2823.22,No
CUST-02544,Female,0,Yes,No,17,Yes,Yes,DSL,Yes,No,Yes,No,No,Yes,Month-to-month,No,Electronic check,59.08,1000.85,Yes
CUST-02545,Male,1,Yes,No,17,Yes,No,No,No internet service,No internet service,No internet service,No internet service,No internet service,No internet service,One year,No,Mailed check,18.0,328.27,No
CUST-02546,Female,0,No,Yes,67,Yes,Yes,Fiber optic,Yes,Yes,No,No,Yes,No,Month-to-month,Yes,Electronic check,93.41,6265.21,Yes
CUST-02547,Female,0,Yes,No,39,No,No phone service,DSL,No,No,No,Yes,Yes,No,Month-to-month,No,Bank transfer (automatic),57.07,2197.12,No
CUST-02548,Male,0,No,No,42,Yes,Yes,Fiber optic,Yes,Yes,Yes,Yes,Yes,Yes,Two year,No,Credit card (automatic),92.93,3879.76,No
CUST-02549,Male,1,No,No,43,No,No phone service,Fiber optic,Yes,Yes,No,No,Yes,Yes,One year,No,Bank transfer (automatic),91.24,3940.93,No
CUST-02550,Female,0,Yes,No,16,Yes,Yes,DSL,No,No,No,No,Yes,Yes,One year,No,Mailed check,59.63,966.02,No
CUST-02551,Male,0,Yes,No,30,Yes,No,DSL,No,Yes,Yes,No,Yes,No,One year,Yes,Bank transfer (automatic),61.51,1834.97,No
CUST-02552,Male,0,No,No,69,Yes,Yes,Fiber optic,No,Yes,Yes,No,No,No,Month-to-month,No,Credit card (automatic),80.99,5587.48,Yes
CUST-02553,Male,0,Yes,No,10,Yes,No,Fiber optic,Yes,No,Yes,No,No,No,One year,No,Electronic check,79.91,799.87,No
CUST-02554,Female,0,No,No,69,Yes,Yes,DSL,Yes,Yes,No,Yes,No,No,Month-to-month,Yes,Electronic check,62.86,4342.29,No
CUST-02555,Male,0,Yes,No,19,Yes,Yes,Fiber optic,No,No,No,Yes,Yes,Yes,Month-to-month,No,Mailed check,82.63,1578.39,Yes
CUST-02556,Female,0,Yes,No,21,Yes,Yes,DSL,No,Yes,No,No,Yes,Yes,One year,Yes,Mailed check,58.87,1228.49,No
CUST-02557,Female,0,Yes,No,1,Yes,No,DSL,No,Yes,No,No,No,No,Two year,No,Electronic check,55.98,70.0,No
CUST-02558,Male,0,No,No,48,Yes,Yes,Fiber optic,Yes,No,No,Yes,No,Yes,Month-to-month,Yes,Mailed check,84.49,4067.4,No
CUST-02559,Female,0,No,Yes,23,Yes,Yes,DSL,No,Yes,No,Yes,Yes,No,Two year,No,Bank transfer (automatic),56.06,1306.82,No
CUST-02560,Female,0,No,Yes,33,Yes,No,DSL,Yes,No,Yes,Yes,Yes,No,One year,Yes,Credit card (automatic),71.49,2374.58,No
CUST-02561,Male,0,No,No,42,Yes,Yes,DSL,No,No,Yes,Yes,No,No,Month-to-month,No,Mailed check,50.09,2118.69,No
CUST-02562,Female,0,No,No,46,Yes,No,Fiber optic,Yes,Yes,No,Yes,No,No,Month-to-month,Yes,Electronic check,91.74,4210.95,Yes
CUST-02563,Male,0,Yes,Yes,69,Yes,No,Fiber optic,No,No,Yes,Yes,No,No,Month-to-month,Yes,Electronic check,81.62,5629.3,Yes
CUST-02564,Male,1,No,No,40,No,No phone service,Fiber optic,Yes,No,No,No,No,No,One year,Yes,Bank transfer (automatic),72.26,2873.37,No
CUST-02565,Male,0,No,No,12,Yes,Yes,Fiber optic,No,Yes,No,No,Yes,No,Month-to-month,Yes,Credit card (automatic),82.95,999.42,No
CUST-02566,Female,0,Yes,No,51,Yes,Yes,Fiber optic,Yes,No,Yes,No,No,Yes,Month-to-month,No,Credit card (automatic),86.31,4385.78,No
CUST-02567,Female,0,No,No,4,Yes,Yes,DSL,Yes,No,No,No,No,Yes,Month-to-month,Yes,Mailed check,60.62,251.88,Yes
CUST-02568,Male,0,Yes,Yes,61,Yes,Yes,DSL,No,No,No,No,No,Yes,Two year,Yes,Mailed check,57.64,3540.03,No
CUST-02569,Female,0,Yes,No,21,Yes,Yes,DSL,No,No,No,No,Yes,No,Month-to-month,No,Bank transfer (automatic),47.11,989.3,No
CUST-02570,Female,0,No,Yes,52,Yes,No,No,No internet service,No internet service,No internet service,No internet service,No internet service,No internet service,Month-to-month,Yes,Electronic check,21.61,1112.89,Yes
CUST-02571,Female,0,No,No,11,Yes,Yes,DSL,Yes,Yes,Yes,Yes,No,No,Month-to-month,Yes,Bank transfer (automatic),63.69,710.47,No
CUST-02572,Female,0,Yes,Yes,29,Yes,No,DSL,Yes,No,No,Yes,No,No,Month-to-month,Yes,Credit card (automatic),52.28,1536.77,No
CUST-02573,Male,0,No,No,50,No,No phone service,Fiber optic,Yes,No,Yes,Yes,Yes,Yes,Month-to-month,No,Bank transfer (automatic),95.95,4782.54,Yes
CUST-02574,Female,1,Yes,No,45,Yes,Yes,Fiber optic,Yes,No,No,No,No,No,One year,Yes,Bank transfer (automatic),78.21,3521.76,No
CUST-02575,Male,0,No,No,0,Yes,No,No,No internet service,No internet service,No internet service,No internet service,No internet service,No internet service,One year,Yes,Bank transfer (automatic),20.03,6.27,Yes
CUST-02576,Male,0,No,No,2,Yes,No,Fiber optic,Yes,No,No,No,Yes,No,Month-to-month,Yes,Electronic check,79.4,153.24,No
CUST-02577,Male,0,Yes,No,71,Yes,No,DSL,No,No,Yes,Yes,No,Yes,Two year,No,Bank transfer (automatic),60.0,4270.26,No
CUST-02578,Female,0,No,No,38,Yes,Yes,Fiber optic,Yes,Yes,Yes,Yes,No,Yes,Month-to-month,Yes,Electronic check,95.24,3586.37,No
CUST-02579,Female,0,No,Yes,62,Yes,No,Fiber optic,Yes,Yes,Yes,Yes,Yes,No,Two year,No,Credit card (automatic),104.42,6480.92,No
CUST-02580,Male,0,No,No,5,Yes,Yes,No,No internet service,No internet service,No internet service,No internet service,No internet service,No internet service,Month-to-month,Yes,Bank transfer (automatic),23.08,151.27,No
CUST-02581,Male,0,Yes,No,35,Yes,Yes,Fiber optic,No,No,Yes,No,Yes,Yes,Two year,No,Electronic check,85.76,3012.81,No
CUST-02582,Male,0,Yes,No,42,No,No phone service,Fiber optic,Yes,Yes,Yes,Yes,No,Yes,Two year,Yes,Mailed check,103.03,4328.03,No
CUST-02583,Female,0,No,No,67,Yes,Yes,DSL,No,No,Yes,Yes,Yes,Yes,Two year,No,Electronic check,58.93,3923.99,No
CUST-02584,Male,1,No,No,51,Yes,No,No,No internet service,No internet service,No internet service,No internet service,No internet service,No internet service,Month-to-month,Yes,Mailed check,18.0,911.14,Yes
CUST-02585,Female,0,No,No,45,Yes,No,Fiber optic,No,Yes,Yes,No,No,No,Month-to-month,Yes,Bank transfer (automatic),84.99,3830.73,Yes
CUST-02586,Male,0,No,Yes,21,Yes,Yes,DSL,No,No,Yes,Yes,No,No,Two year,Yes,Credit card (automatic),53.39,1123.06,No
CUST-02587,Male,0,No,No,72,Yes,Yes,Fiber optic,Yes,No,No,Yes,No,No,Month-to-month,Yes,Mailed check,79.0,5663.32,No
CUST-02588,Female,1,Yes,Yes,23,Yes,Yes,Fiber optic,No,Yes,Yes,Yes,No,No,Month-to-month,Yes,Mailed check,95.47,2200.8,No
CUST-02589,Male,0,No,No,20,Yes,Yes,DSL,No,Yes,No,No,No,No,Month-to-month,Yes,Electronic check,52.29,1028.65,No
CUST-02590,Male,0,No,No,52,Yes,Yes,Fiber optic,Yes,No,No,No,Yes,Yes,Month-to-month,Yes,Bank transfer (automatic),89.89,4662.79,Yes
CUST-02591,Male,0,Yes,No,72,Yes,No,Fiber optic,No,Yes,No,No,No,No,Month-to-month,Yes,Mailed check,70.19,5071.62,Yes
CUST-02592,Female,0,Yes,Yes,62,Yes,No,DSL,Yes,Yes,No,No,Yes,Yes,Month-to-month,Yes,Bank transfer (automatic),64.18,3974.39,No
CUST-02593,Male,0,No,No,13,Yes,Yes,No,No internet service,No internet service,No internet service,No internet service,No internet service,No internet service,One year,Yes,Bank transfer (automatic),22.51,279.71,No
CUST-02594,Male,1,No,No,59,No,No phone service,No,No internet service,No internet service,No internet service,No internet service,No internet service,No internet service,Month-to-month,Yes,Electronic check,18.0,1042.31,No
CUST-02595,Male,0,No,No,25,Yes,Yes,DSL,No,No,Yes,No,No,No,Month-to-month,No,Credit card (automatic),50.84,1256.69,No
CUST-02596,Female,0,Yes,No,16,Yes,Yes,Fiber optic,No,Yes,Yes,No,No,No,Month-to-month,Yes,Mailed check,76.68,1216.09,No
CUST-02597,Female,0,No,No,68,Yes,Yes,No,No internet service,No internet service,No internet service,No internet service,No internet service,No internet service,Two year,No,Electronic check,18.13,1250.0,No
CUST-02598,Female,0,Yes,No,69,Yes,No,Fiber optic,Yes,No,No,No,Yes,Yes,One year,Yes,Bank transfer (automatic),82.57,5696.69,No
CUST-02599,Male,1,Yes,Yes,27,No,No phone service,No,No internet service,No internet service,No internet service,No internet service,No internet service,No internet service,One year,Yes,Mailed check,20.29,571.91,No
CUST-02600,Female,0,No,No,1,Yes,Yes,DSL,Yes,Yes,No,Yes,Yes,Yes,One year,No,Bank transfer (automatic),69.76,46.39,No
CUST-02601,Male,0,No,No,15,Yes,Yes,Fiber optic,No,Yes,Yes,Yes,No,Yes,One year,No,Electronic check,91.29,1395.17,No
CUST-02602,Female,0,No,No,39,Yes,No,Fiber optic,No,Yes,No,No,No,Yes,Month-to-month,No,Credit card (automatic),82.36,3209.05,Yes
CUST-02603,Female,0,No,Yes,4,Yes,No,Fiber optic,Yes,No,Yes,No,Yes,No,One year,Yes,Credit card (automatic),84.38,333.0,Yes
CUST-02604,Female,0,No,No,16,No,No phone service,Fiber optic,No,No,Yes,Yes,No,Yes,Month-to-month,No,Mailed check,83.53,1331.73,No
CUST-02605,Female,0,Yes,No,10,Yes,No,DSL,No,No,No,Yes,No,No,One year,No,Electronic check,52.27,567.89,No
CUST-02606,Female,0,Yes,No,69,Yes,Yes,DSL,Yes,No,No,No,No,Yes,Month-to-month,Yes,Bank transfer (automatic),54.39,3743.38,No
CUST-02607,Male,0,No,Yes,25,No,No phone service,DSL,No,No,No,No,No,No,Two year,Yes,Electronic check,44.79,1161.17,No
CUST-02608,Female,0,No,No,27,Yes,Yes,DSL,Yes,No,No,Yes,Yes,Yes,Month-to-month,No,Mailed check,67.43,1837.88,Yes
CUST-02609,Female,0,Yes,No,30,Yes,Yes,DSL,Yes,Yes,Yes,Yes,Yes,No,Month-to-month,Yes,Mailed check,63.36,1878.7,No
CUST-02610,Female,0,Yes,Yes,0,Yes,Yes,Fiber optic,No,No,Yes,No,Yes,No,One year,Yes,Electronic check,77.02,0.0,No
CUST-02611,Female,0,Yes,No,39,Yes,Yes,DSL,No,Yes,No,No,No,No,Month-to-month,Yes,Electronic check,57.93,2263.11,Yes
CUST-02612,Male,0,Yes,No,66,Yes,No,DSL,Yes,No,Yes,Yes,No,Yes,Month-to-month,Yes,Credit card (automatic),66.8,4410.88,No
CUST-02613,Female,1,No,No,59,Yes,No,DSL,Yes,No,Yes,Yes,No,Yes,Two year,Yes,Bank transfer (automatic),68.52,4034.71,No
CUST-02614,Male,0,Yes,Yes,18,Yes,Yes,No,No internet service,No internet service,No internet service,No internet service,No internet service,No internet service,One year,Yes,Mailed check,21.02,367.66,No
CUST-02615,Female,1,Yes,No,0,Yes,No,DSL,No,Yes,No,No,No,No,One year,Yes,Electronic check,46.81,30.98,Yes
CUST-02616,Female,0,No,Yes,56,Yes,No,Fiber optic,Yes,No,No,Yes,No,No,Month-to-month,Yes,Electronic check,81.43,4563.16,Yes
CUST-02617,Male,0,No,No,61,Yes,Yes,DSL,Yes,No,Yes,No,No,Yes,Month-to-month,Yes,Bank transfer (automatic),59.75,3654.16,No
CUST-02618,Female,0,Yes,No,67,Yes,Yes,DSL,No,Yes,Yes,Yes,Yes,No,Month-to-month,No,Bank transfer (automatic),68.18,4570.41,No
CUST-02619,Female,0,Yes,No,42,Yes,Yes,Fiber optic,No,Yes,No,Yes,Yes,Yes,One year,No,Electronic check,94.05,3950.97,No
CUST-02620,Female,0,Yes,Yes,34,Yes,No,Fiber optic,Yes,Yes,No,Yes,Yes,No,One year,Yes,Bank transfer (automatic),90.94,3135.05,No
CUST-02621,Male,0,Yes,No,55,Yes,No,Fiber optic,Yes,No,Yes,No,No,No,Month-to-month,Yes,Bank transfer (automatic),81.29,4482.41,Yes
CUST-02622,Male,0,Yes,Yes,50,Yes,Yes,Fiber optic,No,Yes,No,Yes,No,No,Month-to-month,No,Electronic check,82.25,4165.11,Yes
CUST-02623,Female,0,Yes,No,55,Yes,No,DSL,No,Yes,No,No,Yes,Yes,Month-to-month,No,Electronic check,61.64,3405.77,Yes
CUST-02624,Female,0,Yes,No,20,No,No phone service,DSL,No,No,No,No,No,Yes,Month-to-month,No,Electronic check,52.36,1034.15,No
CUST-02625,Female,0,Yes,No,65,Yes,No,No,No internet service,No internet service,No internet service,No internet service,No internet service,No internet service,Month-to-month,No,Electronic check,21.71,1436.03,No
CUST-02626,Female,0,Yes,No,2,Yes,No,DSL,Yes,No,Yes,No,No,Yes,Month-to-month,Yes,Electronic check,62.63,123.72,Yes
CUST-02627,Male,0,No,Yes,6,Yes,No,No,No internet service,No internet service,No internet service,No internet service,No internet service,No internet service,Month-to-month,Yes,Credit card (automatic),20.45,153.19,Yes
CUST-02628,Female,1,Yes,Yes,47,Yes,Yes,Fiber optic,Yes,Yes,No,No,No,Yes,Month-to-month,Yes,Credit card (automatic),88.14,4129.06,Yes
CUST-02629,Male,1,Yes,No,41,Yes,Yes,DSL,No,No,Yes,Yes,No,No,Month-to-month,Yes,Credit card (automatic),51.99,2099.89,No
CUST-02630,Female,0,No,No,40,Yes,No,DSL,Yes,Yes,No,Yes,No,No,Month-to-month,No,Credit card (automatic),59.78,2393.24,Yes
CUST-02631,Female,0,Yes,Yes,66,Yes,No,Fiber optic,No,No,No,No,No,No,Two year,Yes,Mailed check,75.94,5041.4,No
CUST-02632,Female,0,No,No,63,Yes,Yes,Fiber optic,No,Yes,No,No,No,Yes,Month-to-month,No,Mailed check,75.06,4716.17,Yes
CUST-02633,Female,0,No,No,52,Yes,No,No,No internet service,No internet service,No internet service,No internet service,No internet service,No internet service,Month-to-month,No,Bank transfer (automatic),20.1,1056.8,No
CUST-02634,Male,1,No,No,12,Yes,Yes,DSL,No,No,No,Yes,No,No,Month-to-month,No,Credit card (automatic),48.02,562.76,Yes
CUST-02635,Male,0,Yes,No,7,Yes,Yes,No,No internet service,No internet service,No internet service,No internet service,No internet service,No internet service,Month-to-month,Yes,Bank transfer (automatic),21.65,170.43,Yes
CUST-02636,Male,0,No,Yes,10,Yes,Yes,DSL,No,Yes,No,No,No,No,Month-to-month,Yes,Bank transfer (automatic),50.81,500.8,No
CUST-02637,Female,0,No,Yes,44,Yes,Yes,DSL,No,No,No,No,No,Yes,Month-to-month,Yes,Credit card (automatic),51.49,2270.93,Yes
CUST-02638,Male,0,Yes,No,52,Yes,No,Fiber optic,Yes,Yes,Yes,Yes,Yes,No,Month-to-month,No,Credit card (automatic),97.7,5073.74,No
CUST-02639,Female,1,Yes,No,58,Yes,Yes,No,No internet service,No internet service,No internet service,No internet service,No internet service,No internet service,Two year,Yes,Bank transfer (automatic),18.58,1062.63,No
CUST-02640,Male,0,Yes,No,7,Yes,No,Fiber optic,No,No,No,No,No,No,Two year,No,Credit card (automatic),67.72,435.59,No
CUST-02641,Male,0,No,No,20,Yes,Yes,No,No internet service,No internet service,No internet service,No internet service,No internet service,No internet service,Month-to-month,Yes,Bank transfer (automatic),18.0,334.0,No
CUST-02642,Male,0,Yes,Yes,24,Yes,No,Fiber optic,Yes,No,No,Yes,No,Yes,Month-to-month,No,Bank transfer (automatic),88.85,2126.83,No
CUST-02643,Male,1,Yes,No,46,Yes,No,No,No internet service,No internet service,No internet service,No internet service,No internet service,No internet service,Two year,Yes,Credit card (automatic),22.01,1021.44,No
CUST-02644,Male,0,No,No,3,Yes,No,No,No internet service,No internet service,No internet service,No internet service,No internet service,No internet service,Month-to-month,No,Bank transfer (automatic),23.87,108.69,No
CUST-02645,Male,0,No,Yes,61,No,No phone service,Fiber optic,No,Yes,No,No,No,Yes,Two year,No,Bank transfer (automatic),80.99,4929.99,No
CUST-02646,Female,1,Yes,No,5,Yes,No,Fiber optic,No,No,Yes,Yes,No,Yes,One year,Yes,Credit card (automatic),85.76,416.06,Yes
CUST-02647,Female,0,Yes,No,38,No,No phone service,Fiber optic,Yes,No,Yes,No,No,No,Month-to-month,No,Bank transfer (automatic),76.29,2872.52,No
CUST-02648,Female,1,Yes,No,68,Yes,No,No,No internet service,No internet service,No internet service,No internet service,No internet service,No internet service,Month-to-month,No,Mailed check,18.29,1260.83,No
CUST-02649,Male,0,No,No,14,Yes,Yes,Fiber optic,Yes,Yes,Yes,No,Yes,Yes,Month-to-month,Yes,Mailed check,104.08,1468.55,Yes
CUST-02650,Female,0,Yes,Yes,50,Yes,No,DSL,No,No,No,Yes,Yes,Yes,Two year,No,Mailed check,58.9,2953.95,No
CUST-02651,Female,0,No,No,40,Yes,Yes,No,No internet service,No internet service,No internet service,No internet service,No internet service,No internet service,Month-to-month,No,Credit card (automatic),22.84,920.49,No
CUST-02652,Female,0,Yes,No,59,Yes,No,Fiber optic,No,No,No,Yes,No,Yes,One year,Yes,Credit card (automatic),82.59,4865.35,No
CUST-02653,Male,0,Yes,Yes,42,Yes,No,Fiber optic,No,Yes,No,Yes,Yes,No,Month-to-month,Yes,Mailed check,86.26,3650.09,Yes
CUST-02654,Female,0,Yes,No,61,Yes,No,Fiber optic,Yes,No,No,Yes,Yes,No,Two year,No,Mailed check,90.42,5500.09,No
CUST-02655,Female,0,Yes,No,29,Yes,Yes,Fiber optic,Yes,Yes,No,Yes,Yes,No,One year,Yes,Bank transfer (automatic),87.14,2517.58,No
CUST-02656,Male,0,No,No,11,Yes,No,Fiber optic,Yes,Yes,Yes,Yes,No,Yes,Month-to-month,Yes,Mailed check,95.66,1031.93,Yes
CUST-02657,Male,0,No,No,49,Yes,No,DSL,No,No,Yes,No,Yes,No,Month-to-month,Yes,Bank transfer (automatic),49.09,2402.83,Yes
CUST-02658,Female,0,Yes,No,70,Yes,Yes,No,No internet service,No internet service,No internet service,No internet service,No internet service,No internet service,Month-to-month,Yes,Electronic check,18.0,1244.49,No
CUST-02659,Male,0,No,Yes,31,Yes,Yes,Fiber optic,No,Yes,Yes,Yes,No,Yes,Two year,Yes,Bank transfer (automatic),88.52,2731.53,Yes
CUST-02660,Male,1,Yes,Yes,59,Yes,Yes,No,No internet service,No internet service,No internet service,No internet service,No internet service,No internet service,One year,Yes,Electronic check,18.0,1038.0,Yes
CUST-02661,Female,1,No,Yes,64,Yes,No,DSL,No,No,No,Yes,No,Yes,Month-to-month,Yes,Mailed check,56.98,3627.55,Yes
CUST-02662,Male,0,Yes,No,47,No,No phone service,No,No internet service,No internet service,No internet service,No internet service,No internet service,No internet service,Two year,Yes,Bank transfer (automatic),19.81,898.9,No
CUST-02663,Male,0,No,No,57,Yes,No,Fiber optic,Yes,Yes,Yes,No,Yes,Yes,Month-to-month,No,Mailed check,92.04,5253.44,Yes
CUST-02664,Male,0,Yes,No,41,No,No phone service,Fiber optic,Yes,No,Yes,No,No,Yes,Month-to-month,No,Credit card (automatic),92.41,3771.57,No
CUST-02665,Female,0,No,Yes,58,Yes,Yes,No,No internet service,No internet service,No internet service,No internet service,No internet service,No internet service,Two year,No,Electronic check,18.0,1076.22,No
CUST-02666,Male,0,No,Yes,24,Yes,No,Fiber optic,Yes,Yes,Yes,No,No,Yes,Month-to-month,Yes,Mailed check,99.36,2403.58,No
CUST-02667,Female,0,No,No,38,Yes,Yes,No,No internet service,No internet service,No internet service,No internet service,No internet service,No internet service,Two year,Yes,Credit card (automatic),20.4,776.59,No
CUST-02668,Male,0,No,Yes,5,Yes,Yes,Fiber optic,No,No,Yes,Yes,No,No,Month-to-month,No,Mailed check,83.2,427.4,No
CUST-02669,Female,0,Yes,No,14,Yes,No,DSL,No,Yes,No,No,Yes,Yes,One year,Yes,Electronic check,58.96,842.61,No
CUST-02670,Female,0,No,No,42,Yes,Yes,Fiber optic,No,No,Yes,Yes,Yes,Yes,Month-to-month,Yes,Bank transfer (automatic),87.82,3678.54,Yes
CUST-02671,Female,0,Yes,No,52,Yes,Yes,No,No internet service,No internet service,No internet service,No internet service,No internet service,No internet service,Month-to-month,No,Credit card (automatic),18.0,931.93,No
CUST-02672,Female,0,No,No,2,Yes,Yes,Fiber optic,Yes,No,No,Yes,Yes,Yes,Month-to-month,Yes,Credit card (automatic),98.01,217.58,Yes
CUST-02673,Male,0,Yes,No,5,Yes,Yes,Fiber optic,Yes,No,Yes,No,Yes,Yes,One year,Yes,Credit card (automatic),83.6,440.86,No
CUST-02674,Female,0,Yes,Yes,0,Yes,Yes,DSL,Yes,Yes,No,Yes,Yes,Yes,Month-to-month,No,Mailed check,74.58,0.0,No
CUST-02675,Female,0,No,No,37,Yes,No,Fiber optic,Yes,Yes,Yes,Yes,No,Yes,Month-to-month,Yes,Credit card (automatic),88.54,3321.9,No
CUST-02676,Female,0,Yes,Yes,24,Yes,No,No,No internet service,No internet service,No internet service,No internet service,No internet service,No internet service,Month-to-month,Yes,Electronic check,18.0,404.95,No
CUST-02677,Female,0,No,Yes,3,Yes,Yes,No,No internet service,No internet service,No internet service,No internet service,No internet service,No internet service,Month-to-month,No,Electronic check,21.22,17.95,Yes
CUST-02678,Female,0,Yes,No,57,Yes,No,DSL,No,No,Yes,No,No,No,One year,Yes,Credit card (automatic),51.06,2944.87,No
CUST-02679,Male,0,No,Yes,38,Yes,No,DSL,No,No,Yes,No,Yes,No,One year,Yes,Electronic check,55.5,2123.57,No
CUST-02680,Male,0,No,No,0,Yes,Yes,DSL,No,Yes,No,Yes,No,No,One year,Yes,Bank transfer (automatic),59.61,3.71,No
CUST-02681,Male,0,No,No,50,No,No phone service,DSL,Yes,Yes,No,Yes,No,Yes,Month-to-month,No,Bank transfer (automatic),67.87,3409.7,No
CUST-02682,Male,0,Yes,No,66,Yes,Yes,No,No internet service,No internet service,No internet service,No internet service,No internet service,No internet service,Month-to-month,Yes,Electronic check,18.9,1233.82,No
CUST-02683,Female,0,Yes,No,30,Yes,No,Fiber optic,No,No,Yes,No,Yes,No,Month-to-month,No,Electronic check,84.76,2508.04,Yes
CUST-02684,Female,0,Yes,No,69,Yes,No,DSL,No,Yes,Yes,Yes,No,Yes,Month-to-month,Yes,Electronic check,65.56,4514.65,No
CUST-02685,Male,1,Yes,No,30,Yes,No,Fiber optic,Yes,Yes,No,Yes,No,Yes,Two year,No,Credit card (automatic),91.7,2737.06,No
CUST-02686,Male,0,No,Yes,5,Yes,Yes,No,No internet service,No internet service,No internet service,No internet service,No internet service,No internet service,Month-to-month,No,Electronic check,18.0,70.23,No
CUST-02687,Female,0,Yes,No,8,Yes,No,Fiber optic,Yes,No,No,Yes,No,Yes,Two year,Yes,Bank transfer (automatic),86.06,676.43,No
CUST-02688,Female,1,Yes,Yes,4,Yes,No,No,No internet service,No internet service,No internet service,No internet service,No internet service,No internet service,Month-to-month,No,Credit card (automatic),20.3,69.43,No
CUST-02689,Female,0,Yes,Yes,22,Yes,No,Fiber optic,No,Yes,Yes,No,Yes,No,One year,Yes,Credit card (automatic),81.92,1792.8,No
CUST-02690,Female,0,No,Yes,28,Yes,No,DSL,No,No,Yes,Yes,No,No,One year,Yes,Mailed check,59.6,1676.42,No
CUST-02691,Female,0,Yes,No,32,Yes,Yes,No,No internet service,No internet service,No internet service,No internet service,No internet service,No internet service,One year,Yes,Credit card (automatic),24.48,794.52,No
CUST-02692,Female,0,Yes,No,35,Yes,Yes,DSL,Yes,Yes,Yes,Yes,No,Yes,One year,No,Mailed check,80.29,2816.14,No
CUST-02693,Male,0,Yes,No,63,Yes,Yes,No,No internet service,No internet service,No internet service,No internet service,No internet service,No internet service,Month-to-month,Yes,Credit card (automatic),22.68,1378.02,No
CUST-02694,Female,1,Yes,No,0,Yes,Yes,Fiber optic,Yes,No,Yes,Yes,No,Yes,One year,No,Mailed check,97.53,0.0,Yes
CUST-02695,Male,1,No,No,65,Yes,No,No,No internet service,No internet service,No internet service,No internet service,No internet service,No internet service,Month-to-month,No,Electronic check,20.92,1339.73,No
CUST-02696,Male,0,Yes,No,17,Yes,No,DSL,No,Yes,Yes,No,Yes,No,Month-to-month,Yes,Bank transfer (automatic),66.6,1156.13,Yes
CUST-02697,Male,0,No,Yes,69,Yes,No,Fiber optic,No,Yes,Yes,Yes,Yes,Yes,Month-to-month,Yes,Credit card (automatic),93.53,6436.6,Yes
CUST-02698,Male,0,No,Yes,9,Yes,Yes,No,No internet service,No internet service,No internet service,No internet service,No internet service,No internet service,Month-to-month,No,Bank transfer (automatic),20.21,143.94,No
CUST-02699,Male,0,No,No,7,Yes,No,No,No internet service,No internet service,No internet service,No internet service,No internet service,No internet service,Two year,Yes,Electronic check,21.63,165.19,No
CUST-02700,Female,0,No,Yes,8,Yes,No,No,No internet service,No internet service,No internet service,No internet service,No internet service,No internet service,Month-to-month,Yes,Credit card (automatic),20.19,163.34,No
CUST-02701,Female,0,No,No,21,Yes,No,DSL,No,Yes,Yes,Yes,No,Yes,Month-to-month,Yes,Credit card (automatic),62.64,1365.73,No
CUST-02702,Male,0,Yes,No,68,Yes,No,Fiber optic,Yes,No,Yes,No,No,Yes,Month-to-month,Yes,Credit card (automatic),90.51,6127.06,No
CUST-02703,Female,0,No,No,33,Yes,Yes,Fiber optic,Yes,No,Yes,No,No,Yes,One year,No,Bank transfer (automatic),83.7,2757.74,No
CUST-02704,Male,0,No,Yes,12,Yes,Yes,DSL,No,Yes,Yes,No,No,No,One year,Yes,Mailed check,58.93,686.42,No
CUST-02705,Male,0,No,No,46,Yes,No,Fiber optic,Yes,No,Yes,Yes,Yes,No,Two year,No,Electronic check,98.03,4488.68,No
CUST-02706,Female,0,No,No,37,Yes,Yes,Fiber optic,Yes,Yes,Yes,No,Yes,No,One year,No,Credit card (automatic),94.05,3463.4,No
CUST-02707,Male,1,Yes,No,51,Yes,No,Fiber optic,Yes,No,Yes,Yes,No,Yes,Month-to-month,No,Mailed check,96.37,4892.9,No
CUST-02708,Female,0,Yes,No,54,No,No phone service,DSL,Yes,No,No,Yes,No,No,Month-to-month,No,Bank transfer (automatic),52.37,2831.7,No
CUST-02709,Female,0,Yes,No,57,Yes,Yes,No,No internet service,No internet service,No internet service,No internet service,No internet service,No internet service,Month-to-month,Yes,Bank transfer (automatic),24.3,1386.36,No
CUST-02710,Male,0,Yes,No,11,Yes,No,No,No internet service,No internet service,No internet service,No internet service,No internet service,No internet service,One year,Yes,Credit card (automatic),18.0,197.37,No
CUST-02711,Male,0,Yes,Yes,36,Yes,Yes,Fiber optic,No,No,No,Yes,Yes,Yes,Two year,Yes,Mailed check,80.92,2938.49,No
CUST-02712,Female,1,Yes,No,46,Yes,Yes,No,No internet service,No internet service,No internet service,No internet service,No internet service,No internet service,Month-to-month,No,Credit card (automatic),18.99,884.7,No
CUST-02713,Female,1,No,No,40,Yes,Yes,No,No internet service,No internet service,No internet service,No internet service,No internet service,No internet service,Month-to-month,No,Bank transfer (automatic),21.19,864.31,No
CUST-02714,Female,0,No,Yes,70,Yes,No,DSL,No,No,No,No,Yes,No,One year,Yes,Electronic check,50.49,3537.53,No
CUST-02715,Male,0,No,No,70,Yes,Yes,Fiber optic,Yes,Yes,Yes,Yes,No,Yes,One year,No,Electronic check,96.75,6778.68,No
CUST-02716,Male,0,No,No,59,No,No phone service,No,No internet service,No internet service,No internet service,No internet service,No internet service,No internet service,One year,Yes,Bank transfer (automatic),18.0,1080.55,No
CUST-02717,Female,0,Yes,No,17,Yes,No,Fiber optic,No,No,Yes,Yes,No,Yes,Month-to-month,No,Mailed check,85.67,1433.53,Yes
CUST-02718,Female,0,Yes,Yes,38,Yes,Yes,DSL,Yes,Yes,No,No,Yes,Yes,Month-to-month,Yes,Electronic check,60.14,2272.24,Yes
CUST-02719,Male,0,No,No,58,No,No phone service,Fiber optic,Yes,No,Yes,No,Yes,No,Month-to-month,Yes,Bank transfer (automatic),87.64,5084.58,No
CUST-02720,Female,0,No,Yes,19,Yes,Yes,Fiber optic,Yes,Yes,Yes,No,No,Yes,Month-to-month,Yes,Credit card (automatic),94.8,1802.03,Yes
CUST-02721,Female,0,No,No,51,Yes,No,Fiber optic,No,No,Yes,No,No,No,One year,No,Electronic check,71.38,3611.96,No
CUST-02722,Male,0,No,No,18,Yes,No,DSL,Yes,Yes,No,Yes,No,Yes,Month-to-month,No,Credit card (automatic),64.04,1167.96,Yes
CUST-02723,Male,0,No,No,10,Yes,No,DSL,Yes,Yes,No,Yes,No,No,Month-to-month,Yes,Bank transfer (automatic),64.04,669.19,No
CUST-02724,Female,0,No,No,17,Yes,Yes,No,No internet service,No internet service,No internet service,No internet service,No internet service,No internet service,Two year,Yes,Credit card (automatic),23.01,418.44,No
CUST-02725,Female,0,No,No,67,Yes,No,Fiber optic,No,No,No,No,No,No,Month-to-month,Yes,Bank transfer (automatic),72.61,4851.0,No
CUST-02726,Male,0,No,No,72,Yes,No,No,No internet service,No internet service,No internet service,No internet service,No internet service,No internet service,Month-to-month,Yes,Mailed check,18.0,1313.0,No
CUST-02727,Male,0,Yes,No,62,Yes,No,Fiber optic,Yes,Yes,Yes,No,No,No,Two year,No,Credit card (automatic),89.53,5542.8,Yes
CUST-02728,Female,0,Yes,Yes,19,Yes,Yes,No,No internet service,No internet service,No internet service,No internet service,No internet service,No internet service,Month-to-month,Yes,Bank transfer (automatic),19.73,376.28,No
CUST-02729,Male,0,Yes,No,56,No,No phone service,DSL,Yes,Yes,No,Yes,Yes,Yes,One year,Yes,Credit card (automatic),78.6,4423.64,No
CUST-02730,Female,0,No,No,15,Yes,Yes,No,No internet service,No internet service,No internet service,No internet service,No internet service,No internet service,Month-to-month,Yes,Mailed check,18.0,296.81,No
CUST-02731,Female,1,No,No,9,Yes,Yes,No,No internet service,No internet service,No internet service,No internet service,No internet service,No internet service,Two year,No,Bank transfer (automatic),18.0,153.16,No
CUST-02732,Female,0,Yes,Yes,18,Yes,No,Fiber optic,Yes,Yes,Yes,Yes,No,No,Month-to-month,Yes,Bank transfer (automatic),90.71,1622.39,No
CUST-02733,Male,0,Yes,No,10,Yes,No,DSL,Yes,No,No,No,No,Yes,Month-to-month,Yes,Bank transfer (automatic),54.32,573.17,No
CUST-02734,Male,0,No,Yes,46,Yes,No,No,No internet service,No internet service,No internet service,No internet service,No internet service,No internet service,Two year,Yes,Credit card (automatic),18.0,825.98,No
CUST-02735,Male,0,Yes,No,49,Yes,No,Fiber optic,Yes,Yes,Yes,Yes,Yes,Yes,One year,No,Bank transfer (automatic),101.11,4894.38,No
CUST-02736,Female,0,No,No,2,Yes,Yes,Fiber optic,No,Yes,No,Yes,Yes,Yes,Month-to-month,No,Credit card (automatic),89.24,187.28,Yes
CUST-02737,Male,0,Yes,No,7,Yes,No,Fiber optic,No,No,No,Yes,No,Yes,Month-to-month,Yes,Mailed check,80.3,546.07,No
CUST-02738,Male,0,Yes,No,34,No,No phone service,No,No internet service,No internet service,No internet service,No internet service,No internet service,No internet service,Month-to-month,Yes,Electronic check,18.0,606.31,Yes
CUST-02739,Male,0,Yes,Yes,8,Yes,No,Fiber optic,Yes,No,No,Yes,Yes,No,Month-to-month,No,Credit card (automatic),95.34,774.58,No
CUST-02740,Male,0,Yes,No,60,Yes,Yes,Fiber optic,No,No,No,Yes,No,Yes,Month-to-month,Yes,Bank transfer (automatic),86.29,5140.42,No
CUST-02741,Male,0,Yes,No,29,No,No phone service,Fiber optic,No,No,Yes,No,No,Yes,Month-to-month,Yes,Mailed check,80.52,2350.36,Yes
CUST-02742,Female,0,Yes,Yes,30,Yes,No,DSL,Yes,No,No,No,No,No,Two year,Yes,Electronic check,48.37,1420.8,No
CUST-02743,Female,0,Yes,No,0,No,No phone service,No,No internet service,No internet service,No internet service,No internet service,No internet service,No internet service,One year,Yes,Electronic check,19.43,0.0,Yes
CUST-02744,Male,0,Yes,No,51,Yes,No,No,No internet service,No internet service,No internet service,No internet service,No internet service,No internet service,Two year,Yes,Mailed check,22.21,1139.07,No
CUST-02745,Male,0,No,No,52,Yes,No,Fiber optic,Yes,Yes,Yes,Yes,No,No,Month-to-month,Yes,Mailed check,88.72,4588.83,No
CUST-02746,Male,0,Yes,No,55,Yes,No,DSL,No,Yes,No,Yes,No,Yes,Month-to-month,Yes,Bank transfer (automatic),60.08,3279.86,Yes
CUST-02747,Female,0,Yes,Yes,39,Yes,Yes,DSL,No,No,No,Yes,Yes,Yes,One year,Yes,Mailed check,60.96,2384.14,No
CUST-02748,Male,0,Yes,No,19,Yes,No,DSL,Yes,No,Yes,No,Yes,Yes,Month-to-month,Yes,Electronic check,61.32,1175.67,No
CUST-02749,Female,0,No,Yes,5,Yes,No,No,No internet service,No internet service,No internet service,No internet service,No internet service,No internet service,Month-to-month,No,Credit card (automatic),18.0,86.45,Yes
CUST-02750,Male,0,No,No,23,Yes,Yes,Fiber optic,No,No,No,No,No,No,Two year,Yes,Mailed check,70.85,1641.94,No
CUST-02751,Male,0,No,Yes,39,Yes,No,Fiber optic,Yes,Yes,No,No,No,Yes,One year,No,Mailed check,79.09,3165.08,No
CUST-02752,Female,0,No,No,8,Yes,Yes,DSL,No,No,Yes,Yes,No,No,Month-to-month,No,Credit card (automatic),59.39,445.32,No
CUST-02753,Female,0,Yes,Yes,3,Yes,No,DSL,No,Yes,No,Yes,Yes,Yes,Month-to-month,Yes,Mailed check,62.43,142.5,Yes
CUST-02754,Female,0,No,Yes,15,Yes,Yes,Fiber optic,No,Yes,No,No,Yes,No,Month-to-month,No,Mailed check,72.95,1116.72,Yes
CUST-02755,Female,1,Yes,Yes,5,Yes,No,DSL,No,Yes,Yes,Yes,Yes,No,One year,Yes,Mailed check,65.5,303.85,No
CUST-02756,Female,0,No,No,1,Yes,Yes,Fiber optic,Yes,Yes,Yes,No,No,Yes,Month-to-month,Yes,Credit card (automatic),96.85,104.24,Yes
CUST-02757,Female,0,Yes,Yes,35,Yes,No,No,No internet service,No internet service,No internet service,No internet service,No internet service,No internet service,Two year,No,Bank transfer (automatic),18.0,642.14,No
CUST-02758,Male,0,Yes,Yes,54,Yes,No,Fiber optic,Yes,Yes,Yes,No,No,No,Month-to-month,Yes,Mailed check,89.22,4817.19,No
CUST-02759,Male,0,No,Yes,36,Yes,No,No,No internet service,No internet service,No internet service,No internet service,No internet service,No internet service,Month-to-month,No,Mailed check,18.0,653.56,No
CUST-02760,Male,0,No,No,6,Yes,Yes,DSL,No,Yes,Yes,No,Yes,No,One year,No,Mailed check,55.25,365.69,No
CUST-02761,Male,0,No,No,24,Yes,Yes,DSL,Yes,No,Yes,No,No,Yes,Two year,No,Bank transfer (automatic),64.9,1545.36,No
CUST-02762,Male,0,Yes,No,2,Yes,No,No,No internet service,No internet service,No internet service,No internet service,No internet service,No internet service,Two year,Yes,Electronic check,18.0,61.54,No
CUST-02763,Male,1,Yes,Yes,45,Yes,Yes,No,No internet service,No internet service,No internet service,No internet service,No internet service,No internet service,Month-to-month,No,Credit card (automatic),18.0,783.8,No
CUST-02764,Male,0,Yes,Yes,17,Yes,No,Fiber optic,Yes,Yes,Yes,No,No,No,Month-to-month,No,Mailed check,91.41,1560.99,No
CUST-02765,Female,0,Yes,Yes,28,Yes,Yes,Fiber optic,Yes,No,No,Yes,No,Yes,One year,Yes,Bank transfer (automatic),87.58,2461.98,No
CUST-02766,Male,0,Yes,No,65,Yes,No,DSL,Yes,Yes,No,Yes,Yes,Yes,Two year,Yes,Credit card (automatic),84.44,5487.07,No
CUST-02767,Female,1,Yes,Yes,42,Yes,No,Fiber optic,Yes,No,No,No,Yes,Yes,Two year,No,Mailed check,92.12,3888.44,No
CUST-02768,Male,1,No,Yes,55,No,No phone service,DSL,No,No,No,Yes,Yes,Yes,Month-to-month,Yes,Bank transfer (automatic),60.13,3308.02,No
CUST-02769,Female,0,Yes,Yes,25,Yes,No,DSL,No,No,No,No,Yes,No,One year,No,Bank transfer (automatic),47.13,1184.9,No
CUST-02770,Female,1,No,No,67,Yes,Yes,Fiber optic,Yes,Yes,No,No,Yes,No,Month-to-month,Yes,Bank transfer (automatic),81.46,5443.7,No
CUST-02771,Male,1,No,No,52,Yes,No,DSL,No,No,Yes,Yes,Yes,No,Month-to-month,No,Mailed check,63.44,3278.92,Yes
CUST-02772,Male,0,No,Yes,37,Yes,No,DSL,Yes,No,Yes,Yes,Yes,No,Month-to-month,Yes,Bank transfer (automatic),67.29,2469.27,No
CUST-02773,Female,1,Yes,No,42,Yes,Yes,DSL,Yes,No,Yes,Yes,Yes,Yes,Month-to-month,Yes,Bank transfer (automatic),84.64,3542.62,No
CUST-02774,Female,0,Yes,No,45,Yes,Yes,Fiber optic,Yes,No,No,No,Yes,Yes,Month-to-month,No,Mailed check,83.19,3717.93,No
CUST-02775,Male,0,Yes,No,11,Yes,Yes,No,No internet service,No internet service,No internet service,No internet service,No internet service,No internet service,Month-to-month,Yes,Credit card (automatic),23.02,290.57,Yes
CUST-02776,Female,0,No,Yes,18,Yes,Yes,No,No internet service,No internet service,No internet service,No internet service,No internet service,No internet service,One year,No,Electronic check,20.87,369.5,No
CUST-02777,Female,0,Yes,No,50,Yes,No,DSL,No,Yes,No,Yes,No,No,One year,Yes,Credit card (automatic),60.69,3034.32,Yes
CUST-02778,Male,0,Yes,No,32,Yes,Yes,DSL,Yes,Yes,No,No,No,No,Month-to-month,Yes,Mailed check,60.32,1907.29,No
CUST-02779,Male,0,No,No,57,No,No phone service,No,No internet service,No internet service,No internet service,No internet service,No internet service,No internet service,One year,No,Credit card (automatic),19.31,1141.56,No
CUST-02780,Male,1,No,No,38,Yes,Yes,DSL,No,No,No,No,No,Yes,Month-to-month,Yes,Electronic check,50.04,1896.42,Yes
CUST-02781,Female,0,No,Yes,4,Yes,Yes,Fiber optic,Yes,Yes,Yes,Yes,Yes,Yes,Month-to-month,Yes,Mailed check,94.3,365.42,No
CUST-02782,Female,1,Yes,No,48,Yes,Yes,DSL,Yes,Yes,No,No,Yes,Yes,Two year,Yes,Electronic check,75.4,3609.26,No
CUST-02783,Female,0,No,No,44,Yes,No,Fiber optic,Yes,Yes,No,No,No,No,Month-to-month,Yes,Credit card (automatic),81.33,3574.3,Yes
CUST-02784,Female,0,Yes,Yes,26,Yes,Yes,DSL,Yes,No,No,Yes,No,Yes,Month-to-month,No,Bank transfer (automatic),56.87,1472.54,No
CUST-02785,Male,0,Yes,Yes,57,Yes,No,Fiber optic,No,Yes,No,Yes,No,Yes,One year,Yes,Mailed check,83.3,4721.18,Yes
CUST-02786,Male,0,No,No,25,Yes,Yes,Fiber optic,Yes,No,No,Yes,Yes,Yes,Month-to-month,Yes,Bank transfer (automatic),94.92,2390.2,No
CUST-02787,Male,0,No,Yes,8,Yes,Yes,DSL,No,No,Yes,Yes,Yes,No,Month-to-month,Yes,Electronic check,60.01,457.8,Yes
CUST-02788,Male,0,No,No,8,Yes,No,Fiber optic,Yes,Yes,Yes,No,Yes,Yes,One year,Yes,Bank transfer (automatic),99.79,814.51,No
CUST-02789,Female,0,Yes,No,65,Yes,Yes,Fiber optic,Yes,Yes,No,No,Yes,No,One year,No,Bank transfer (automatic),87.02,5629.69,No
CUST-02790,Female,0,Yes,No,27,Yes,No,No,No internet service,No internet service,No internet service,No internet service,No internet service,No internet service,Month-to-month,Yes,Credit card (automatic),21.77,591.25,No
CUST-02791,Male,0,No,Yes,30,Yes,No,Fiber optic,No,No,Yes,No,Yes,Yes,Two year,Yes,Bank transfer (automatic),83.16,2474.31,No
CUST-02792,Female,1,No,No,22,Yes,No,DSL,Yes,No,Yes,No,Yes,Yes,Month-to-month,Yes,Mailed check,59.54,1295.32,No
CUST-02793,Female,0,Yes,No,53,Yes,Yes,Fiber optic,No,Yes,No,Yes,Yes,Yes,Month-to-month,Yes,Credit card (automatic),89.58,4757.36,No
CUST-02794,Male,0,Yes,No,44,Yes,Yes,DSL,No,Yes,No,No,No,Yes,Month-to-month,No,Credit card (automatic),51.25,2278.62,Yes
CUST-02795,Female,0,No,Yes,65,Yes,Yes,No,No internet service,No internet service,No internet service,No internet service,No internet service,No internet service,Month-to-month,No,Credit card (automatic),18.0,1206.45,No
CUST-02796,Female,1,No,Yes,65,Yes,No,No,No internet service,No internet service,No internet service,No internet service,No internet service,No internet service,Two year,Yes,Bank transfer (automatic),22.25,1453.71,No
CUST-02797,Female,0,Yes,Yes,72,Yes,Yes,DSL,Yes,Yes,Yes,No,No,Yes,One year,Yes,Credit card (automatic),66.15,4762.69,No
CUST-02798,Female,0,No,Yes,24,Yes,Yes,Fiber optic,Yes,Yes,Yes,No,No,No,Month-to-month,Yes,Bank transfer (automatic),88.96,2115.77,No
CUST-02799,Male,0,No,No,42,Yes,Yes,Fiber optic,Yes,No,No,Yes,No,Yes,Month-to-month,Yes,Bank transfer (automatic),86.53,3598.47,Yes
CUST-02800,Female,0,Yes,Yes,25,Yes,Yes,DSL,Yes,Yes,Yes,Yes,Yes,No,Month-to-month,Yes,Credit card (automatic),71.67,1804.16,No
CUST-02801,Male,0,No,Yes,51,Yes,Yes,Fiber optic,No,No,No,No,No,No,One year,No,Bank transfer (automatic),66.81,3402.24,No
CUST-02802,Female,0,No,No,54,Yes,No,Fiber optic,Yes,No,Yes,Yes,Yes,Yes,Month-to-month,No,Bank transfer (automatic),106.97,5776.56,No
CUST-02803,Male,0,No,Yes,18,Yes,No,Fiber optic,Yes,Yes,Yes,Yes,Yes,Yes,Two year,Yes,Electronic check,107.96,1935.32,No
CUST-02804,Male,0,No,Yes,62,Yes,No,Fiber optic,Yes,No,No,Yes,No,No,Month-to-month,Yes,Electronic check,78.34,4842.72,No
CUST-02805,Female,0,No,No,21,Yes,Yes,Fiber optic,Yes,No,No,No,Yes,No,Month-to-month,No,Electronic check,80.77,1709.7,Yes
CUST-02806,Male,1,No,No,71,No,No phone service,Fiber optic,No,Yes,Yes,No,Yes,Yes,Two year,Yes,Mailed check,96.9,6914.0,No
CUST-02807,Male,0,Yes,No,62,Yes,Yes,Fiber optic,No,Yes,Yes,Yes,Yes,No,Two year,Yes,Electronic check,96.37,5950.94,Yes
CUST-02808,Female,0,No,No,1,Yes,Yes,Fiber optic,Yes,No,Yes,No,Yes,Yes,Month-to-month,Yes,Bank transfer (automatic),94.63,57.15,Yes
CUST-02809,Male,0,Yes,Yes,29,Yes,Yes,Fiber optic,No,No,Yes,Yes,No,No,Month-to-month,No,Mailed check,84.71,2451.89,Yes
CUST-02810,Female,0,Yes,No,28,Yes,No,Fiber optic,No,No,No,No,Yes,No,Two year,Yes,Electronic check,79.97,2224.8,No
CUST-02811,Male,0,No,No,60,Yes,Yes,DSL,Yes,Yes,Yes,Yes,Yes,Yes,One year,No,Credit card (automatic),87.0,5243.67,No
CUST-02812,Male,0,No,No,52,Yes,No,Fiber optic,No,No,Yes,No,Yes,Yes,One year,No,Mailed check,86.1,4487.32,No
CUST-02813,Female,0,No,No,3,Yes,No,Fiber optic,Yes,Yes,No,Yes,Yes,No,One year,Yes,Bank transfer (automatic),90.73,310.1,No
CUST-02814,Male,0,No,No,61,Yes,No,DSL,Yes,No,No,Yes,No,No,Two year,No,Electronic check,53.52,3286.28,No
CUST-02815,Male,0,No,No,15,Yes,Yes,DSL,No,Yes,No,No,Yes,No,Month-to-month,Yes,Bank transfer (automatic),51.15,769.35,No
CUST-02816,Female,0,Yes,No,26,Yes,Yes,Fiber optic,Yes,No,No,No,Yes,Yes,Month-to-month,No,Credit card (automatic),86.43,2250.13,No
CUST-02817,Female,1,No,Yes,12,Yes,No,DSL,No,No,Yes,No,No,Yes,Month-to-month,Yes,Electronic check,53.1,645.03,Yes
CUST-02818,Male,0,No,No,11,Yes,No,Fiber optic,No,Yes,Yes,No,Yes,Yes,One year,Yes,Electronic check,88.39,954.09,No
CUST-02819,Female,0,Yes,Yes,38,Yes,No,Fiber optic,Yes,No,No,No,Yes,No,Month-to-month,No,Bank transfer (automatic),80.1,3052.5,No
CUST-02820,Female,0,No,No,6,Yes,Yes,Fiber optic,Yes,No,Yes,Yes,No,Yes,Month-to-month,No,Bank transfer (automatic),97.47,612.23,Yes
CUST-02821,Female,0,No,No,5,Yes,Yes,No,No internet service,No internet service,No internet service,No internet service,No internet service,No internet service,One year,Yes,Bank transfer (automatic),19.23,83.51,No
CUST-02822,Male,1,Yes,No,57,Yes,No,No,No internet service,No internet service,No internet service,No internet service,No internet service,No internet service,Month-to-month,Yes,Mailed check,18.0,1021.16,No
CUST-02823,Female,0,No,Yes,25,Yes,No,No,No internet service,No internet service,No internet service,No internet service,No internet service,No internet service,Two year,Yes,Mailed check,18.0,463.13,No
CUST-02824,Female,0,Yes,No,47,Yes,No,No,No internet service,No internet service,No internet service,No internet service,No internet service,No internet service,Month-to-month,No,Electronic check,19.77,959.17,No
CUST-02825,Female,0,Yes,No,71,Yes,Yes,DSL,No,Yes,Yes,No,Yes,Yes,One year,No,Electronic check,62.75,4440.4,No
CUST-02826,Male,0,Yes,Yes,3,Yes,No,DSL,No,Yes,No,No,Yes,No,One year,Yes,Bank transfer (automatic),53.19,164.46,No
CUST-02827,Female,1,Yes,Yes,57,Yes,Yes,DSL,No,Yes,Yes,Yes,No,No,Month-to-month,Yes,Bank transfer (automatic),58.61,3340.14,No
CUST-02828,Female,0,Yes,No,8,Yes,Yes,DSL,No,Yes,Yes,Yes,No,Yes,Month-to-month,No,Bank transfer (automatic),69.11,547.4,No
CUST-02829,Male,0,No,Yes,55,Yes,Yes,No,No internet service,No internet service,No internet service,No internet service,No internet service,No internet service,Month-to-month,No,Electronic check,18.87,1000.67,Yes
CUST-02830,Female,0,Yes,No,22,Yes,Yes,No,No internet service,No internet service,No internet service,No internet service,No internet service,No internet service,One year,No,Credit card (automatic),18.0,381.12,No
CUST-02831,Female,0,No,No,9,No,No phone service,Fiber optic,No,Yes,No,No,No,No,One year,No,Bank transfer (automatic),71.1,615.35,No
CUST-02832,Male,0,No,Yes,16,Yes,No,No,No internet service,No internet service,No internet service,No internet service,No internet service,No internet service,Month-to-month,Yes,Electronic check,18.56,294.27,Yes
CUST-02833,Female,0,Yes,No,26,Yes,No,Fiber optic,Yes,Yes,Yes,Yes,No,Yes,Month-to-month,Yes,Credit card (automatic),100.58,2606.02,No
CUST-02834,Male,0,Yes,Yes,53,Yes,Yes,Fiber optic,No,No,Yes,Yes,No,Yes,Two year,Yes,Bank transfer (automatic),89.83,4737.21,No
CUST-02835,Female,0,No,Yes,49,No,No phone service,DSL,Yes,No,Yes,No,Yes,Yes,Month-to-month,Yes,Electronic check,70.31,3439.86,No
CUST-02836,Female,0,No,No,53,Yes,Yes,No,No internet service,No internet service,No internet service,No internet service,No internet service,No internet service,Two year,No,Mailed check,21.93,1199.6,No
CUST-02837,Female,0,No,Yes,1,Yes,No,Fiber optic,Yes,No,No,No,No,Yes,Month-to-month,No,Electronic check,75.97,62.71,Yes
CUST-02838,Male,0,Yes,No,71,Yes,Yes,Fiber optic,No,No,Yes,No,No,Yes,Month-to-month,No,Electronic check,91.07,6458.22,Yes
CUST-02839,Female,0,No,No,31,Yes,No,DSL,Yes,Yes,Yes,Yes,No,Yes,Month-to-month,Yes,Bank transfer (automatic),80.78,2499.66,No
CUST-02840,Male,0,No,Yes,8,Yes,No,No,No internet service,No internet service,No internet service,No internet service,No internet service,No internet service,Month-to-month,No,Electronic check,18.0,129.43,No
CUST-02841,Female,0,No,No,67,Yes,Yes,No,No internet service,No internet service,No internet service,No internet service,No internet service,No internet service,Two year,No,Electronic check,28.06,1848.47,No
CUST-02842,Female,1,Yes,No,57,Yes,Yes,Fiber optic,No,Yes,No,Yes,Yes,No,One year,Yes,Mailed check,90.46,5192.41,No
CUST-02843,Male,0,No,Yes,6,Yes,No,No,No internet service,No internet service,No internet service,No internet service,No internet service,No internet service,One year,Yes,Bank transfer (automatic),22.5,98.38,No
CUST-02844,Male,0,Yes,No,31,Yes,Yes,Fiber optic,No,Yes,Yes,Yes,Yes,Yes,One year,No,Mailed check,95.01,2911.03,No
CUST-02845,Male,0,No,No,66,Yes,Yes,No,No internet service,No internet service,No internet service,No internet service,No internet service,No internet service,One year,Yes,Electronic check,21.7,1447.18,No
CUST-02846,Female,0,No,No,49,Yes,No,Fiber optic,Yes,No,No,No,No,Yes,One year,No,Bank transfer (automatic),85.11,4129.4,No
CUST-02847,Male,0,No,No,14,Yes,No,Fiber optic,No,No,Yes,Yes,No,Yes,One year,Yes,Electronic check,92.35,1308.32,No
CUST-02848,Male,0,Yes,No,51,Yes,No,No,No internet service,No internet service,No internet service,No internet service,No internet service,No internet service,Two year,Yes,Electronic check,23.85,1233.57,No
CUST-02849,Male,0,No,Yes,13,Yes,Yes,No,No internet service,No internet service,No internet service,No internet service,No internet service,No internet service,One year,No,Bank transfer (automatic),20.47,250.08,No
CUST-02850,Male,1,Yes,Yes,25,Yes,Yes,DSL,Yes,Yes,No,Yes,Yes,No,Month-to-month,Yes,Electronic check,70.03,1751.58,No
CUST-02851,Male,0,No,No,14,Yes,Yes,No,No internet service,No internet service,No internet service,No internet service,No internet service,No internet service,Month-to-month,Yes,Credit card (automatic),19.86,277.03,Yes
CUST-02852,Male,0,No,No,50,Yes,No,Fiber optic,Yes,Yes,No,No,Yes,Yes,Month-to-month,Yes,Credit card (automatic),93.02,4634.9,No
CUST-02853,Male,0,No,No,67,Yes,Yes,DSL,No,Yes,Yes,No,Yes,Yes,Month-to-month,Yes,Mailed check,58.37,3898.49,No
CUST-02854,Female,1,Yes,Yes,3,Yes,Yes,Fiber optic,No,Yes,Yes,Yes,Yes,No,Month-to-month,Yes,Bank transfer (automatic),90.61,268.69,Yes
CUST-02855,Male,1,No,No,44,Yes,Yes,Fiber optic,Yes,Yes,Yes,Yes,Yes,No,Month-to-month,No,Electronic check,105.67,4640.14,Yes
CUST-02856,Female,0,No,Yes,18,Yes,Yes,Fiber optic,Yes,Yes,No,No,No,No,Month-to-month,Yes,Credit card (automatic),84.9,1539.71,No
CUST-02857,Female,0,No,No,54,Yes,No,Fiber optic,Yes,No,No,No,No,Yes,Two year,Yes,Mailed check,81.48,4396.91,Yes
CUST-02858,Female,0,No,No,10,Yes,No,DSL,No,Yes,No,Yes,Yes,No,One year,Yes,Credit card (automatic),60.99,618.93,No
CUST-02859,Male,0,No,Yes,26,No,No phone service,DSL,No,No,No,Yes,Yes,No,Month-to-month,No,Electronic check,53.68,1387.92,Yes
CUST-02860,Male,0,No,No,15,Yes,Yes,Fiber optic,Yes,Yes,No,Yes,Yes,Yes,Two year,Yes,Electronic check,99.94,1511.9,No
CUST-02861,Female,0,No,No,63,Yes,Yes,DSL,No,Yes,No,Yes,No,Yes,Two year,No,Electronic check,57.58,3645.22,No
CUST-02862,Female,0,Yes,No,6,Yes,No,Fiber optic,No,No,No,Yes,No,No,Two year,No,Bank transfer (automatic),75.84,415.44,No
CUST-02863,Female,1,No,No,42,Yes,No,Fiber optic,Yes,No,No,No,No,Yes,Month-to-month,Yes,Mailed check,84.94,3575.04,No
CUST-02864,Male,1,Yes,No,8,Yes,No,DSL,Yes,No,Yes,Yes,Yes,No,Month-to-month,Yes,Electronic check,71.46,557.79,No
CUST-02865,Male,1,Yes,No,43,Yes,No,DSL,No,No,Yes,No,Yes,Yes,Month-to-month,No,Credit card (automatic),62.3,2670.12,Yes
CUST-02866,Male,0,No,No,56,Yes,No,Fiber optic,No,No,No,Yes,Yes,No,One year,Yes,Mailed check,78.82,4420.18,No
CUST-02867,Male,0,Yes,No,54,Yes,No,No,No internet service,No internet service,No internet service,No internet service,No internet service,No internet service,One year,No,Credit card (automatic),18.0,974.45,No
CUST-02868,Female,0,No,Yes,2,Yes,No,No,No internet service,No internet service,No internet service,No internet service,No internet service,No internet service,One year,No,Mailed check,20.79,36.91,No
CUST-02869,Male,0,No,Yes,56,Yes,No,Fiber optic,Yes,No,Yes,No,Yes,No,One year,No,Bank transfer (automatic),90.9,5103.63,No
CUST-02870,Male,0,Yes,No,21,Yes,Yes,DSL,No,No,No,No,No,Yes,Two year,Yes,Credit card (automatic),51.39,1082.78,Yes
CUST-02871,Female,1,Yes,Yes,49,Yes,Yes,Fiber optic,No,No,Yes,No,Yes,No,One year,Yes,Credit card (automatic),86.75,4235.58,No
CUST-02872,Female,0,Yes,No,70,No,No phone service,Fiber optic,No,Yes,Yes,Yes,Yes,No,Two year,Yes,Bank transfer (automatic),96.0,6741.97,No
CUST-02873,Male,0,Yes,No,8,Yes,Yes,Fiber optic,No,No,No,Yes,No,No,Two year,Yes,Bank transfer (automatic),80.51,665.37,No
CUST-02874,Male,0,No,No,26,Yes,Yes,Fiber optic,Yes,Yes,Yes,No,No,Yes,Month-to-month,No,Credit card (automatic),101.45,2637.97,Yes
CUST-02875,Female,0,No,No,63,Yes,Yes,Fiber optic,Yes,No,No,Yes,No,No,Two year,Yes,Credit card (automatic),82.49,5185.7,No
CUST-02876,Female,0,No,No,10,Yes,No,DSL,No,Yes,No,Yes,No,No,Month-to-month,No,Mailed check,65.27,637.27,Yes
CUST-02877,Female,0,Yes,Yes,19,Yes,Yes,No,No internet service,No internet service,No internet service,No internet service,No internet service,No internet service,Month-to-month,No,Credit card (automatic),28.67,578.19,No
CUST-02878,Female,0,No,No,40,Yes,No,Fiber optic,No,Yes,No,Yes,No,No,Two year,Yes,Electronic check,78.37,3131.11,Yes
CUST-02879,Female,0,Yes,No,72,Yes,Yes,Fiber optic,No,No,No,Yes,Yes,No,Month-to-month,No,Bank transfer (automatic),80.75,5816.91,No
CUST-02880,Male,0,No,Yes,21,Yes,Yes,No,No internet service,No internet service,No internet service,No internet service,No internet service,No internet service,Month-to-month,No,Credit card (automatic),21.08,451.12,No
CUST-02881,Male,0,No,Yes,28,Yes,No,Fiber optic,No,Yes,No,Yes,No,No,Two year,Yes,Electronic check,80.52,2199.31,No
CUST-02882,Female,0,Yes,No,58,Yes,Yes,DSL,Yes,Yes,Yes,Yes,No,No,Month-to-month,Yes,Credit card (automatic),65.8,3798.08,No
CUST-02883,Male,0,No,No,8,Yes,Yes,DSL,Yes,No,No,Yes,Yes,No,Month-to-month,Yes,Credit card (automatic),58.97,515.79,No
CUST-02884,Male,0,No,Yes,23,Yes,Yes,Fiber optic,Yes,Yes,No,Yes,Yes,No,Month-to-month,No,Electronic check,89.33,1998.65,No
CUST-02885,Male,0,Yes,No,23,Yes,No,Fiber optic,Yes,No,Yes,Yes,Yes,Yes,Month-to-month,No,Credit card (automatic),102.55,2328.72,No
CUST-02886,Female,0,No,Yes,29,Yes,Yes,Fiber optic,Yes,Yes,No,No,No,No,Month-to-month,No,Bank transfer (automatic),82.83,2393.08,Yes
CUST-02887,Male,0,No,Yes,41,Yes,No,DSL,No,No,Yes,Yes,No,No,Month-to-month,Yes,Mailed check,64.1,2608.26,No
CUST-02888,Male,0,Yes,No,16,Yes,Yes,DSL,No,No,No,Yes,Yes,Yes,Two year,Yes,Mailed check,54.75,860.98,No
CUST-02889,Male,1,Yes,Yes,28,No,No phone service,Fiber optic,Yes,No,No,Yes,No,Yes,Month-to-month,No,Mailed check,96.96,2691.78,No
CUST-02890,Male,0,No,No,66,Yes,Yes,Fiber optic,No,Yes,No,Yes,Yes,No,One year,No,Mailed check,91.29,6021.7,No
CUST-02891,Female,0,No,Yes,60,No,No phone service,Fiber optic,No,No,No,No,Yes,Yes,Month-to-month,Yes,Mailed check,74.58,4481.94,No
CUST-02892,Male,1,No,No,69,Yes,No,Fiber optic,Yes,Yes,No,Yes,No,No,Month-to-month,No,Mailed check,81.74,5648.07,No
CUST-02893,Female,0,No,No,49,Yes,Yes,Fiber optic,Yes,Yes,No,No,Yes,Yes,One year,Yes,Credit card (automatic),92.02,4492.54,Yes
CUST-02894,Male,0,No,Yes,42,Yes,Yes,Fiber optic,No,No,Yes,Yes,No,No,Month-to-month,No,Electronic check,76.94,3250.93,Yes
CUST-02895,Female,0,Yes,No,15,Yes,No,Fiber optic,Yes,No,No,No,No,No,Month-to-month,Yes,Credit card (automatic),77.68,1168.06,No
CUST-02896,Female,0,Yes,No,11,Yes,No,Fiber optic,Yes,Yes,No,No,No,Yes,Month-to-month,Yes,Mailed check,88.44,994.26,Yes
CUST-02897,Female,0,Yes,Yes,39,Yes,Yes,DSL,No,No,No,No,No,No,Month-to-month,Yes,Mailed check,45.42,1777.14,No
CUST-02898,Female,0,No,No,29,Yes,Yes,Fiber optic,Yes,No,No,Yes,No,No,Month-to-month,Yes,Mailed check,81.15,2348.12,Yes
CUST-02899,Male,0,No,Yes,57,Yes,No,DSL,Yes,Yes,Yes,No,Yes,Yes,Month-to-month,No,Electronic check,68.49,3899.19,No
CUST-02900,Female,0,No,Yes,0,Yes,No,Fiber optic,Yes,Yes,No,No,Yes,No,Month-to-month,No,Bank transfer (automatic),89.25,7.05,Yes
CUST-02901,Female,0,Yes,No,65,Yes,No,Fiber optic,No,Yes,No,Yes,No,No,Month-to-month,No,Electronic check,86.91,5674.4,No
CUST-02902,Female,0,No,Yes,12,Yes,Yes,Fiber optic,Yes,Yes,No,Yes,No,No,Month-to-month,Yes,Credit card (automatic),76.12,915.94,No
CUST-02903,Female,0,No,No,28,Yes,No,No,No internet service,No internet service,No internet service,No internet service,No internet service,No internet service,Two year,No,Credit card (automatic),20.05,565.58,No
CUST-02904,Female,0,Yes,No,26,Yes,Yes,Fiber optic,Yes,Yes,Yes,Yes,Yes,Yes,Month-to-month,No,Mailed check,100.38,2621.18,No
CUST-02905,Female,0,Yes,No,67,Yes,Yes,DSL,Yes,No,Yes,No,Yes,No,One year,No,Mailed check,59.98,3983.16,No
CUST-02906,Female,0,No,Yes,52,Yes,No,No,No internet service,No internet service,No internet service,No internet service,No internet service,No internet service,One year,No,Mailed check,20.94,1060.27,No
CUST-02907,Female,0,No,Yes,2,Yes,Yes,Fiber optic,No,No,Yes,Yes,Yes,Yes,Month-to-month,Yes,Credit card (automatic),92.02,188.4,Yes
CUST-02908,Male,0,No,No,62,Yes,No,Fiber optic,No,No,No,Yes,No,No,Month-to-month,No,Credit card (automatic),73.74,4552.76,No
CUST-02909,Male,0,Yes,Yes,49,No,No phone service,DSL,Yes,No,No,Yes,Yes,Yes,Month-to-month,Yes,Electronic check,68.66,3359.06,No
CUST-02910,Male,0,No,No,4,Yes,No,Fiber optic,No,No,Yes,Yes,Yes,No,Month-to-month,No,Electronic check,81.6,326.13,Yes
CUST-02911,Male,0,Yes,No,57,Yes,No,Fiber optic,No,Yes,Yes,No,Yes,No,Month-to-month,Yes,Electronic check,92.15,5300.8,Yes
CUST-02912,Male,0,Yes,No,2,Yes,No,No,No internet service,No internet service,No internet service,No internet service,No internet service,No internet service,Month-to-month,Yes,Mailed check,19.96,36.39,No
CUST-02913,Male,0,No,No,31,No,No phone service,Fiber optic,Yes,No,Yes,No,Yes,Yes,Two year,Yes,Mailed check,97.2,2970.91,No
CUST-02914,Male,0,Yes,Yes,11,Yes,Yes,Fiber optic,No,No,Yes,No,No,No,One year,No,Mailed check,77.91,861.09,Yes
CUST-02915,Male,0,No,Yes,0,Yes,No,Fiber optic,No,No,No,No,No,Yes,Month-to-month,Yes,Mailed check,72.32,20.35,Yes
CUST-02916,Female,0,Yes,No,40,Yes,No,No,No internet service,No internet service,No internet service,No internet service,No internet service,No internet service,Two year,Yes,Bank transfer (automatic),23.31,943.05,No
CUST-02917,Female,1,Yes,No,50,Yes,Yes,DSL,No,Yes,Yes,Yes,Yes,Yes,Month-to-month,No,Credit card (automatic),74.41,3729.79,No
CUST-02918,Female,0,Yes,No,35,Yes,No,Fiber optic,Yes,Yes,No,No,Yes,Yes,Month-to-month,Yes,Credit card (automatic),90.32,3146.46,No
CUST-02919,Male,0,No,Yes,25,Yes,No,DSL,Yes,Yes,Yes,Yes,Yes,No,Month-to-month,No,Electronic check,67.01,1666.84,No
CUST-02920,Male,0,Yes,No,37,Yes,No,DSL,Yes,No,Yes,No,No,Yes,Two year,No,Credit card (automatic),61.81,2269.99,No
CUST-02921,Female,0,Yes,Yes,11,Yes,No,Fiber optic,Yes,No,No,Yes,No,Yes,Month-to-month,No,Bank transfer (automatic),86.85,940.65,No
CUST-02922,Male,0,Yes,No,3,Yes,Yes,No,No internet service,No internet service,No internet service,No internet service,No internet service,No internet service,One year,Yes,Credit card (automatic),18.0,49.83,No
CUST-02923,Female,0,Yes,Yes,11,Yes,Yes,No,No internet service,No internet service,No internet service,No internet service,No internet service,No internet service,One year,No,Credit card (automatic),21.66,256.66,No
CUST-02924,Male,1,No,No,3,No,No phone service,Fiber optic,No,No,Yes,Yes,Yes,No,Month-to-month,No,Electronic check,91.25,331.37,No
CUST-02925,Male,0,No,No,56,Yes,Yes,DSL,No,Yes,No,Yes,No,No,Month-to-month,Yes,Credit card (automatic),53.06,2974.29,No
CUST-02926,Female,1,Yes,No,44,Yes,Yes,DSL,No,Yes,Yes,Yes,Yes,No,Month-to-month,No,Credit card (automatic),74.82,3302.89,No
CUST-02927,Male,0,No,No,13,Yes,No,DSL,Yes,No,Yes,Yes,Yes,No,One year,Yes,Credit card (automatic),56.56,687.04,No
CUST-02928,Male,1,Yes,Yes,41,Yes,Yes,Fiber optic,No,Yes,No,Yes,No,Yes,Month-to-month,Yes,Credit card (automatic),76.23,3116.64,No
CUST-02929,Female,0,No,No,35,Yes,Yes,Fiber optic,No,No,No,No,No,Yes,Month-to-month,No,Electronic check,79.48,2812.43,Yes
CUST-02930,Male,0,Yes,No,8,Yes,Yes,Fiber optic,Yes,No,Yes,Yes,No,No,Month-to-month,No,Mailed check,83.1,666.67,Yes
CUST-02931,Female,0,No,No,70,Yes,Yes,DSL,No,Yes,No,Yes,No,Yes,One year,Yes,Bank transfer (automatic),59.79,4183.2,No
CUST-02932,Male,0,Yes,No,68,Yes,Yes,DSL,No,No,Yes,No,No,No,One year,No,Mailed check,46.73,3235.66,No
CUST-02933,Male,0,No,No,55,No,No phone service,DSL,Yes,No,Yes,No,Yes,No,Month-to-month,No,Bank transfer (automatic),64.27,3558.65,Yes
CUST-02934,Female,0,Yes,Yes,59,Yes,Yes,Fiber optic,No,No,No,Yes,No,No,Month-to-month,Yes,Bank transfer (automatic),76.84,4548.99,No
CUST-02935,Male,0,No,No,39,No,No phone service,DSL,No,No,Yes,No,No,No,Month-to-month,Yes,Credit card (automatic),50.61,1972.52,Yes
CUST-02936,Female,0,Yes,No,58,Yes,Yes,DSL,No,No,Yes,Yes,No,Yes,Month-to-month,Yes,Electronic check,54.16,3146.72,No
CUST-02937,Female,0,No,No,38,Yes,Yes,Fiber optic,Yes,Yes,Yes,No,No,Yes,Month-to-month,No,Bank transfer (automatic),87.49,3367.38,No
CUST-02938,Female,1,No,No,12,Yes,No,DSL,No,No,No,Yes,No,No,One year,Yes,Credit card (automatic),51.3,660.25,No
CUST-02939,Male,0,Yes,No,12,Yes,No,Fiber optic,No,No,No,No,No,Yes,Month-to-month,Yes,Credit card (automatic),75.0,889.25,No
CUST-02940,Female,0,Yes,No,62,No,No phone service,No,No internet service,No internet service,No internet service,No internet service,No internet service,No internet service,Month-to-month,No,Electronic check,18.51,1115.14,No
CUST-02941,Female,0,Yes,No,32,Yes,Yes,DSL,No,Yes,No,No,Yes,No,Month-to-month,No,Mailed check,54.15,1733.79,No
CUST-02942,Female,0,No,No,53,Yes,No,DSL,Yes,No,No,No,Yes,Yes,Month-to-month,Yes,Bank transfer (automatic),61.61,3280.6,No
CUST-02943,Male,0,No,Yes,10,Yes,Yes,DSL,No,Yes,Yes,Yes,Yes,No,One year,No,Bank transfer (automatic),66.82,704.32,No
CUST-02944,Female,1,No,No,32,Yes,Yes,DSL,No,Yes,Yes,No,No,No,One year,Yes,Credit card (automatic),61.69,1971.98,No
CUST-02945,Male,0,Yes,No,6,Yes,Yes,No,No internet service,No internet service,No internet service,No internet service,No internet service,No internet service,Month-to-month,Yes,Credit card (automatic),19.73,111.41,No
CUST-02946,Female,0,No,No,16,No,No phone service,Fiber optic,Yes,Yes,Yes,No,Yes,Yes,Month-to-month,Yes,Credit card (automatic),94.18,1529.12,No
CUST-02947,Male,0,Yes,No,7,Yes,No,Fiber optic,Yes,No,Yes,No,Yes,Yes,One year,No,Electronic check,88.34,599.92,No
CUST-02948,Female,0,Yes,No,15,Yes,No,Fiber optic,No,Yes,No,No,Yes,No,One year,Yes,Bank transfer (automatic),81.37,1215.8,Yes
CUST-02949,Female,0,Yes,Yes,44,No,No phone service,DSL,No,Yes,No,No,No,Yes,Two year,No,Electronic check,55.97,2462.79,No
CUST-02950,Male,0,Yes,No,0,Yes,Yes,Fiber optic,Yes,Yes,Yes,No,Yes,Yes,Two year,Yes,Electronic check,104.56,0.0,No
CUST-02951,Female,0,No,No,14,Yes,Yes,DSL,No,Yes,No,Yes,Yes,Yes,Two year,Yes,Mailed check,67.61,972.12,No
CUST-02952,Female,0,No,No,50,Yes,No,No,No internet service,No internet service,No internet service,No internet service,No internet service,No internet service,Two year,No,Bank transfer (automatic),18.0,910.71,No
CUST-02953,Male,0,Yes,Yes,10,Yes,No,Fiber optic,Yes,Yes,No,No,Yes,Yes,Two year,No,Credit card (automatic),88.78,876.99,No
CUST-02954,Male,1,Yes,Yes,40,Yes,No,DSL,Yes,No,No,Yes,No,No,One year,Yes,Bank transfer (automatic),55.44,2212.89,No
CUST-02955,Female,0,No,No,63,Yes,Yes,Fiber optic,Yes,Yes,No,No,Yes,No,One year,Yes,Mailed check,86.93,5532.55,No
CUST-02956,Male,0,No,No,56,Yes,No,DSL,Yes,No,No,No,No,Yes,One year,Yes,Electronic check,53.13,2946.41,No
CUST-02957,Male,0,Yes,No,8,Yes,Yes,DSL,Yes,No,Yes,Yes,Yes,Yes,Month-to-month,Yes,Mailed check,68.56,510.91,No
CUST-02958,Female,0,Yes,No,10,Yes,Yes,DSL,No,Yes,Yes,No,No,No,Month-to-month,No,Bank transfer (automatic),55.14,526.57,No
CUST-02959,Male,0,No,No,51,No,No phone service,DSL,No,Yes,No,Yes,No,Yes,Two year,Yes,Credit card (automatic),64.86,3313.94,No
CUST-02960,Female,0,No,No,25,Yes,No,DSL,No,No,No,No,Yes,Yes,Month-to-month,Yes,Electronic check,60.37,1531.99,No
CUST-02961,Male,0,No,No,30,Yes,No,No,No internet service,No internet service,No internet service,No internet service,No internet service,No internet service,Month-to-month,No,Electronic check,22.48,672.1,No
CUST-02962,Female,0,Yes,No,34,Yes,Yes,DSL,No,Yes,No,No,Yes,Yes,Month-to-month,No,Bank transfer (automatic),65.02,2199.4,Yes
CUST-02963,Male,0,No,Yes,42,Yes,Yes,Fiber optic,Yes,Yes,No,No,No,Yes,Month-to-month,Yes,Credit card (automatic),89.86,3759.43,Yes
CUST-02964,Female,0,Yes,No,32,Yes,No,DSL,Yes,Yes,No,No,Yes,No,Month-to-month,Yes,Electronic check,59.23,1860.7,No
CUST-02965,Female,0,No,Yes,1,Yes,No,DSL,No,No,No,No,No,No,Month-to-month,No,Credit card (automatic),40.63,72.62,Yes
CUST-02966,Male,0,Yes,No,6,Yes,Yes,DSL,Yes,Yes,Yes,No,Yes,No,Month-to-month,No,Credit card (automatic),68.04,404.19,No
CUST-02967,Male,0,Yes,Yes,0,Yes,Yes,DSL,No,Yes,Yes,No,No,No,Month-to-month,No,Bank transfer (automatic),55.78,4.45,Yes
CUST-02968,Female,0,Yes,Yes,19,Yes,Yes,Fiber optic,Yes,No,No,No,Yes,Yes,Month-to-month,Yes,Bank transfer (automatic),81.73,1569.93,Yes
CUST-02969,Female,0,Yes,Yes,59,Yes,No,DSL,Yes,No,Yes,Yes,No,No,Month-to-month,Yes,Mailed check,58.97,3506.97,No
CUST-02970,Female,0,Yes,Yes,70,Yes,No,DSL,No,No,No,Yes,No,Yes,Month-to-month,No,Bank transfer (automatic),52.24,3652.28,No
CUST-02971,Male,0,No,No,34,Yes,No,Fiber optic,No,No,Yes,Yes,No,Yes,Month-to-month,No,Mailed check,84.27,2846.94,No
CUST-02972,Female,1,No,No,1,Yes,No,No,No internet service,No internet service,No internet service,No internet service,No internet service,No internet service,One year,No,Credit card (automatic),19.95,19.52,No
CUST-02973,Female,0,No,No,5,Yes,Yes,DSL,No,Yes,No,Yes,No,Yes,Month-to-month,No,Mailed check,65.48,324.77,No
CUST-02974,Male,0,Yes,No,59,Yes,Yes,Fiber optic,Yes,Yes,Yes,Yes,No,No,Two year,No,Bank transfer (automatic),85.53,5035.11,No
CUST-02975,Male,0,Yes,No,25,Yes,No,Fiber optic,No,Yes,Yes,Yes,No,No,One year,Yes,Electronic check,88.44,2185.75,Yes
CUST-02976,Male,0,No,No,64,Yes,Yes,Fiber optic,Yes,No,No,No,Yes,No,Month-to-month,Yes,Bank transfer (automatic),84.6,5422.18,No
CUST-02977,Female,0,Yes,No,36,Yes,No,Fiber optic,Yes,Yes,No,No,Yes,Yes,Month-to-month,Yes,Bank transfer (automatic),98.82,3584.03,No
CUST-02978,Male,0,Yes,Yes,64,Yes,No,Fiber optic,Yes,Yes,No,No,No,Yes,Month-to-month,No,Mailed check,92.6,5961.43,Yes
CUST-02979,Male,1,No,No,9,Yes,No,No,No internet service,No internet service,No internet service,No internet service,No internet service,No internet service,Month-to-month,Yes,Electronic check,23.2,193.67,No
CUST-02980,Female,0,No,Yes,62,Yes,Yes,DSL,No,No,No,No,No,No,Two year,No,Credit card (automatic),46.85,2939.87,No
CUST-02981,Male,0,Yes,Yes,39,Yes,Yes,Fiber optic,Yes,Yes,No,Yes,Yes,No,One year,Yes,Credit card (automatic),89.04,3450.55,No
CUST-02982,Female,0,No,No,31,Yes,No,Fiber optic,No,Yes,Yes,No,Yes,No,One year,Yes,Mailed check,82.57,2562.65,No
CUST-02983,Female,0,No,Yes,38,Yes,Yes,No,No internet service,No internet service,No internet service,No internet service,No internet service,No internet service,One year,Yes,Bank transfer (automatic),22.85,889.21,No
CUST-02984,Female,1,Yes,Yes,23,Yes,No,Fiber optic,Yes,Yes,Yes,Yes,Yes,Yes,Two year,No,Bank transfer (automatic),103.34,2387.87,No
CUST-02985,Female,1,No,No,44,Yes,Yes,No,No internet service,No internet service,No internet service,No internet service,No internet service,No internet service,Two year,Yes,Electronic check,23.97,1082.92,No
CUST-02986,Female,1,Yes,Yes,56,No,No phone service,Fiber optic,Yes,Yes,No,No,No,Yes,Month-to-month,No,Electronic check,86.98,4850.38,Yes
CUST-02987,Female,0,Yes,No,59,Yes,No,Fiber optic,No,Yes,Yes,Yes,No,Yes,Month-to-month,Yes,Bank transfer (automatic),85.15,5020.2,No
CUST-02988,Female,0,No,No,71,Yes,No,No,No internet service,No internet service,No internet service,No internet service,No internet service,No internet service,Month-to-month,Yes,Bank transfer (automatic),22.33,1581.37,No
CUST-02989,Male,0,No,No,30,Yes,Yes,Fiber optic,No,Yes,No,Yes,No,Yes,Month-to-month,Yes,Mailed check,86.92,2630.38,No
CUST-02990,Male,0,Yes,No,56,Yes,Yes,Fiber optic,No,No,No,Yes,No,Yes,Month-to-month,Yes,Bank transfer (automatic),78.33,4381.85,Yes
CUST-02991,Female,0,Yes,Yes,64,Yes,Yes,Fiber optic,No,No,No,Yes,No,No,Month-to-month,No,Electronic check,73.58,4713.79,No
CUST-02992,Male,0,No,No,1,Yes,No,DSL,Yes,Yes,No,No,Yes,Yes,Two year,Yes,Bank transfer (automatic),56.54,51.37,Yes
CUST-02993,Female,0,Yes,No,34,Yes,No,No,No internet service,No internet service,No internet service,No internet service,No internet service,No internet service,Month-to-month,Yes,Mailed check,18.0,619.24,No
CUST-02994,Female,1,No,Yes,51,Yes,Yes,No,No internet service,No internet service,No internet service,No internet service,No internet service,No internet service,Two year,Yes,Credit card (automatic),24.39,1228.87,No
CUST-02995,Female,0,No,No,33,Yes,No,Fiber optic,No,Yes,Yes,No,Yes,Yes,Month-to-month,No,Mailed check,87.28,2857.85,Yes
CUST-02996,Male,1,Yes,No,7,Yes,Yes,DSL,No,No,No,Yes,No,No,Month-to-month,Yes,Electronic check,47.75,324.28,Yes
CUST-02997,Male,0,No,No,47,Yes,Yes,DSL,No,No,No,No,Yes,Yes,Two year,No,Bank transfer (automatic),58.4,2726.44,No
CUST-02998,Male,0,No,No,29,Yes,Yes,DSL,No,Yes,No,Yes,Yes,Yes,Month-to-month,No,Electronic check,70.59,2043.05,Yes
CUST-02999,Female,0,No,Yes,45,No,No phone service,DSL,Yes,No,Yes,Yes,Yes,Yes,One year,No,Mailed check,67.66,3060.33,No
CUST-03000,Female,0,Yes,No,0,Yes,No,Fiber optic,No,No,Yes,No,No,Yes,Two year,No,Bank transfer (automatic),83.39,0.0,No
CUST-03001,Female,0,Yes,No,0,Yes,Yes,No,No internet service,No internet service,No internet service,No internet service,No internet service,No internet service,Month-to-month,No,Electronic check,22.22,0.0,Yes
CUST-03002,Female,0,Yes,No,44,Yes,No,Fiber optic,No,No,Yes,Yes,Yes,No,Month-to-month,Yes,Electronic check,86.9,3867.01,Yes
CUST-03003,Female,0,No,No,71,Yes,No,Fiber optic,No,No,No,Yes,Yes,No,Month-to-month,No,Credit card (automatic),79.63,5617.83,Yes
CUST-03004,Female,1,No,Yes,46,No,No phone service,No,No internet service,No internet service,No internet service,No internet service,No internet service,No internet service,Month-to-month,No,Mailed check,20.7,929.86,No
CUST-03005,Male,0,No,No,68,Yes,Yes,No,No internet service,No internet service,No internet service,No internet service,No internet service,No internet service,Two year,Yes,Mailed check,21.74,1484.36,No
CUST-03006,Female,0,No,No,61,Yes,No,Fiber optic,No,No,Yes,No,No,Yes,Two year,No,Mailed check,83.95,5088.87,No
CUST-03007,Male,0,Yes,No,20,Yes,Yes,Fiber optic,Yes,No,Yes,Yes,No,No,Month-to-month,No,Mailed check,89.12,1779.78,No
CUST-03008,Female,0,Yes,Yes,7,Yes,Yes,Fiber optic,No,No,No,Yes,Yes,Yes,One year,Yes,Credit card (automatic),85.94,635.04,No
CUST-03009,Female,0,No,No,40,Yes,Yes,Fiber optic,No,No,No,Yes,Yes,No,Two year,Yes,Mailed check,82.99,3307.08,No
CUST-03010,Male,0,No,Yes,45,Yes,No,DSL,Yes,Yes,No,Yes,No,No,Month-to-month,Yes,Electronic check,59.38,2654.19,Yes
CUST-03011,Female,0,No,No,56,Yes,No,Fiber optic,Yes,No,No,Yes,Yes,No,Month-to-month,Yes,Credit card (automatic),84.2,4682.63,Yes
CUST-03012,Male,0,Yes,No,38,Yes,Yes,Fiber optic,Yes,No,No,Yes,No,No,Two year,No,Electronic check,84.44,3191.1,No
CUST-03013,Female,0,Yes,No,67,Yes,Yes,Fiber optic,No,No,Yes,No,No,No,One year,Yes,Bank transfer (automatic),79.79,5341.12,No
CUST-03014,Male,0,No,Yes,61,Yes,Yes,No,No internet service,No internet service,No internet service,No internet service,No internet service,No internet service,Month-to-month,Yes,Mailed check,20.18,1273.67,No
CUST-03015,Male,1,Yes,Yes,42,Yes,Yes,No,No internet service,No internet service,No internet service,No internet service,No internet service,No internet service,Month-to-month,No,Electronic check,21.15,884.57,No
CUST-03016,Female,0,Yes,No,40,No,No phone service,Fiber optic,No,No,Yes,No,Yes,No,Month-to-month,Yes,Electronic check,78.64,3142.82,No
CUST-03017,Male,0,No,No,1,Yes,Yes,DSL,No,No,No,Yes,No,Yes,One year,Yes,Mailed check,57.92,56.95,No
CUST-03018,Female,0,No,Yes,57,Yes,No,DSL,Yes,Yes,Yes,Yes,No,Yes,One year,Yes,Electronic check,80.98,4598.4,No
CUST-03019,Female,0,No,No,49,Yes,No,Fiber optic,Yes,Yes,No,No,No,Yes,Month-to-month,No,Credit card (automatic),82.13,3977.16,Yes
CUST-03020,Male,0,No,Yes,65,Yes,No,No,No internet service,No internet service,No internet service,No internet service,No internet service,No internet service,One year,Yes,Credit card (automatic),22.48,1490.06,No
CUST-03021,Male,0,No,No,6,Yes,Yes,Fiber optic,Yes,No,No,Yes,Yes,Yes,Month-to-month,No,Electronic check,93.17,571.09,No
CUST-03022,Male,0,Yes,No,10,Yes,No,DSL,No,Yes,Yes,No,No,No,One year,Yes,Mailed check,50.62,528.41,No
CUST-03023,Male,0,No,Yes,48,Yes,Yes,DSL,No,No,Yes,Yes,Yes,Yes,One year,Yes,Electronic check,69.86,3357.98,No
CUST-03024,Male,0,No,No,35,Yes,Yes,DSL,Yes,No,Yes,Yes,No,Yes,Month-to-month,Yes,Electronic check,70.07,2475.63,No
CUST-03025,Female,1,Yes,No,42,Yes,No,Fiber optic,Yes,No,Yes,Yes,Yes,No,Month-to-month,Yes,Bank transfer (automatic),95.78,3991.89,No
CUST-03026,Male,0,No,No,31,Yes,Yes,Fiber optic,No,Yes,No,No,No,No,Month-to-month,No,Mailed check,74.44,2308.65,Yes
CUST-03027,Female,0,No,No,46,Yes,Yes,DSL,Yes,No,No,Yes,No,No,One year,No,Bank transfer (automatic),56.94,2629.56,No
CUST-03028,Male,1,Yes,No,48,No,No phone service,Fiber optic,No,Yes,No,Yes,Yes,No,One year,Yes,Mailed check,91.29,4408.29,No
CUST-03029,Female,0,No,Yes,13,No,No phone service,No,No internet service,No internet service,No internet service,No internet service,No internet service,No internet service,Month-to-month,Yes,Electronic check,18.53,249.21,No
CUST-03030,Female,0,No,No,55,Yes,No,Fiber optic,No,No,Yes,Yes,No,Yes,Two year,Yes,Credit card (automatic),88.3,4864.84,No
CUST-03031,Male,1,Yes,No,36,Yes,No,DSL,Yes,No,No,Yes,Yes,No,Two year,No,Bank transfer (automatic),54.78,1976.6,No
CUST-03032,Female,0,Yes,Yes,42,Yes,Yes,Fiber optic,No,Yes,Yes,Yes,Yes,Yes,Month-to-month,No,Credit card (automatic),91.29,3804.61,Yes
CUST-03033,Male,0,No,No,45,Yes,No,No,No internet service,No internet service,No internet service,No internet service,No internet service,No internet service,Month-to-month,Yes,Electronic check,19.65,872.38,No
CUST-03034,Male,0,Yes,No,54,Yes,No,DSL,No,Yes,No,No,Yes,No,Month-to-month,No,Electronic check,48.94,2632.67,No
CUST-03035,Female,0,Yes,Yes,21,Yes,No,DSL,Yes,Yes,Yes,No,No,Yes,Month-to-month,No,Mailed check,64.48,1370.74,No
CUST-03036,Female,0,No,No,0,Yes,No,Fiber optic,No,No,Yes,No,No,Yes,Two year,Yes,Credit card (automatic),79.33,10.28,No
CUST-03037,Male,0,No,Yes,13,Yes,Yes,DSL,Yes,Yes,Yes,Yes,No,Yes,One year,Yes,Credit card (automatic),69.03,927.51,No
CUST-03038,Male,0,No,No,70,Yes,No,No,No internet service,No internet service,No internet service,No internet service,No internet service,No internet service,Month-to-month,No,Bank transfer (automatic),19.41,1368.46,No
CUST-03039,Male,0,No,No,16,Yes,No,Fiber optic,No,Yes,No,No,No,No,Month-to-month,Yes,Electronic check,76.66,1222.3,Yes
CUST-03040,Male,1,No,No,18,Yes,No,DSL,No,No,Yes,Yes,Yes,No,Month-to-month,Yes,Credit card (automatic),59.67,1099.71,No
CUST-03041,Male,0,Yes,No,62,Yes,No,No,No internet service,No internet service,No internet service,No internet service,No internet service,No internet service,Month-to-month,No,Bank transfer (automatic),18.86,1144.43,No
CUST-03042,Male,0,Yes,Yes,17,Yes,Yes,Fiber optic,No,No,No,Yes,No,Yes,Month-to-month,Yes,Credit card (automatic),81.38,1377.64,No
CUST-03043,Female,0,No,No,33,Yes,Yes,Fiber optic,Yes,No,Yes,Yes,No,No,Two year,Yes,Mailed check,78.58,2574.2,No
CUST-03044,Male,0,Yes,No,27,Yes,No,DSL,Yes,Yes,No,No,Yes,No,One year,No,Credit card (automatic),63.24,1685.06,No
CUST-03045,Female,0,No,Yes,48,Yes,No,Fiber optic,No,Yes,No,No,No,No,Two year,Yes,Credit card (automatic),70.29,3352.19,No
CUST-03046,Female,1,No,No,43,Yes,Yes,No,No internet service,No internet service,No internet service,No internet service,No internet service,No internet service,Month-to-month,No,Mailed check,20.03,848.06,No
CUST-03047,Female,0,Yes,No,37,Yes,No,DSL,No,Yes,No,No,No,Yes,Month-to-month,Yes,Bank transfer (automatic),56.29,2086.54,No
CUST-03048,Male,0,No,No,36,Yes,Yes,Fiber optic,No,No,No,Yes,No,Yes,Two year,No,Credit card (automatic),79.14,2842.03,Yes
CUST-03049,Female,0,No,No,60,Yes,No,No,No internet service,No internet service,No internet service,No internet service,No internet service,No internet service,Month-to-month,No,Mailed check,18.14,1093.59,No
CUST-03050,Female,0,No,No,42,Yes,No,Fiber optic,No,Yes,No,No,No,No,Month-to-month,Yes,Bank transfer (automatic),77.62,3264.46,Yes
CUST-03051,Male,0,Yes,No,37,Yes,Yes,DSL,No,Yes,Yes,Yes,No,Yes,Two year,No,Mailed check,66.18,2401.92,No
CUST-03052,Female,0,No,No,64,Yes,Yes,DSL,No,Yes,Yes,No,Yes,No,One year,No,Bank transfer (automatic),64.97,4161.17,No
CUST-03053,Male,0,Yes,No,6,Yes,No,Fiber optic,Yes,No,Yes,Yes,No,No,Two year,No,Bank transfer (automatic),85.19,496.14,No
CUST-03054,Female,0,No,No,60,Yes,Yes,Fiber optic,No,Yes,No,No,Yes,No,Month-to-month,Yes,Electronic check,75.85,4518.15,Yes
CUST-03055,Male,1,No,No,14,Yes,Yes,DSL,Yes,Yes,No,Yes,No,Yes,One year,No,Credit card (automatic),74.05,1041.23,No
CUST-03056,Female,0,Yes,No,24,No,No phone service,DSL,No,No,Yes,No,Yes,No,Month-to-month,No,Mailed check,55.48,1332.79,No
CUST-03057,Male,0,Yes,Yes,0,Yes,Yes,Fiber optic,No,No,Yes,Yes,Yes,Yes,Month-to-month,No,Bank transfer (automatic),86.12,2.94,Yes
CUST-03058,Male,0,No,Yes,41,Yes,Yes,Fiber optic,No,Yes,Yes,No,No,No,Month-to-month,No,Credit card (automatic),82.89,3412.36,Yes
CUST-03059,Male,0,No,No,60,No,No phone service,DSL,No,Yes,No,Yes,Yes,No,Two year,Yes,Bank transfer (automatic),70.01,4186.97,No
CUST-03060,Male,1,Yes,Yes,27,Yes,No,Fiber optic,Yes,Yes,No,No,Yes,No,Month-to-month,No,Electronic check,83.98,2247.61,No
CUST-03061,Male,0,No,No,48,Yes,No,Fiber optic,Yes,No,Yes,No,Yes,Yes,One year,Yes,Credit card (automatic),89.22,4281.74,Yes
CUST-03062,Male,0,No,No,28,Yes,No,DSL,Yes,Yes,No,No,No,No,Two year,Yes,Bank transfer (automatic),55.16,1535.24,No
CUST-03063,Male,0,Yes,No,55,Yes,No,DSL,Yes,No,No,Yes,No,Yes,One year,No,Electronic check,65.13,3636.12,No
CUST-03064,Female,1,No,No,72,Yes,Yes,No,No internet service,No internet service,No internet service,No internet service,No internet service,No internet service,Month-to-month,Yes,Bank transfer (automatic),22.38,1608.17,Yes
CUST-03065,Female,0,Yes,No,52,Yes,No,No,No internet service,No internet service,No internet service,No internet service,No internet service,No internet service,One year,No,Mailed check,22.96,1193.29,No
CUST-03066,Female,0,Yes,No,24,Yes,Yes,DSL,Yes,No,Yes,Yes,No,No,Month-to-month,No,Bank transfer (automatic),57.59,1363.86,No
CUST-03067,Female,0,No,No,60,Yes,Yes,No,No internet service,No internet service,No internet service,No internet service,No internet service,No internet service,Month-to-month,No,Credit card (automatic),18.45,1085.33,No
CUST-03068,Male,0,Yes,No,2,Yes,No,Fiber optic,Yes,Yes,Yes,No,No,No,Month-to-month,No,Mailed check,92.77,151.18,Yes
CUST-03069,Male,1,No,Yes,72,Yes,No,No,No internet service,No internet service,No internet service,No internet service,No internet service,No internet service,One year,No,Credit card (automatic),18.0,1288.2,No
CUST-03070,Male,0,No,Yes,61,Yes,Yes,No,No internet service,No internet service,No internet service,No internet service,No internet service,No internet service,One year,Yes,Credit card (automatic),21.04,1277.97,No
CUST-03071,Male,0,No,No,47,Yes,Yes,Fiber optic,Yes,Yes,Yes,No,No,No,Two year,No,Electronic check,83.82,3960.07,No
CUST-03072,Male,0,Yes,Yes,45,Yes,Yes,Fiber optic,Yes,Yes,No,Yes,No,No,Month-to-month,Yes,Mailed check,86.92,3904.91,No
CUST-03073,Female,1,Yes,No,18,No,No phone service,DSL,No,Yes,Yes,Yes,No,Yes,Month-to-month,No,Mailed check,66.02,1178.69,No
CUST-03074,Female,0,No,No,31,No,No phone service,Fiber optic,Yes,Yes,No,No,No,No,Month-to-month,Yes,Mailed check,83.34,2586.64,Yes
CUST-03075,Female,0,No,No,7,Yes,Yes,Fiber optic,No,No,Yes,Yes,Yes,No,Two year,No,Electronic check,85.65,595.68,No
CUST-03076,Male,1,No,No,24,Yes,No,Fiber optic,Yes,Yes,Yes,No,Yes,No,Two year,Yes,Bank transfer (automatic),89.07,2155.0,No
CUST-03077,Female,0,Yes,Yes,43,Yes,Yes,DSL,Yes,No,Yes,Yes,No,Yes,Two year,No,Bank transfer (automatic),73.65,3193.79,No
CUST-03078,Male,1,Yes,No,26,Yes,No,No,No internet service,No internet service,No internet service,No internet service,No internet service,No internet service,Month-to-month,No,Bank transfer (automatic),18.0,465.31,No
CUST-03079,Male,0,Yes,No,56,Yes,Yes,No,No internet service,No internet service,No internet service,No internet service,No internet service,No internet service,Month-to-month,No,Bank transfer (automatic),27.46,1516.35,No
CUST-03080,Male,0,No,Yes,62,Yes,No,DSL,No,Yes,Yes,Yes,Yes,No,One year,Yes,Electronic check,58.8,3640.69,No
CUST-03081,Female,0,Yes,Yes,40,Yes,Yes,Fiber optic,Yes,Yes,Yes,Yes,Yes,Yes,Month-to-month,No,Bank transfer (automatic),103.4,4138.22,No
CUST-03082,Male,0,No,No,24,Yes,Yes,No,No internet service,No internet service,No internet service,No internet service,No internet service,No internet service,Month-to-month,No,Bank transfer (automatic),18.0,402.99,No
CUST-03083,Male,0,Yes,Yes,22,Yes,No,Fiber optic,Yes,No,Yes,No,No,Yes,Month-to-month,Yes,Credit card (automatic),89.87,1969.28,Yes
CUST-03084,Male,0,Yes,No,39,Yes,No,No,No internet service,No internet service,No internet service,No internet service,No internet service,No internet service,Month-to-month,No,Credit card (automatic),18.0,670.0,Yes
CUST-03085,Male,1,No,No,52,Yes,No,Fiber optic,No,No,No,No,Yes,Yes,Month-to-month,No,Electronic check,80.07,4169.96,Yes
CUST-03086,Male,0,No,Yes,9,Yes,Yes,DSL,No,Yes,No,No,No,No,Two year,Yes,Bank transfer (automatic),49.43,420.69,No
CUST-03087,Male,0,No,Yes,32,No,No phone service,Fiber optic,Yes,No,Yes,Yes,Yes,No,One year,Yes,Credit card (automatic),99.02,3160.12,No
CUST-03088,Male,0,Yes,Yes,32,No,No phone service,Fiber optic,Yes,No,No,Yes,No,No,One year,No,Bank transfer (automatic),86.52,2763.54,No
CUST-03089,Male,0,No,No,20,Yes,Yes,DSL,No,Yes,No,No,Yes,Yes,Month-to-month,Yes,Mailed check,58.68,1145.84,No
CUST-03090,Male,0,Yes,No,17,Yes,Yes,No,No internet service,No internet service,No internet service,No internet service,No internet service,No internet service,One year,No,Bank transfer (automatic),19.04,322.56,No
CUST-03091,Male,0,No,Yes,61,Yes,Yes,Fiber optic,Yes,No,No,No,No,Yes,Month-to-month,Yes,Electronic check,82.68,5019.9,Yes
CUST-03092,Female,0,No,No,31,Yes,Yes,Fiber optic,Yes,No,No,No,Yes,No,Month-to-month,Yes,Mailed check,82.45,2583.72,No
CUST-03093,Male,0,Yes,No,42,Yes,No,Fiber optic,No,No,Yes,Yes,No,Yes,Month-to-month,No,Credit card (automatic),90.11,3809.37,No
CUST-03094,Female,0,No,No,2,Yes,No,Fiber optic,No,No,Yes,No,No,No,Month-to-month,Yes,Mailed check,74.75,171.17,Yes
CUST-03095,Female,0,Yes,Yes,20,Yes,Yes,Fiber optic,No,No,No,No,No,No,Two year,Yes,Credit card (automatic),71.83,1437.72,No
CUST-03096,Male,1,Yes,Yes,16,Yes,Yes,Fiber optic,Yes,Yes,Yes,No,Yes,Yes,Two year,Yes,Credit card (automatic),96.62,1550.89,No
CUST-03097,Male,0,Yes,No,23,Yes,No,DSL,No,Yes,No,Yes,Yes,Yes,Month-to-month,No,Credit card (automatic),67.91,1556.59,No
CUST-03098,Male,0,Yes,No,61,Yes,No,No,No internet service,No internet service,No internet service,No internet service,No internet service,No internet service,One year,Yes,Electronic check,18.09,1112.42,No
CUST-03099,Male,0,No,No,41,Yes,No,No,No internet service,No internet service,No internet service,No internet service,No internet service,No internet service,Month-to-month,Yes,Credit card (automatic),18.06,771.41,No
CUST-03100,Male,0,No,Yes,65,Yes,Yes,Fiber optic,No,No,No,Yes,No,No,Month-to-month,Yes,Electronic check,74.66,4831.52,Yes
CUST-03101,Male,0,No,Yes,30,Yes,Yes,Fiber optic,No,Yes,Yes,No,No,Yes,One year,No,Mailed check,81.49,2451.71,No
CUST-03102,Male,1,No,No,56,Yes,No,No,No internet service,No internet service,No internet service,No internet service,No internet service,No internet service,One year,Yes,Electronic check,22.59,1228.99,No
CUST-03103,Male,1,No,Yes,11,Yes,No,DSL,Yes,No,Yes,Yes,Yes,Yes,One year,Yes,Mailed check,75.97,825.63,No
CUST-03104,Female,0,Yes,No,59,Yes,Yes,DSL,Yes,Yes,No,Yes,No,Yes,Month-to-month,Yes,Bank transfer (automatic),65.54,3863.82,No
CUST-03105,Male,0,Yes,No,44,Yes,Yes,DSL,Yes,No,Yes,Yes,No,Yes,Month-to-month,No,Mailed check,68.45,3016.36,No
CUST-03106,Female,0,Yes,Yes,2,Yes,No,Fiber optic,No,Yes,No,Yes,Yes,Yes,Month-to-month,Yes,Electronic check,98.91,209.56,Yes
CUST-03107,Male,0,No,No,50,Yes,No,DSL,No,No,Yes,No,Yes,Yes,Month-to-month,No,Electronic check,71.33,3590.9,Yes
CUST-03108,Female,0,No,Yes,34,Yes,Yes,Fiber optic,Yes,No,Yes,Yes,Yes,No,Month-to-month,No,Electronic check,93.08,3134.92,No
CUST-03109,Male,0,No,No,0,Yes,Yes,Fiber optic,No,Yes,Yes,Yes,Yes,Yes,Month-to-month,No,Credit card (automatic),101.47,15.61,Yes
CUST-03110,Female,0,Yes,Yes,61,No,No phone service,DSL,No,No,No,Yes,Yes,Yes,Month-to-month,No,Credit card (automatic),62.88,3869.97,Yes
CUST-03111,Female,0,Yes,No,39,Yes,Yes,Fiber optic,No,No,No,No,No,Yes,Month-to-month,No,Bank transfer (automatic),74.37,2891.17,Yes
CUST-03112,Male,0,No,No,44,Yes,Yes,DSL,Yes,No,No,No,No,No,One year,Yes,Credit card (automatic),52.28,2288.56,No
CUST-03113,Female,0,Yes,Yes,42,Yes,Yes,Fiber optic,Yes,No,No,No,Yes,Yes,Month-to-month,No,Mailed check,85.44,3590.88,No
CUST-03114,Male,0,No,No,6,Yes,Yes,DSL,No,No,Yes,Yes,Yes,No,Month-to-month,No,Credit card (automatic),59.39,353.32,No
CUST-03115,Male,0,Yes,No,24,Yes,No,DSL,Yes,Yes,No,Yes,No,Yes,Two year,Yes,Credit card (automatic),70.17,1679.72,No
CUST-03116,Female,0,Yes,No,51,Yes,Yes,DSL,No,No,No,No,Yes,Yes,Two year,Yes,Mailed check,57.73,2972.93,No
CUST-03117,Female,0,No,Yes,24,Yes,Yes,Fiber optic,Yes,Yes,No,Yes,Yes,No,Month-to-month,Yes,Bank transfer (automatic),98.46,2410.58,No
CUST-03118,Male,0,No,Yes,64,Yes,No,DSL,No,No,Yes,No,No,No,Month-to-month,No,Credit card (automatic),51.71,3302.93,Yes
CUST-03119,Female,0,No,No,23,Yes,No,Fiber optic,Yes,No,Yes,No,Yes,Yes,Month-to-month,Yes,Mailed check,90.9,2136.94,No
CUST-03120,Female,0,No,No,33,Yes,No,No,No internet service,No internet service,No internet service,No internet service,No internet service,No internet service,Two year,Yes,Electronic check,22.77,744.3,No
CUST-03121,Female,0,Yes,No,32,Yes,Yes,Fiber optic,No,No,Yes,No,No,Yes,Month-to-month,Yes,Credit card (automatic),78.97,2542.17,Yes
CUST-03122,Male,0,No,No,1,Yes,No,DSL,No,No,Yes,Yes,No,No,Month-to-month,Yes,Mailed check,56.39,35.47,No
CUST-03123,Female,0,No,No,59,Yes,Yes,Fiber optic,No,Yes,No,No,No,No,One year,Yes,Bank transfer (automatic),79.24,4657.49,No
CUST-03124,Male,0,No,Yes,9,Yes,Yes,DSL,No,No,Yes,Yes,Yes,No,One year,Yes,Electronic check,64.76,576.33,No
CUST-03125,Female,0,No,No,34,Yes,No,No,No internet service,No internet service,No internet service,No internet service,No internet service,No internet service,Month-to-month,Yes,Bank transfer (automatic),19.91,693.57,No
CUST-03126,Female,0,Yes,No,66,No,No phone service,Fiber optic,No,Yes,No,No,Yes,Yes,Month-to-month,Yes,Credit card (automatic),83.87,5539.57,No
CUST-03127,Female,0,Yes,No,72,Yes,Yes,Fiber optic,Yes,Yes,Yes,No,Yes,No,Month-to-month,No,Electronic check,89.94,6442.79,Yes
CUST-03128,Female,0,No,No,16,Yes,Yes,DSL,No,Yes,No,Yes,No,No,Month-to-month,No,Mailed check,64.1,998.93,Yes
CUST-03129,Female,0,No,No,27,Yes,Yes,Fiber optic,No,No,Yes,Yes,No,Yes,Month-to-month,No,Bank transfer (automatic),81.4,2163.23,Yes
CUST-03130,Male,0,Yes,No,41,Yes,Yes,Fiber optic,No,No,No,No,Yes,No,Two year,No,Bank transfer (automatic),76.29,3134.23,No
CUST-03131,Male,0,Yes,No,51,Yes,Yes,DSL,Yes,No,Yes,Yes,Yes,No,One year,Yes,Mailed check,68.1,3476.04,No
CUST-03132,Female,0,No,Yes,18,Yes,Yes,Fiber optic,Yes,Yes,No,No,Yes,Yes,One year,Yes,Mailed check,92.36,1665.04,Yes
CUST-03133,Male,0,No,No,40,Yes,No,DSL,Yes,Yes,Yes,Yes,Yes,Yes,One year,Yes,Bank transfer (automatic),69.6,2786.34,No
CUST-03134,Female,0,No,No,60,Yes,No,No,No internet service,No internet service,No internet service,No internet service,No internet service,No internet service,Month-to-month,Yes,Mailed check,22.27,1321.02,No
CUST-03135,Male,0,Yes,No,55,Yes,Yes,No,No internet service,No internet service,No internet service,No internet service,No internet service,No internet service,Month-to-month,No,Electronic check,21.23,1171.02,No
CUST-03136,Female,0,No,No,60,Yes,No,DSL,No,Yes,No,No,Yes,No,One year,Yes,Electronic check,48.51,2939.25,Yes
CUST-03137,Male,0,No,Yes,64,Yes,Yes,DSL,No,No,No,No,No,Yes,Month-to-month,Yes,Mailed check,43.91,2821.6,No
CUST-03138,Male,0,No,No,62,Yes,Yes,Fiber optic,Yes,Yes,Yes,Yes,No,No,Month-to-month,Yes,Bank transfer (automatic),92.65,5720.88,No
CUST-03139,Male,0,Yes,No,37,Yes,No,No,No internet service,No internet service,No internet service,No internet service,No internet service,No internet service,Month-to-month,Yes,Electronic check,18.0,659.29,Yes
CUST-03140,Male,0,No,Yes,71,Yes,Yes,DSL,No,No,No,No,No,Yes,One year,No,Credit card (automatic),52.84,3739.06,No
CUST-03141,Male,0,No,No,36,Yes,No,DSL,Yes,Yes,No,No,Yes,Yes,One year,No,Credit card (automatic),63.96,2320.18,No
CUST-03142,Male,0,No,No,51,Yes,No,Fiber optic,Yes,No,No,No,Yes,No,Month-to-month,No,Electronic check,84.26,4276.1,Yes
CUST-03143,Female,0,No,Yes,68,Yes,Yes,DSL,Yes,Yes,No,Yes,Yes,Yes,Month-to-month,Yes,Mailed check,67.03,4561.66,No
CUST-03144,Female,0,No,No,3,Yes,Yes,DSL,No,No,Yes,No,Yes,No,Two year,Yes,Mailed check,55.45,159.47,No
CUST-03145,Female,0,Yes,Yes,68,Yes,No,Fiber optic,No,No,No,No,Yes,Yes,Month-to-month,No,Electronic check,80.73,5474.06,No
CUST-03146,Female,0,No,No,59,Yes,Yes,Fiber optic,Yes,No,Yes,No,No,No,Month-to-month,Yes,Bank transfer (automatic),81.76,4827.97,No
CUST-03147,Female,0,No,No,72,Yes,Yes,Fiber optic,Yes,No,Yes,No,Yes,Yes,One year,Yes,Bank transfer (automatic),95.57,6876.59,No
CUST-03148,Female,0,Yes,No,56,Yes,No,DSL,No,Yes,Yes,No,Yes,Yes,One year,No,Bank transfer (automatic),68.05,3825.67,No
CUST-03149,Male,0,Yes,Yes,11,Yes,Yes,Fiber optic,No,No,Yes,No,Yes,Yes,Month-to-month,Yes,Credit card (automatic),94.12,1025.55,Yes
CUST-03150,Female,1,No,No,22,Yes,Yes,Fiber optic,No,No,No,Yes,Yes,No,Month-to-month,Yes,Bank transfer (automatic),83.73,1818.39,No
CUST-03151,Male,0,Yes,No,0,Yes,Yes,Fiber optic,Yes,Yes,Yes,No,Yes,Yes,Two year,No,Credit card (automatic),94.76,0.0,No
CUST-03152,Male,0,No,No,44,Yes,No,No,No internet service,No internet service,No internet service,No internet service,No internet service,No internet service,Month-to-month,No,Credit card (automatic),18.22,806.68,Yes
CUST-03153,Female,0,Yes,No,31,Yes,Yes,DSL,No,Yes,No,Yes,Yes,No,Two year,Yes,Credit card (automatic),63.06,1967.07,No
CUST-03154,Male,0,Yes,Yes,34,Yes,No,Fiber optic,Yes,No,Yes,Yes,Yes,No,One year,No,Bank transfer (automatic),96.14,3265.03,No
CUST-03155,Female,0,Yes,No,53,Yes,Yes,No,No internet service,No internet service,No internet service,No internet service,No internet service,No internet service,Two year,Yes,Credit card (automatic),19.7,1060.96,No
CUST-03156,Female,1,No,Yes,59,Yes,No,DSL,Yes,No,Yes,No,Yes,Yes,Month-to-month,No,Mailed check,60.15,3522.02,No
CUST-03157,Female,0,No,No,5,Yes,Yes,No,No internet service,No internet service,No internet service,No internet service,No internet service,No internet service,Month-to-month,Yes,Credit card (automatic),22.69,133.04,No
CUST-03158,Female,0,Yes,No,66,Yes,Yes,Fiber optic,No,No,No,No,No,No,Month-to-month,No,Bank transfer (automatic),72.75,4812.88,Yes
CUST-03159,Female,0,Yes,No,27,Yes,Yes,DSL,Yes,Yes,Yes,Yes,Yes,Yes,Month-to-month,No,Mailed check,68.13,1830.64,No
CUST-03160,Male,0,Yes,No,54,Yes,Yes,DSL,Yes,Yes,No,No,No,Yes,Month-to-month,Yes,Electronic check,60.7,3298.76,Yes
CUST-03161,Female,0,No,No,42,Yes,Yes,DSL,Yes,No,Yes,Yes,No,Yes,Month-to-month,Yes,Mailed check,63.99,2693.8,No
CUST-03162,Male,0,No,No,32,Yes,No,No,No internet service,No internet service,No internet service,No internet service,No internet service,No internet service,Month-to-month,Yes,Mailed check,25.1,828.75,No
CUST-03163,Male,0,No,No,15,Yes,Yes,No,No internet service,No internet service,No internet service,No internet service,No internet service,No internet service,One year,Yes,Electronic check,19.5,276.96,No
CUST-03164,Male,0,Yes,Yes,13,Yes,Yes,Fiber optic,No,Yes,Yes,Yes,No,No,Month-to-month,Yes,Bank transfer (automatic),83.17,1067.56,Yes
CUST-03165,Male,0,No,No,53,Yes,Yes,DSL,Yes,Yes,Yes,No,Yes,Yes,Month-to-month,Yes,Credit card (automatic),74.09,3937.76,No
CUST-03166,Female,0,Yes,No,23,Yes,Yes,Fiber optic,Yes,No,No,No,No,No,Month-to-month,No,Mailed check,77.85,1791.9,No
CUST-03167,Male,1,Yes,No,16,Yes,Yes,Fiber optic,Yes,No,No,Yes,Yes,Yes,One year,No,Credit card (automatic),97.09,1524.65,No
CUST-03168,Female,0,Yes,Yes,0,Yes,No,DSL,No,No,Yes,No,Yes,Yes,Month-to-month,Yes,Mailed check,63.76,37.4,Yes
CUST-03169,Female,0,Yes,No,61,No,No phone service,DSL,Yes,No,Yes,Yes,Yes,Yes,One year,Yes,Mailed check,73.05,4491.09,No
CUST-03170,Female,0,Yes,No,28,Yes,No,Fiber optic,Yes,Yes,No,No,Yes,No,Month-to-month,Yes,Credit card (automatic),88.66,2486.31,Yes
CUST-03171,Female,1,No,Yes,25,Yes,Yes,Fiber optic,No,No,No,Yes,No,Yes,One year,Yes,Bank transfer (automatic),78.39,1946.01,No
CUST-03172,Male,0,Yes,No,27,Yes,No,Fiber optic,Yes,No,No,No,No,Yes,One year,Yes,Bank transfer (automatic),85.91,2306.28,No
CUST-03173,Male,0,No,No,43,Yes,Yes,Fiber optic,No,No,No,Yes,No,No,Month-to-month,Yes,Electronic check,75.49,3253.81,Yes
CUST-03174,Female,0,No,Yes,35,Yes,Yes,DSL,Yes,No,No,No,No,No,One year,Yes,Bank transfer (automatic),48.27,1718.18,No
CUST-03175,Female,1,No,Yes,39,Yes,Yes,DSL,No,Yes,Yes,Yes,No,No,Two year,Yes,Credit card (automatic),59.57,2376.13,No
CUST-03176,Female,0,No,No,20,Yes,Yes,Fiber optic,Yes,Yes,No,No,No,Yes,Month-to-month,Yes,Electronic check,89.78,1789.57,Yes
CUST-03177,Male,0,No,Yes,21,Yes,No,Fiber optic,Yes,No,Yes,Yes,No,Yes,Month-to-month,No,Electronic check,91.26,1909.34,No
CUST-03178,Male,0,Yes,No,62,Yes,Yes,DSL,No,No,Yes,No,Yes,Yes,Two year,No,Credit card (automatic),61.77,3826.43,No
CUST-03179,Male,0,Yes,No,32,Yes,No,No,No internet service,No internet service,No internet service,No internet service,No internet service,No internet service,Two year,Yes,Bank transfer (automatic),22.68,733.93,No
CUST-03180,Male,1,No,No,71,Yes,No,Fiber optic,No,Yes,Yes,No,Yes,No,One year,Yes,Electronic check,91.6,6486.51,Yes
CUST-03181,Male,0,No,No,61,Yes,No,DSL,No,No,No,Yes,No,Yes,Month-to-month,Yes,Bank transfer (automatic),60.0,3632.75,No
CUST-03182,Female,0,No,Yes,51,Yes,No,DSL,Yes,No,Yes,Yes,Yes,Yes,Month-to-month,Yes,Electronic check,64.55,3287.39,Yes
CUST-03183,Male,0,No,No,40,Yes,Yes,No,No internet service,No internet service,No internet service,No internet service,No internet service,No internet service,Two year,No,Mailed check,22.9,922.2,No
CUST-03184,Female,0,No,Yes,61,Yes,No,Fiber optic,Yes,Yes,Yes,Yes,Yes,Yes,One year,Yes,Electronic check,94.95,5826.24,Yes
CUST-03185,Female,0,No,Yes,4,Yes,No,DSL,Yes,No,Yes,No,Yes,Yes,Month-to-month,Yes,Credit card (automatic),71.56,264.65,No
CUST-03186,Female,0,No,No,36,Yes,Yes,Fiber optic,Yes,Yes,Yes,Yes,Yes,Yes,Month-to-month,No,Mailed check,102.7,3719.79,Yes
CUST-03187,Male,0,No,No,52,No,No phone service,DSL,No,Yes,Yes,Yes,No,Yes,One year,Yes,Mailed check,62.04,3224.04,No
CUST-03188,Male,0,No,Yes,7,Yes,Yes,No,No internet service,No internet service,No internet service,No internet service,No internet service,No internet service,One year,Yes,Electronic check,18.0,121.12,No
CUST-03189,Female,1,No,No,13,Yes,No,No,No internet service,No internet service,No internet service,No internet service,No internet service,No internet service,Two year,No,Bank transfer (automatic),18.0,202.96,No
CUST-03190,Male,0,No,Yes,4,Yes,No,No,No internet service,No internet service,No internet service,No internet service,No internet service,No internet service,Month-to-month,Yes,Bank transfer (automatic),18.0,79.84,No
CUST-03191,Female,0,No,Yes,35,Yes,No,Fiber optic,Yes,Yes,Yes,Yes,No,No,Month-to-month,No,Electronic check,86.14,3020.4,No
CUST-03192,Female,0,Yes,No,39,Yes,No,Fiber optic,No,No,No,Yes,Yes,Yes,Month-to-month,Yes,Credit card (automatic),86.39,3414.57,Yes
CUST-03193,Male,1,Yes,No,34,Yes,Yes,DSL,Yes,No,No,Yes,Yes,Yes,Month-to-month,No,Mailed check,73.43,2491.46,No
CUST-03194,Female,0,No,No,4,No,No phone service,No,No internet service,No internet service,No internet service,No internet service,No internet service,No internet service,Month-to-month,Yes,Mailed check,23.51,125.11,Yes
CUST-03195,Male,0,Yes,No,35,Yes,No,DSL,Yes,Yes,No,Yes,Yes,No,Month-to-month,Yes,Electronic check,67.9,2370.4,No
CUST-03196,Male,0,Yes,No,64,Yes,Yes,DSL,Yes,No,Yes,Yes,No,Yes,Month-to-month,Yes,Electronic check,74.86,4784.21,No
CUST-03197,Female,1,No,Yes,2,Yes,Yes,No,No internet service,No internet service,No internet service,No internet service,No internet service,No internet service,Month-to-month,No,Bank transfer (automatic),18.0,2.39,Yes
CUST-03198,Female,1,No,No,56,Yes,No,No,No internet service,No internet service,No internet service,No internet service,No internet service,No internet service,Two year,No,Electronic check,23.34,1330.04,No
CUST-03199,Male,0,No,Yes,19,Yes,No,Fiber optic,No,Yes,No,Yes,Yes,Yes,Month-to-month,Yes,Bank transfer (automatic),98.54,1875.02,No
CUST-03200,Female,0,No,No,5,Yes,Yes,Fiber optic,No,Yes,No,No,Yes,Yes,Month-to-month,No,Credit card (automatic),83.55,417.65,Yes
CUST-03201,Female,0,Yes,No,3,Yes,Yes,DSL,No,Yes,Yes,No,Yes,No,One year,No,Electronic check,68.15,198.65,Yes
CUST-03202,Female,0,Yes,No,0,Yes,Yes,Fiber optic,Yes,No,Yes,Yes,No,No,Month-to-month,No,Mailed check,86.57,4.71,Yes
CUST-03203,Male,0,No,No,30,Yes,Yes,DSL,No,Yes,No,No,Yes,No,Month-to-month,No,Credit card (automatic),54.76,1628.58,No
CUST-03204,Male,0,Yes,No,36,Yes,Yes,DSL,Yes,Yes,Yes,No,No,No,Two year,Yes,Mailed check,67.32,2432.51,No
CUST-03205,Female,0,No,Yes,45,Yes,No,Fiber optic,No,No,No,No,Yes,Yes,One year,Yes,Mailed check,79.16,3543.11,No
CUST-03206,Female,1,No,No,5,Yes,Yes,No,No internet service,No internet service,No internet service,No internet service,No internet service,No internet service,Month-to-month,Yes,Credit card (automatic),18.0,87.32,Yes
CUST-03207,Female,0,No,No,47,Yes,Yes,No,No internet service,No internet service,No internet service,No internet service,No internet service,No internet service,Two year,Yes,Bank transfer (automatic),18.41,875.22,No
CUST-03208,Male,0,No,No,54,No,No phone service,No,No internet service,No internet service,No internet service,No internet service,No internet service,No internet service,Two year,Yes,Bank transfer (automatic),23.2,1280.95,No
CUST-03209,Male,0,No,Yes,4,Yes,No,No,No internet service,No internet service,No internet service,No internet service,No internet service,No internet service,Two year,Yes,Credit card (automatic),18.0,76.2,No
CUST-03210,Female,0,No,No,49,Yes,No,DSL,Yes,No,Yes,Yes,No,No,Month-to-month,Yes,Bank transfer (automatic),61.22,3025.71,No
CUST-03211,Male,0,Yes,No,8,Yes,Yes,DSL,Yes,No,No,No,Yes,No,One year,Yes,Credit card (automatic),55.13,440.79,No
CUST-03212,Male,1,No,No,32,Yes,No,Fiber optic,Yes,No,No,No,Yes,No,Month-to-month,Yes,Bank transfer (automatic),91.1,2896.5,No
CUST-03213,Female,0,Yes,No,48,Yes,Yes,DSL,Yes,Yes,No,No,Yes,Yes,Month-to-month,No,Bank transfer (automatic),68.33,3321.47,No
CUST-03214,Female,0,No,No,63,Yes,Yes,Fiber optic,No,Yes,No,Yes,Yes,Yes,Month-to-month,Yes,Bank transfer (automatic),83.06,5230.47,Yes
CUST-03215,Male,0,Yes,No,38,Yes,Yes,Fiber optic,Yes,No,Yes,Yes,No,No,Two year,Yes,Electronic check,80.49,3077.56,No
CUST-03216,Male,0,No,Yes,31,Yes,Yes,No,No internet service,No internet service,No internet service,No internet service,No internet service,No internet service,Month-to-month,No,Electronic check,18.1,548.68,No
CUST-03217,Male,1,No,No,60,Yes,No,Fiber optic,No,Yes,Yes,No,Yes,No,Two year,Yes,Bank transfer (automatic),82.8,4978.41,No
CUST-03218,Female,0,Yes,No,15,Yes,Yes,Fiber optic,No,Yes,Yes,Yes,No,No,Two year,Yes,Bank transfer (automatic),82.77,1248.44,No
CUST-03219,Male,0,No,No,14,Yes,No,Fiber optic,No,No,No,No,Yes,No,Month-to-month,No,Credit card (automatic),77.61,1086.54,No
CUST-03220,Female,0,Yes,No,34,Yes,No,Fiber optic,Yes,No,Yes,No,No,No,Month-to-month,No,Credit card (automatic),80.08,2763.3,Yes
CUST-03221,Male,0,Yes,Yes,8,No,No phone service,DSL,Yes,Yes,Yes,No,Yes,No,Two year,No,Bank transfer (automatic),65.91,535.86,No
CUST-03222,Female,0,Yes,No,1,Yes,No,Fiber optic,Yes,No,Yes,Yes,No,No,Month-to-month,Yes,Electronic check,83.8,76.38,Yes
CUST-03223,Female,1,Yes,No,26,Yes,No,Fiber optic,No,Yes,No,No,Yes,Yes,One year,No,Bank transfer (automatic),86.68,2285.16,No
CUST-03224,Female,0,No,No,11,Yes,No,DSL,Yes,No,No,Yes,Yes,Yes,Month-to-month,Yes,Bank transfer (automatic),72.81,764.68,Yes
CUST-03225,Female,1,No,Yes,46,Yes,Yes,Fiber optic,No,No,Yes,No,Yes,Yes,Month-to-month,Yes,Credit card (automatic),84.82,3872.56,Yes
CUST-03226,Female,0,No,No,40,No,No phone service,No,No internet service,No internet service,No internet service,No internet service,No internet service,No internet service,Month-to-month,No,Bank transfer (automatic),22.17,904.4,No
CUST-03227,Male,0,No,No,35,Yes,Yes,DSL,Yes,Yes,Yes,No,No,Yes,Month-to-month,Yes,Bank transfer (automatic),59.46,2085.63,Yes
CUST-03228,Female,1,No,No,36,Yes,No,Fiber optic,Yes,Yes,No,Yes,No,Yes,Two year,No,Electronic check,96.16,3450.83,No
CUST-03229,Female,0,No,No,7,Yes,No,DSL,No,No,No,No,No,No,Month-to-month,No,Credit card (automatic),41.57,298.83,Yes
CUST-03230,Female,0,No,No,29,Yes,No,Fiber optic,Yes,No,No,Yes,No,Yes,Month-to-month,Yes,Mailed check,91.74,2681.79,Yes
CUST-03231,Male,1,Yes,No,5,No,No phone service,No,No internet service,No internet service,No internet service,No internet service,No internet service,No internet service,One year,Yes,Credit card (automatic),23.68,97.27,No
CUST-03232,Female,0,No,Yes,25,No,No phone service,DSL,Yes,Yes,No,No,No,Yes,Two year,No,Electronic check,55.42,1383.75,No
CUST-03233,Male,1,No,No,49,Yes,No,No,No internet service,No internet service,No internet service,No internet service,No internet service,No internet service,Month-to-month,No,Credit card (automatic),19.78,969.99,Yes
CUST-03234,Female,0,Yes,No,72,Yes,Yes,No,No internet service,No internet service,No internet service,No internet service,No internet service,No internet service,One year,Yes,Mailed check,19.77,1429.57,No
CUST-03235,Female,1,Yes,No,21,Yes,Yes,DSL,Yes,Yes,Yes,No,Yes,Yes,Month-to-month,No,Electronic check,72.3,1531.18,No
CUST-03236,Male,0,Yes,No,19,Yes,No,Fiber optic,No,No,Yes,No,Yes,Yes,Two year,Yes,Credit card (automatic),81.3,1505.34,No
CUST-03237,Female,0,Yes,No,48,Yes,No,No,No internet service,No internet service,No internet service,No internet service,No internet service,No internet service,One year,No,Credit card (automatic),18.23,885.76,No
CUST-03238,Female,1,No,Yes,67,No,No phone service,No,No internet service,No internet service,No internet service,No internet service,No internet service,No internet service,Two year,Yes,Credit card (automatic),20.54,1338.01,No
CUST-03239,Male,0,Yes,No,21,Yes,No,Fiber optic,Yes,No,Yes,Yes,No,Yes,One year,No,Credit card (automatic),99.62,2091.28,No
CUST-03240,Male,0,No,No,61,Yes,No,DSL,Yes,No,Yes,Yes,Yes,No,Two year,Yes,Bank transfer (automatic),72.12,4378.21,No
CUST-03241,Male,0,No,No,22,Yes,No,DSL,Yes,Yes,No,No,No,No,Month-to-month,Yes,Bank transfer (automatic),58.78,1297.09,No
CUST-03242,Female,0,Yes,No,46,Yes,Yes,DSL,Yes,No,No,Yes,No,No,One year,No,Electronic check,57.84,2673.95,No
CUST-03243,Female,1,No,No,15,Yes,No,Fiber optic,No,Yes,No,Yes,No,No,One year,No,Mailed check,77.92,1169.94,No
CUST-03244,Female,0,No,Yes,19,Yes,No,Fiber optic,Yes,No,Yes,No,Yes,Yes,Month-to-month,Yes,Mailed check,87.96,1658.18,Yes
CUST-03245,Female,0,No,Yes,71,Yes,Yes,Fiber optic,Yes,Yes,Yes,Yes,Yes,No,Two year,Yes,Mailed check,95.34,6742.82,No
CUST-03246,Female,0,No,No,28,Yes,Yes,No,No internet service,No internet service,No internet service,No internet service,No internet service,No internet service,One year,No,Mailed check,18.0,503.26,No
CUST-03247,Male,1,No,No,1,No,No phone service,DSL,Yes,No,Yes,No,No,Yes,Two year,Yes,Bank transfer (automatic),56.3,48.16,No
CUST-03248,Male,1,Yes,No,56,Yes,No,No,No internet service,No internet service,No internet service,No internet service,No internet service,No internet service,Month-to-month,Yes,Bank transfer (automatic),18.0,1014.73,No
CUST-03249,Male,1,Yes,No,9,No,No phone service,DSL,No,Yes,Yes,No,Yes,No,Two year,Yes,Bank transfer (automatic),69.32,615.27,No
CUST-03250,Male,0,Yes,Yes,8,Yes,Yes,DSL,Yes,Yes,Yes,Yes,No,Yes,Month-to-month,Yes,Mailed check,75.57,632.6,No
CUST-03251,Female,0,Yes,No,61,Yes,Yes,No,No internet service,No internet service,No internet service,No internet service,No internet service,No internet service,Two year,No,Credit card (automatic),18.04,1101.37,No
CUST-03252,Male,0,No,No,25,Yes,No,DSL,Yes,No,Yes,No,No,No,Month-to-month,Yes,Bank transfer (automatic),57.26,1449.89,No
CUST-03253,Male,0,Yes,No,10,Yes,Yes,DSL,Yes,No,No,No,Yes,No,One year,Yes,Mailed check,59.96,589.62,No
CUST-03254,Male,0,No,No,71,Yes,Yes,No,No internet service,No internet service,No internet service,No internet service,No internet service,No internet service,Month-to-month,No,Credit card (automatic),18.0,1292.7,No
CUST-03255,Male,0,Yes,Yes,20,No,No phone service,No,No internet service,No internet service,No internet service,No internet service,No internet service,No internet service,One year,Yes,Mailed check,21.12,434.88,No
CUST-03256,Male,0,No,Yes,46,Yes,No,No,No internet service,No internet service,No internet service,No internet service,No internet service,No internet service,Month-to-month,Yes,Credit card (automatic),24.06,1093.15,Yes
CUST-03257,Male,0,No,Yes,19,Yes,No,DSL,Yes,No,No,No,Yes,No,Two year,Yes,Bank transfer (automatic),53.16,980.09,No
CUST-03258,Female,0,No,No,42,Yes,Yes,DSL,No,Yes,Yes,Yes,Yes,Yes,Two year,No,Credit card (automatic),68.44,2899.85,No
CUST-03259,Male,0,No,Yes,50,Yes,No,DSL,Yes,Yes,No,No,No,Yes,Month-to-month,No,Credit card (automatic),69.02,3442.6,Yes
CUST-03260,Male,0,Yes,Yes,55,Yes,No,DSL,No,No,No,Yes,Yes,No,Two year,Yes,Electronic check,57.64,3157.28,No
CUST-03261,Male,1,No,No,30,Yes,No,No,No internet service,No internet service,No internet service,No internet service,No internet service,No internet service,One year,No,Mailed check,18.37,545.09,No
CUST-03262,Female,0,Yes,No,44,Yes,Yes,DSL,Yes,Yes,No,No,No,Yes,Month-to-month,Yes,Mailed check,58.41,2551.11,Yes
CUST-03263,Female,1,No,No,61,Yes,No,Fiber optic,Yes,Yes,No,Yes,No,No,Month-to-month,No,Mailed check,92.17,5634.97,Yes
CUST-03264,Female,0,No,No,61,Yes,No,DSL,Yes,Yes,No,Yes,No,No,Month-to-month,Yes,Electronic check,63.78,3890.4,No
CUST-03265,Female,0,Yes,Yes,54,Yes,No,Fiber optic,Yes,No,Yes,No,No,No,Month-to-month,Yes,Credit card (automatic),83.71,4521.39,Yes
CUST-03266,Female,0,Yes,Yes,29,Yes,No,DSL,Yes,No,No,No,Yes,Yes,Month-to-month,No,Electronic check,61.65,1810.62,No
CUST-03267,Female,0,Yes,No,38,Yes,Yes,DSL,No,Yes,No,No,Yes,No,Month-to-month,Yes,Mailed check,55.06,2094.28,No
CUST-03268,Male,0,No,No,70,Yes,No,DSL,Yes,Yes,No,Yes,No,Yes,Month-to-month,Yes,Credit card (automatic),74.56,5250.71,No
CUST-03269,Female,0,No,No,18,Yes,Yes,No,No internet service,No internet service,No internet service,No internet service,No internet service,No internet service,Two year,No,Mailed check,18.87,339.26,No
CUST-03270,Male,0,Yes,No,50,No,No phone service,Fiber optic,Yes,No,Yes,Yes,No,No,Month-to-month,Yes,Mailed check,90.48,4493.88,No
CUST-03271,Male,1,Yes,Yes,57,Yes,Yes,Fiber optic,No,No,Yes,Yes,No,Yes,Two year,No,Credit card (automatic),82.67,4694.46,No
CUST-03272,Female,0,Yes,No,35,Yes,No,DSL,No,Yes,Yes,Yes,Yes,No,Two year,Yes,Bank transfer (automatic),67.02,2331.15,No
CUST-03273,Male,0,No,Yes,63,Yes,No,Fiber optic,Yes,Yes,No,No,Yes,Yes,One year,Yes,Credit card (automatic),100.85,6355.81,Yes
CUST-03274,Male,0,Yes,No,31,Yes,Yes,Fiber optic,Yes,No,Yes,No,No,Yes,Month-to-month,Yes,Mailed check,83.65,2623.59,Yes
CUST-03275,Female,0,Yes,No,61,Yes,No,Fiber optic,Yes,Yes,Yes,Yes,Yes,No,Month-to-month,Yes,Electronic check,107.82,6580.79,Yes
CUST-03276,Male,0,No,Yes,47,Yes,No,Fiber optic,No,Yes,No,No,No,Yes,Two year,Yes,Mailed check,78.65,3691.98,No
CUST-03277,Male,0,Yes,No,3,No,No phone service,No,No internet service,No internet service,No internet service,No internet service,No internet service,No internet service,One year,Yes,Credit card (automatic),22.59,61.71,No
CUST-03278,Female,0,No,No,60,Yes,Yes,No,No internet service,No internet service,No internet service,No internet service,No internet service,No internet service,Two year,No,Bank transfer (automatic),21.21,1283.51,No
CUST-03279,Female,0,No,No,50,Yes,No,No,No internet service,No internet service,No internet service,No internet service,No internet service,No internet service,Month-to-month,No,Credit card (automatic),18.47,931.81,Yes
CUST-03280,Male,1,Yes,Yes,16,Yes,No,Fiber optic,No,No,Yes,No,No,Yes,One year,No,Credit card (automatic),78.6,1273.55,No
CUST-03281,Female,1,No,No,51,Yes,No,DSL,No,No,Yes,No,Yes,Yes,Month-to-month,No,Credit card (automatic),61.64,3129.57,No
CUST-03282,Female,0,Yes,No,37,Yes,Yes,DSL,No,No,No,Yes,Yes,No,One year,No,Credit card (automatic),59.23,2236.53,Yes
CUST-03283,Male,1,Yes,Yes,68,Yes,No,DSL,Yes,Yes,No,Yes,No,Yes,One year,No,Mailed check,68.01,4617.79,No
CUST-03284,Male,0,No,No,22,Yes,Yes,DSL,Yes,Yes,Yes,Yes,Yes,No,Month-to-month,Yes,Credit card (automatic),74.76,1632.01,No
CUST-03285,Male,0,No,Yes,19,Yes,Yes,Fiber optic,No,Yes,Yes,Yes,No,Yes,Month-to-month,Yes,Bank transfer (automatic),97.35,1873.54,No
CUST-03286,Male,1,No,No,4,Yes,Yes,Fiber optic,No,No,Yes,Yes,Yes,Yes,Month-to-month,No,Credit card (automatic),91.11,382.49,No
CUST-03287,Male,0,Yes,No,57,Yes,No,Fiber optic,No,Yes,Yes,Yes,No,No,Month-to-month,No,Mailed check,90.67,5155.31,Yes
CUST-03288,Male,0,Yes,No,71,Yes,Yes,Fiber optic,No,No,No,No,No,No,Month-to-month,No,Electronic check,72.13,5134.79,No
CUST-03289,Male,0,Yes,No,50,Yes,No,No,No internet service,No internet service,No internet service,No internet service,No internet service,No internet service,Month-to-month,Yes,Mailed check,19.86,984.48,No
CUST-03290,Male,0,No,No,26,Yes,No,DSL,No,No,No,Yes,No,No,Month-to-month,No,Mailed check,46.34,1213.22,No
CUST-03291,Male,0,No,No,64,Yes,Yes,DSL,Yes,No,No,No,Yes,Yes,One year,Yes,Bank transfer (automatic),63.69,4080.85,No
CUST-03292,Male,0,No,No,18,Yes,No,Fiber optic,No,No,Yes,No,No,Yes,Two year,Yes,Bank transfer (automatic),84.22,1566.88,No
CUST-03293,Male,0,No,Yes,50,Yes,Yes,Fiber optic,Yes,Yes,Yes,Yes,No,No,Month-to-month,No,Mailed check,99.67,5011.31,No
CUST-03294,Male,0,Yes,No,43,Yes,No,Fiber optic,No,No,No,Yes,Yes,Yes,Month-to-month,Yes,Bank transfer (automatic),95.22,4115.79,No
CUST-03295,Female,0,No,No,62,Yes,Yes,No,No internet service,No internet service,No internet service,No internet service,No internet service,No internet service,One year,No,Mailed check,24.26,1519.43,No
CUST-03296,Male,0,Yes,Yes,70,Yes,No,DSL,No,Yes,Yes,Yes,Yes,Yes,Month-to-month,Yes,Bank transfer (automatic),68.89,4797.23,No
CUST-03297,Female,1,Yes,No,26,Yes,No,Fiber optic,Yes,Yes,Yes,Yes,Yes,No,Month-to-month,No,Bank transfer (automatic),92.29,2403.24,No
CUST-03298,Female,0,No,Yes,6,Yes,No,No,No internet service,No internet service,No internet service,No internet service,No internet service,No internet service,Month-to-month,Yes,Mailed check,18.0,99.22,No
CUST-03299,Female,0,No,No,11,Yes,No,Fiber optic,Yes,No,Yes,Yes,No,No,Two year,No,Electronic check,78.01,857.08,No
CUST-03300,Female,0,Yes,No,53,No,No phone service,Fiber optic,No,Yes,Yes,No,Yes,Yes,Month-to-month,Yes,Electronic check,97.05,5145.37,Yes
CUST-03301,Male,0,Yes,No,26,Yes,Yes,DSL,No,Yes,No,No,No,No,Two year,Yes,Credit card (automatic),51.74,1310.94,No
CUST-03302,Female,0,No,No,10,Yes,Yes,Fiber optic,No,No,Yes,No,No,Yes,Month-to-month,Yes,Credit card (automatic),78.0,774.32,Yes
CUST-03303,Male,0,Yes,No,59,No,No phone service,DSL,No,No,No,Yes,Yes,Yes,Month-to-month,Yes,Credit card (automatic),59.65,3521.89,No
CUST-03304,Male,0,No,No,47,Yes,Yes,Fiber optic,Yes,Yes,Yes,Yes,Yes,Yes,Month-to-month,Yes,Bank transfer (automatic),99.99,4718.04,No
CUST-03305,Male,0,No,No,9,Yes,Yes,Fiber optic,Yes,No,No,Yes,No,Yes,One year,Yes,Mailed check,82.19,724.04,Yes
CUST-03306,Male,0,Yes,No,52,Yes,Yes,No,No internet service,No internet service,No internet service,No internet service,No internet service,No internet service,Month-to-month,No,Credit card (automatic),18.0,920.19,No
CUST-03307,Male,0,Yes,Yes,46,Yes,Yes,Fiber optic,No,Yes,Yes,No,Yes,Yes,One year,Yes,Credit card (automatic),85.19,3901.61,No
CUST-03308,Male,0,Yes,Yes,71,No,No phone service,DSL,No,Yes,No,Yes,Yes,No,Two year,No,Mailed check,60.93,4319.67,No
CUST-03309,Female,0,No,Yes,72,No,No phone service,No,No internet service,No internet service,No internet service,No internet service,No internet service,No internet service,Month-to-month,No,Credit card (automatic),18.0,1273.45,No
CUST-03310,Female,0,Yes,No,71,Yes,No,DSL,Yes,No,Yes,No,No,Yes,Month-to-month,No,Electronic check,67.59,4825.43,No
CUST-03311,Male,0,No,No,65,Yes,Yes,Fiber optic,No,No,Yes,Yes,No,No,One year,Yes,Bank transfer (automatic),81.04,5283.12,No
CUST-03312,Female,0,Yes,No,57,Yes,No,DSL,Yes,No,Yes,Yes,No,Yes,Month-to-month,Yes,Electronic check,64.19,3713.13,No
CUST-03313,Male,0,No,No,48,Yes,Yes,Fiber optic,No,No,No,Yes,No,No,One year,Yes,Bank transfer (automatic),74.55,3567.77,No
CUST-03314,Male,0,Yes,Yes,39,Yes,Yes,No,No internet service,No internet service,No internet service,No internet service,No internet service,No internet service,Two year,Yes,Mailed check,18.0,719.21,No
CUST-03315,Female,0,Yes,No,57,Yes,No,DSL,No,Yes,No,No,No,No,Month-to-month,Yes,Electronic check,49.12,2775.57,Yes
CUST-03316,Female,0,No,No,70,No,No phone service,Fiber optic,No,No,Yes,Yes,No,No,Month-to-month,No,Credit card (automatic),82.1,5776.39,No
CUST-03317,Male,0,No,No,8,Yes,Yes,Fiber optic,No,Yes,No,No,Yes,No,One year,No,Credit card (automatic),78.0,619.71,No
CUST-03318,Male,0,Yes,Yes,9,Yes,No,DSL,Yes,No,No,No,No,Yes,Month-to-month,No,Mailed check,51.83,464.78,No
CUST-03319,Male,0,Yes,No,36,Yes,Yes,Fiber optic,No,Yes,Yes,Yes,No,No,Month-to-month,No,Electronic check,89.21,3237.07,No
CUST-03320,Male,0,No,No,21,No,No phone service,Fiber optic,Yes,No,No,Yes,No,Yes,Month-to-month,Yes,Mailed check,89.92,1912.61,Yes
CUST-03321,Male,1,Yes,No,38,Yes,Yes,DSL,No,Yes,Yes,No,Yes,No,Month-to-month,No,Credit card (automatic),64.23,2421.14,No
CUST-03322,Female,0,Yes,No,22,Yes,No,DSL,Yes,Yes,Yes,No,No,No,Month-to-month,Yes,Credit card (automatic),60.48,1328.44,No
CUST-03323,Female,0,Yes,No,57,Yes,No,Fiber optic,No,Yes,No,No,No,Yes,One year,No,Mailed check,79.95,4585.65,No
CUST-03324,Male,0,Yes,No,65,Yes,No,Fiber optic,Yes,No,No,Yes,No,No,Month-to-month,Yes,Bank transfer (automatic),76.39,4957.99,No
CUST-03325,Female,0,No,No,20,Yes,No,DSL,No,No,Yes,Yes,No,No,Month-to-month,No,Bank transfer (automatic),55.65,1119.12,No
CUST-03326,Male,0,No,No,56,Yes,No,No,No internet service,No internet service,No internet service,No internet service,No internet service,No internet service,Two year,No,Mailed check,21.42,1210.28,No
CUST-03327,Male,0,No,No,7,No,No phone service,No,No internet service,No internet service,No internet service,No internet service,No internet service,No internet service,Month-to-month,Yes,Bank transfer (automatic),25.38,205.84,Yes
CUST-03328,Male,0,No,No,58,Yes,Yes,No,No internet service,No internet service,No internet service,No internet service,No internet service,No internet service,Month-to-month,Yes,Electronic check,18.0,1057.36,Yes
CUST-03329,Female,0,Yes,Yes,50,Yes,No,Fiber optic,No,Yes,No,No,No,Yes,Two year,No,Mailed check,80.73,4031.63,No
CUST-03330,Female,0,No,No,51,Yes,No,DSL,No,Yes,Yes,Yes,Yes,Yes,Month-to-month,Yes,Bank transfer (automatic),72.67,3666.9,No
CUST-03331,Female,0,Yes,No,35,Yes,Yes,DSL,No,No,No,Yes,Yes,Yes,Two year,No,Credit card (automatic),63.14,2223.97,No
CUST-03332,Male,0,Yes,No,7,Yes,No,No,No internet service,No internet service,No internet service,No internet service,No internet service,No internet service,One year,Yes,Credit card (automatic),19.61,140.72,No
CUST-03333,Female,0,No,No,61,Yes,Yes,No,No internet service,No internet service,No internet service,No internet service,No internet service,No internet service,Month-to-month,Yes,Mailed check,22.16,1387.28,No
CUST-03334,Male,0,Yes,Yes,8,Yes,Yes,Fiber optic,Yes,Yes,Yes,Yes,Yes,Yes,Month-to-month,Yes,Electronic check,111.67,904.87,Yes
CUST-03335,Male,0,Yes,No,35,Yes,Yes,Fiber optic,No,Yes,Yes,No,Yes,Yes,Month-to-month,Yes,Electronic check,96.6,3369.67,Yes
CUST-03336,Female,1,Yes,Yes,12,No,No phone service,Fiber optic,Yes,No,No,No,No,No,Two year,Yes,Electronic check,72.99,850.95,No
CUST-03337,Male,0,No,No,61,No,No phone service,Fiber optic,Yes,No,No,No,Yes,No,Month-to-month,Yes,Credit card (automatic),83.36,5081.51,Yes
CUST-03338,Female,0,Yes,No,41,Yes,Yes,DSL,Yes,No,Yes,Yes,Yes,No,One year,No,Electronic check,74.08,3044.54,No
CUST-03339,Female,0,No,No,37,No,No phone service,Fiber optic,Yes,Yes,Yes,No,Yes,No,Two year,No,Mailed check,87.17,3227.38,No
CUST-03340,Female,0,No,No,23,Yes,No,Fiber optic,No,No,No,No,No,Yes,One year,Yes,Bank transfer (automatic),75.46,1710.34,No
CUST-03341,Male,0,No,No,57,Yes,No,Fiber optic,No,No,No,No,No,Yes,Month-to-month,No,Electronic check,73.76,4148.58,Yes
CUST-03342,Male,0,Yes,No,15,Yes,No,Fiber optic,No,Yes,No,Yes,No,No,One year,No,Mailed check,77.9,1149.36,No
CUST-03343,Female,0,No,Yes,52,Yes,No,Fiber optic,No,Yes,No,No,No,Yes,One year,Yes,Electronic check,79.66,4093.53,No
CUST-03344,Female,0,Yes,No,70,Yes,Yes,DSL,No,Yes,Yes,Yes,No,Yes,Month-to-month,Yes,Mailed check,72.07,5025.27,Yes
CUST-03345,Female,1,No,No,19,Yes,Yes,DSL,Yes,No,No,No,No,No,Two year,No,Mailed check,53.18,1015.25,No
CUST-03346,Female,1,No,No,50,Yes,No,DSL,No,Yes,Yes,Yes,No,No,Month-to-month,Yes,Bank transfer (automatic),55.95,2826.42,Yes
CUST-03347,Male,0,Yes,Yes,22,Yes,No,DSL,No,No,No,No,No,Yes,Two year,No,Credit card (automatic),53.92,1137.29,No
CUST-03348,Male,0,No,No,67,Yes,Yes,Fiber optic,Yes,Yes,No,No,Yes,No,Month-to-month,No,Credit card (automatic),86.5,5774.99,Yes
CUST-03349,Female,0,No,No,65,Yes,Yes,Fiber optic,Yes,No,No,No,No,No,Month-to-month,Yes,Bank transfer (automatic),77.88,5070.11,Yes
CUST-03350,Male,1,Yes,No,22,Yes,No,Fiber optic,Yes,Yes,No,No,Yes,No,One year,Yes,Bank transfer (automatic),87.73,1921.05,No
CUST-03351,Female,1,Yes,Yes,16,Yes,No,Fiber optic,No,Yes,No,Yes,No,No,Month-to-month,No,Electronic check,81.06,1300.21,Yes
CUST-03352,Male,0,No,No,6,Yes,No,Fiber optic,Yes,No,No,No,No,No,Month-to-month,Yes,Bank transfer (automatic),76.23,464.92,Yes
CUST-03353,Female,0,No,No,50,Yes,Yes,Fiber optic,Yes,No,Yes,No,No,No,Month-to-month,Yes,Bank transfer (automatic),79.08,3945.76,Yes
CUST-03354,Female,0,No,No,67,Yes,No,DSL,No,No,No,No,No,No,Two year,Yes,Credit card (automatic),46.51,3140.26,No
CUST-03355,Male,0,Yes,No,10,No,No phone service,Fiber optic,No,No,No,No,Yes,Yes,Month-to-month,No,Bank transfer (automatic),79.96,848.18,No
CUST-03356,Male,0,No,No,59,No,No phone service,DSL,Yes,No,Yes,No,No,Yes,One year,No,Credit card (automatic),61.82,3626.04,No
CUST-03357,Female,0,No,Yes,55,No,No phone service,DSL,No,No,Yes,Yes,No,No,One year,No,Credit card (automatic),65.54,3623.24,No
CUST-03358,Male,0,No,No,34,Yes,No,Fiber optic,Yes,No,No,Yes,No,No,Month-to-month,Yes,Electronic check,81.16,2801.6,Yes
CUST-03359,Female,0,No,No,16,Yes,Yes,No,No internet service,No internet service,No internet service,No internet service,No internet service,No internet service,Month-to-month,Yes,Bank transfer (automatic),19.85,346.54,No
CUST-03360,Female,0,Yes,No,47,Yes,Yes,DSL,Yes,No,No,No,Yes,No,Month-to-month,No,Credit card (automatic),50.06,2339.04,No
CUST-03361,Female,0,No,No,43,Yes,No,Fiber optic,Yes,No,Yes,Yes,No,No,Two year,Yes,Mailed check,87.1,3738.74,No
CUST-03362,Male,0,Yes,No,59,Yes,Yes,DSL,Yes,No,Yes,Yes,Yes,No,One year,No,Credit card (automatic),62.33,3642.82,No
CUST-03363,Female,0,Yes,No,41,Yes,No,DSL,No,No,Yes,Yes,No,Yes,Two year,Yes,Credit card (automatic),55.65,2270.25,No
CUST-03364,Male,0,No,No,3,Yes,Yes,No,No internet service,No internet service,No internet service,No internet service,No internet service,No internet service,One year,Yes,Credit card (automatic),18.0,43.21,No
CUST-03365,Female,0,Yes,Yes,14,Yes,No,Fiber optic,No,No,No,Yes,No,Yes,Two year,Yes,Mailed check,81.03,1143.57,No
CUST-03366,Female,0,Yes,No,27,Yes,Yes,Fiber optic,Yes,No,Yes,Yes,No,Yes,Two year,No,Mailed check,91.16,2438.6,No
CUST-03367,Male,0,Yes,Yes,35,No,No phone service,No,No internet service,No internet service,No internet service,No internet service,No internet service,No internet service,Month-to-month,No,Credit card (automatic),20.42,716.14,No
CUST-03368,Male,0,No,No,25,Yes,Yes,Fiber optic,No,No,No,Yes,No,No,Two year,No,Mailed check,79.38,1988.67,No
CUST-03369,Male,0,No,No,64,Yes,No,DSL,Yes,No,Yes,Yes,Yes,Yes,Month-to-month,No,Electronic check,75.22,4804.76,No
CUST-03370,Female,0,Yes,Yes,20,Yes,No,Fiber optic,No,Yes,Yes,No,Yes,Yes,Month-to-month,No,Bank transfer (automatic),92.57,1868.17,No
CUST-03371,Male,0,Yes,No,49,Yes,No,Fiber optic,No,Yes,No,Yes,No,No,Month-to-month,Yes,Bank transfer (automatic),87.68,4287.28,No
CUST-03372,Male,0,No,Yes,26,No,No phone service,Fiber optic,No,No,Yes,Yes,Yes,Yes,Month-to-month,No,Electronic check,86.05,2243.81,No
CUST-03373,Female,0,Yes,No,72,Yes,Yes,Fiber optic,Yes,Yes,No,No,No,No,Month-to-month,No,Electronic check,83.59,5992.5,No
CUST-03374,Female,0,No,No,66,Yes,Yes,Fiber optic,Yes,Yes,Yes,No,No,Yes,Month-to-month,Yes,Bank transfer (automatic),87.5,5759.43,No
CUST-03375,Female,0,No,No,57,Yes,No,DSL,Yes,Yes,No,No,No,No,Month-to-month,Yes,Credit card (automatic),56.35,3231.16,Yes
CUST-03376,Female,0,Yes,No,55,Yes,No,Fiber optic,No,No,No,Yes,No,Yes,Two year,No,Bank transfer (automatic),83.52,4560.18,No
CUST-03377,Female,0,No,No,46,Yes,No,DSL,Yes,Yes,No,No,Yes,Yes,Month-to-month,Yes,Mailed check,67.79,3133.39,No
CUST-03378,Female,0,Yes,No,42,Yes,No,DSL,Yes,Yes,Yes,No,No,No,Month-to-month,No,Credit card (automatic),62.7,2626.85,No
CUST-03379,Male,0,No,No,41,Yes,Yes,Fiber optic,Yes,Yes,Yes,No,Yes,No,One year,Yes,Credit card (automatic),88.36,3582.12,No
CUST-03380,Female,0,Yes,Yes,1,Yes,No,Fiber optic,Yes,Yes,Yes,Yes,Yes,Yes,One year,Yes,Mailed check,112.42,103.52,Yes
CUST-03381,Female,0,No,No,68,Yes,Yes,No,No internet service,No internet service,No internet service,No internet service,No internet service,No internet service,Two year,Yes,Credit card (automatic),18.0,1238.68,No
CUST-03382,Female,0,No,Yes,71,Yes,No,Fiber optic,No,No,Yes,No,No,No,Month-to-month,Yes,Credit card (automatic),75.28,5391.02,Yes
CUST-03383,Female,1,No,No,38,Yes,No,Fiber optic,No,No,Yes,No,Yes,No,Month-to-month,Yes,Electronic check,81.86,3147.99,Yes
CUST-03384,Female,0,No,No,63,Yes,No,DSL,Yes,No,No,Yes,Yes,No,Two year,No,Bank transfer (automatic),62.29,3905.66,No
CUST-03385,Male,0,Yes,No,29,Yes,Yes,Fiber optic,No,Yes,Yes,No,Yes,Yes,Month-to-month,Yes,Electronic check,83.27,2430.81,Yes
CUST-03386,Female,0,No,No,8,Yes,Yes,DSL,Yes,No,Yes,No,No,No,One year,Yes,Bank transfer (automatic),53.9,422.24,No
CUST-03387,Female,0,No,Yes,60,No,No phone service,Fiber optic,Yes,No,Yes,No,No,Yes,Month-to-month,Yes,Credit card (automatic),85.27,5103.97,No
CUST-03388,Male,1,Yes,No,37,Yes,No,Fiber optic,No,No,No,No,No,Yes,Month-to-month,Yes,Credit card (automatic),75.91,2828.79,No
CUST-03389,Female,0,Yes,Yes,68,No,No phone service,DSL,Yes,Yes,No,No,Yes,No,Two year,Yes,Bank transfer (automatic),55.65,3788.74,No
CUST-03390,Male,1,Yes,No,15,Yes,Yes,No,No internet service,No internet service,No internet service,No internet service,No internet service,No internet service,Month-to-month,No,Bank transfer (automatic),18.82,286.92,Yes
CUST-03391,Female,0,Yes,No,34,Yes,No,Fiber optic,Yes,No,Yes,Yes,Yes,No,Month-to-month,No,Credit card (automatic),92.23,3102.27,No
CUST-03392,Female,0,No,No,48,Yes,No,Fiber optic,Yes,Yes,Yes,Yes,No,Yes,One year,Yes,Electronic check,85.41,4080.35,Yes
CUST-03393,Male,1,Yes,No,10,Yes,Yes,Fiber optic,No,No,Yes,No,Yes,No,Month-to-month,Yes,Bank transfer (automatic),87.85,860.49,Yes
CUST-03394,Male,0,No,No,72,Yes,Yes,Fiber optic,No,Yes,No,No,Yes,Yes,Month-to-month,Yes,Mailed check,88.35,6371.45,Yes
CUST-03395,Female,0,No,No,44,Yes,Yes,Fiber optic,No,No,No,No,No,Yes,Month-to-month,No,Credit card (automatic),75.32,3328.72,Yes
CUST-03396,Male,0,Yes,Yes,12,Yes,No,DSL,Yes,No,No,Yes,No,Yes,Month-to-month,Yes,Electronic check,64.58,809.67,No
CUST-03397,Female,1,No,Yes,54,Yes,No,No,No internet service,No internet service,No internet service,No internet service,No internet service,No internet service,One year,No,Mailed check,18.0,953.18,No
CUST-03398,Male,0,Yes,Yes,64,Yes,No,Fiber optic,Yes,Yes,Yes,Yes,No,No,Month-to-month,No,Credit card (automatic),92.19,5935.34,No
CUST-03399,Female,0,Yes,No,27,Yes,No,Fiber optic,Yes,No,No,Yes,Yes,Yes,Month-to-month,No,Bank transfer (automatic),96.72,2606.23,Yes
CUST-03400,Female,0,Yes,Yes,44,Yes,Yes,Fiber optic,No,No,No,Yes,No,No,Month-to-month,No,Bank transfer (automatic),76.02,3346.46,No
CUST-03401,Female,0,Yes,No,54,Yes,No,DSL,Yes,Yes,Yes,Yes,Yes,No,Two year,No,Credit card (automatic),81.27,4386.24,No
CUST-03402,Male,0,Yes,No,10,Yes,Yes,Fiber optic,No,No,Yes,No,Yes,Yes,Month-to-month,Yes,Mailed check,88.47,889.77,No
CUST-03403,Female,0,Yes,No,38,Yes,Yes,Fiber optic,No,No,Yes,Yes,Yes,No,Two year,Yes,Bank transfer (automatic),88.21,3365.92,No
CUST-03404,Male,0,Yes,No,40,Yes,No,No,No internet service,No internet service,No internet service,No internet service,No internet service,No internet service,Month-to-month,Yes,Credit card (automatic),20.09,824.35,No
CUST-03405,Male,1,Yes,Yes,21,Yes,No,DSL,Yes,No,No,No,No,Yes,Month-to-month,No,Credit card (automatic),56.85,1188.96,Yes
CUST-03406,Male,0,No,No,21,Yes,No,No,No internet service,No internet service,No internet service,No internet service,No internet service,No internet service,One year,Yes,Electronic check,20.37,429.54,No
CUST-03407,Female,0,Yes,Yes,45,Yes,No,No,No internet service,No internet service,No internet service,No internet service,No internet service,No internet service,Month-to-month,Yes,Electronic check,18.0,791.78,No
CUST-03408,Female,0,No,No,54,Yes,No,No,No internet service,No internet service,No internet service,No internet service,No internet service,No internet service,One year,Yes,Mailed check,24.39,1330.62,No
CUST-03409,Male,0,No,No,28,No,No phone service,Fiber optic,Yes,Yes,Yes,Yes,No,Yes,Two year,Yes,Credit card (automatic),92.32,2590.28,No
CUST-03410,Male,1,No,No,10,Yes,No,Fiber optic,Yes,No,No,No,Yes,Yes,Two year,Yes,Credit card (automatic),81.22,796.66,No
CUST-03411,Female,0,No,No,57,Yes,Yes,Fiber optic,Yes,No,No,Yes,No,Yes,Month-to-month,Yes,Bank transfer (automatic),87.23,4947.24,Yes
CUST-03412,Male,0,No,Yes,12,Yes,No,DSL,No,No,Yes,No,Yes,Yes,One year,Yes,Bank transfer (automatic),60.19,725.5,No
CUST-03413,Male,0,No,No,0,Yes,Yes,Fiber optic,Yes,Yes,Yes,No,No,Yes,Month-to-month,Yes,Electronic check,88.22,26.13,Yes
CUST-03414,Female,0,No,No,23,No,No phone service,Fiber optic,Yes,Yes,Yes,Yes,No,No,One year,No,Credit card (automatic),92.39,2156.69,No
CUST-03415,Male,0,No,Yes,59,Yes,Yes,DSL,Yes,No,Yes,No,Yes,No,Month-to-month,Yes,Bank transfer (automatic),60.51,3544.22,No
CUST-03416,Female,0,Yes,No,55,Yes,No,Fiber optic,Yes,No,No,No,No,No,Month-to-month,Yes,Mailed check,75.82,4188.79,Yes
CUST-03417,Female,0,No,Yes,22,Yes,No,DSL,No,Yes,Yes,No,Yes,Yes,Month-to-month,No,Bank transfer (automatic),69.13,1536.81,No
CUST-03418,Male,1,No,Yes,37,Yes,Yes,Fiber optic,Yes,Yes,No,No,Yes,No,Month-to-month,No,Credit card (automatic),89.39,3335.13,No
CUST-03419,Male,0,Yes,No,70,Yes,No,Fiber optic,No,Yes,No,Yes,Yes,Yes,One year,Yes,Credit card (automatic),96.47,6762.41,No
CUST-03420,Female,0,No,Yes,52,Yes,No,No,No internet service,No internet service,No internet service,No internet service,No internet service,No internet service,Month-to-month,No,Bank transfer (automatic),20.62,1065.55,Yes
CUST-03421,Female,0,No,No,55,Yes,Yes,DSL,Yes,Yes,No,No,Yes,No,Month-to-month,Yes,Bank transfer (automatic),65.55,3620.97,No
CUST-03422,Female,0,No,Yes,6,Yes,No,DSL,No,Yes,Yes,Yes,No,Yes,One year,No,Bank transfer (automatic),68.67,360.48,No
CUST-03423,Male,0,Yes,No,17,No,No phone service,Fiber optic,Yes,No,Yes,Yes,Yes,No,Month-to-month,No,Electronic check,99.9,1678.47,No
CUST-03424,Female,0,Yes,No,7,Yes,No,Fiber optic,Yes,No,No,No,Yes,No,Two year,Yes,Mailed check,84.89,576.84,No
CUST-03425,Female,0,Yes,No,71,Yes,Yes,DSL,No,No,No,Yes,Yes,No,Month-to-month,Yes,Credit card (automatic),56.13,3971.78,No
CUST-03426,Male,0,No,No,24,Yes,Yes,Fiber optic,No,No,Yes,Yes,Yes,No,Month-to-month,Yes,Electronic check,87.18,2061.92,Yes
CUST-03427,Female,0,No,No,36,Yes,No,No,No internet service,No internet service,No internet service,No internet service,No internet service,No internet service,Month-to-month,Yes,Mailed check,22.34,792.95,No
CUST-03428,Female,1,No,No,40,Yes,No,Fiber optic,No,Yes,No,Yes,No,No,Month-to-month,Yes,Credit card (automatic),76.28,3040.13,Yes
CUST-03429,Male,0,Yes,Yes,38,Yes,No,DSL,No,Yes,Yes,No,Yes,Yes,Month-to-month,No,Bank transfer (automatic),70.32,2666.89,No
CUST-03430,Male,1,Yes,No,3,Yes,No,DSL,Yes,No,No,No,No,No,One year,Yes,Mailed check,48.66,151.66,No
CUST-03431,Female,0,No,No,66,Yes,No,Fiber optic,Yes,No,No,No,No,Yes,Month-to-month,Yes,Bank transfer (automatic),78.28,5141.46,Yes
CUST-03432,Male,0,No,Yes,27,Yes,No,Fiber optic,No,Yes,No,Yes,No,Yes,Two year,Yes,Credit card (automatic),86.02,2313.48,No
CUST-03433,Male,0,No,No,67,Yes,No,No,No internet service,No internet service,No internet service,No internet service,No internet service,No internet service,Month-to-month,No,Mailed check,18.0,1204.17,No
CUST-03434,Male,0,Yes,No,55,Yes,Yes,DSL,Yes,Yes,No,No,No,Yes,One year,Yes,Credit card (automatic),71.25,3881.67,No
CUST-03435,Female,0,Yes,Yes,50,Yes,No,Fiber optic,No,Yes,No,No,Yes,No,Month-to-month,No,Mailed check,77.7,3883.53,No
CUST-03436,Male,0,No,No,51,No,No phone service,No,No internet service,No internet service,No internet service,No internet service,No internet service,No internet service,Month-to-month,Yes,Credit card (automatic),24.48,1253.25,No
CUST-03437,Female,0,No,No,71,Yes,Yes,DSL,Yes,Yes,No,No,Yes,No,Month-to-month,Yes,Bank transfer (automatic),56.42,4020.98,No
CUST-03438,Female,0,Yes,No,22,Yes,No,No,No internet service,No internet service,No internet service,No internet service,No internet service,No internet service,Month-to-month,No,Electronic check,18.2,374.0,No
CUST-03439,Female,0,No,Yes,24,No,No phone service,Fiber optic,Yes,Yes,No,Yes,No,Yes,One year,No,Credit card (automatic),99.94,2395.53,No
CUST-03440,Female,0,No,No,48,Yes,Yes,Fiber optic,Yes,No,No,No,Yes,Yes,Month-to-month,No,Electronic check,82.09,3965.12,No
CUST-03441,Male,0,No,No,16,No,No phone service,Fiber optic,No,No,No,Yes,No,No,Month-to-month,No,Credit card (automatic),77.31,1202.24,No
CUST-03442,Male,0,Yes,Yes,58,Yes,Yes,No,No internet service,No internet service,No internet service,No internet service,No internet service,No internet service,Two year,No,Electronic check,22.02,1277.02,No
CUST-03443,Male,0,Yes,No,2,Yes,No,No,No internet service,No internet service,No internet service,No internet service,No internet service,No internet service,Month-to-month,No,Credit card (automatic),18.0,5.55,Yes
CUST-03444,Female,0,No,Yes,65,Yes,Yes,DSL,Yes,Yes,No,Yes,Yes,Yes,Month-to-month,Yes,Mailed check,75.53,4900.86,No
CUST-03445,Female,0,No,Yes,25,Yes,No,Fiber optic,Yes,Yes,Yes,Yes,No,No,Month-to-month,Yes,Electronic check,95.04,2359.9,Yes
CUST-03446,Male,0,No,Yes,0,Yes,No,DSL,Yes,Yes,Yes,Yes,No,Yes,Month-to-month,No,Electronic check,72.95,7.49,Yes
CUST-03447,Female,0,No,Yes,43,Yes,No,DSL,No,No,No,No,No,Yes,Month-to-month,Yes,Electronic check,49.68,2130.34,No
CUST-03448,Female,0,Yes,Yes,20,Yes,No,Fiber optic,No,No,No,Yes,No,No,One year,Yes,Bank transfer (automatic),76.9,1512.47,No
CUST-03449,Male,0,Yes,No,22,Yes,No,Fiber optic,Yes,Yes,Yes,Yes,No,No,One year,Yes,Electronic check,93.12,2079.1,No
CUST-03450,Male,0,Yes,No,35,Yes,No,Fiber optic,No,No,Yes,Yes,Yes,Yes,One year,No,Credit card (automatic),91.76,3215.16,No
CUST-03451,Male,0,No,Yes,42,Yes,Yes,DSL,No,Yes,No,Yes,No,Yes,Month-to-month,No,Credit card (automatic),61.33,2595.6,No
CUST-03452,Male,0,Yes,No,9,Yes,Yes,DSL,No,Yes,Yes,Yes,No,Yes,Month-to-month,Yes,Mailed check,58.33,503.07,No
CUST-03453,Male,0,No,Yes,3,Yes,No,DSL,Yes,No,No,Yes,Yes,Yes,Two year,Yes,Electronic check,69.0,199.14,No
CUST-03454,Female,0,No,No,33,Yes,No,DSL,No,No,No,Yes,Yes,No,Month-to-month,Yes,Electronic check,53.39,1781.85,Yes
CUST-03455,Female,0,No,No,25,Yes,No,DSL,Yes,No,Yes,Yes,Yes,Yes,Month-to-month,No,Bank transfer (automatic),77.63,1925.75,No
CUST-03456,Female,0,No,No,42,Yes,No,No,No internet service,No internet service,No internet service,No internet service,No internet service,No internet service,Month-to-month,Yes,Credit card (automatic),18.41,773.12,No
CUST-03457,Male,0,No,No,54,Yes,Yes,DSL,Yes,No,Yes,Yes,No,No,One year,No,Credit card (automatic),64.88,3502.21,No
CUST-03458,Female,0,No,Yes,44,Yes,Yes,No,No internet service,No internet service,No internet service,No internet service,No internet service,No internet service,Month-to-month,Yes,Electronic check,18.34,759.7,Yes
CUST-03459,Male,0,No,Yes,7,No,No phone service,DSL,Yes,Yes,No,No,No,No,Two year,No,Bank transfer (automatic),54.52,380.26,Yes
CUST-03460,Male,0,Yes,No,72,Yes,No,Fiber optic,No,Yes,No,No,Yes,No,Month-to-month,No,Electronic check,85.58,6153.38,Yes
CUST-03461,Female,0,Yes,No,52,Yes,Yes,DSL,No,Yes,No,Yes,No,Yes,Two year,Yes,Electronic check,61.81,3210.8,No
CUST-03462,Female,0,No,No,3,Yes,Yes,DSL,Yes,Yes,No,Yes,Yes,Yes,Month-to-month,Yes,Mailed check,69.84,195.13,Yes
CUST-03463,Male,0,No,No,55,Yes,No,Fiber optic,No,No,No,Yes,Yes,Yes,One year,No,Electronic check,88.43,4837.87,Yes
CUST-03464,Male,0,No,No,64,Yes,No,DSL,Yes,Yes,No,Yes,No,Yes,Month-to-month,Yes,Electronic check,63.93,4075.25,No
CUST-03465,Female,0,Yes,No,41,Yes,Yes,Fiber optic,Yes,Yes,Yes,Yes,Yes,No,Two year,Yes,Bank transfer (automatic),103.54,4234.6,No
CUST-03466,Female,0,No,No,60,Yes,Yes,Fiber optic,Yes,Yes,No,No,No,Yes,Month-to-month,No,Electronic check,87.93,5287.94,Yes
CUST-03467,Male,0,No,Yes,64,Yes,Yes,Fiber optic,Yes,No,No,No,Yes,No,Two year,No,Mailed check,88.63,5661.12,Yes
CUST-03468,Female,0,No,Yes,70,Yes,No,Fiber optic,Yes,No,No,No,Yes,Yes,One year,Yes,Credit card (automatic),90.13,6311.3,No
CUST-03469,Female,0,Yes,No,69,Yes,No,DSL,Yes,Yes,No,No,No,No,One year,Yes,Bank transfer (automatic),57.66,3982.56,No
CUST-03470,Male,0,No,Yes,14,Yes,No,DSL,Yes,Yes,No,Yes,Yes,No,Month-to-month,No,Electronic check,70.99,983.04,No
CUST-03471,Female,0,No,No,2,Yes,No,Fiber optic,Yes,Yes,No,No,Yes,No,Month-to-month,Yes,Electronic check,82.86,185.15,Yes
CUST-03472,Female,0,No,No,47,Yes,No,No,No internet service,No internet service,No internet service,No internet service,No internet service,No internet service,Two year,No,Mailed check,22.19,1035.43,No
CUST-03473,Female,1,Yes,No,49,Yes,Yes,DSL,No,No,Yes,Yes,Yes,No,Two year,Yes,Credit card (automatic),56.4,2752.38,No
CUST-03474,Male,1,No,No,41,Yes,No,DSL,Yes,No,No,No,Yes,No,Month-to-month,Yes,Electronic check,54.96,2275.46,No
CUST-03475,Male,0,Yes,No,17,Yes,Yes,Fiber optic,Yes,No,Yes,No,No,Yes,Month-to-month,Yes,Credit card (automatic),91.92,1565.38,No
CUST-03476,Female,0,Yes,No,69,Yes,No,No,No internet service,No internet service,No internet service,No internet service,No internet service,No internet service,Month-to-month,Yes,Mailed check,18.0,1194.16,Yes
CUST-03477,Female,0,Yes,No,29,Yes,No,DSL,Yes,No,Yes,No,Yes,Yes,Month-to-month,Yes,Bank transfer (automatic),70.8,2000.02,No
CUST-03478,Male,0,No,Yes,54,Yes,No,No,No internet service,No internet service,No internet service,No internet service,No internet service,No internet service,Month-to-month,No,Bank transfer (automatic),18.0,1003.87,Yes
CUST-03479,Female,0,No,No,45,Yes,No,Fiber optic,No,No,No,Yes,Yes,No,Two year,Yes,Mailed check,81.24,3657.46,No
CUST-03480,Female,0,Yes,Yes,65,Yes,Yes,DSL,Yes,Yes,No,No,No,Yes,Month-to-month,No,Mailed check,62.34,4048.62,No
CUST-03481,Male,0,Yes,Yes,51,No,No phone service,Fiber optic,No,No,Yes,No,Yes,Yes,Two year,Yes,Mailed check,83.26,4201.89,No
CUST-03482,Female,0,Yes,No,46,Yes,Yes,Fiber optic,Yes,No,No,No,No,No,Two year,Yes,Bank transfer (automatic),77.66,3569.43,No
CUST-03483,Male,0,Yes,Yes,61,No,No phone service,DSL,Yes,No,No,No,No,Yes,Month-to-month,No,Electronic check,62.24,3775.55,No
CUST-03484,Male,0,No,Yes,3,Yes,Yes,DSL,No,Yes,Yes,Yes,Yes,Yes,Month-to-month,Yes,Credit card (automatic),77.99,227.66,Yes
CUST-03485,Male,0,Yes,Yes,51,Yes,No,DSL,No,Yes,No,No,Yes,No,Month-to-month,No,Credit card (automatic),58.79,2983.72,Yes
CUST-03486,Male,0,Yes,No,42,Yes,Yes,DSL,No,Yes,No,Yes,Yes,Yes,Month-to-month,Yes,Bank transfer (automatic),69.72,2922.45,Yes
CUST-03487,Female,0,No,No,56,Yes,No,Fiber optic,Yes,No,No,Yes,Yes,Yes,One year,No,Mailed check,92.66,5192.83,No
CUST-03488,Male,1,Yes,Yes,16,Yes,Yes,Fiber optic,No,No,No,No,No,No,One year,Yes,Credit card (automatic),62.93,1014.34,No
CUST-03489,Female,0,No,No,43,Yes,Yes,No,No internet service,No internet service,No internet service,No internet service,No internet service,No internet service,Month-to-month,Yes,Electronic check,20.54,881.91,No
CUST-03490,Male,0,No,Yes,20,Yes,No,Fiber optic,Yes,Yes,Yes,Yes,Yes,No,Two year,No,Credit card (automatic),93.33,1868.73,No
CUST-03491,Female,0,No,No,8,Yes,Yes,Fiber optic,Yes,No,Yes,No,No,Yes,Month-to-month,Yes,Credit card (automatic),86.95,659.91,Yes
CUST-03492,Male,1,No,Yes,41,Yes,Yes,DSL,Yes,No,Yes,Yes,No,Yes,Month-to-month,No,Mailed check,60.01,2458.73,No
CUST-03493,Female,1,Yes,No,1,Yes,Yes,No,No internet service,No internet service,No internet service,No internet service,No internet service,No internet service,Two year,Yes,Credit card (automatic),20.82,24.96,No
CUST-03494,Female,0,No,No,6,Yes,Yes,DSL,Yes,Yes,No,Yes,No,No,Month-to-month,Yes,Mailed check,61.03,364.59,No
CUST-03495,Female,0,No,No,38,Yes,Yes,DSL,Yes,Yes,Yes,Yes,No,Yes,Month-to-month,Yes,Mailed check,78.96,3030.2,No
CUST-03496,Male,0,Yes,No,65,Yes,Yes,Fiber optic,Yes,No,No,No,No,No,Month-to-month,Yes,Mailed check,77.88,5056.91,No
CUST-03497,Male,0,No,No,52,Yes,No,Fiber optic,No,No,Yes,No,No,No,Month-to-month,No,Bank transfer (automatic),71.18,3674.87,No
CUST-03498,Male,1,No,No,1,Yes,Yes,DSL,No,Yes,Yes,No,No,Yes,Month-to-month,Yes,Credit card (automatic),65.73,65.72,Yes
CUST-03499,Male,0,No,No,7,Yes,Yes,Fiber optic,No,No,Yes,Yes,No,Yes,One year,No,Credit card (automatic),75.02,513.65,No
CUST-03500,Male,0,No,No,31,Yes,No,DSL,No,Yes,Yes,No,Yes,No,Month-to-month,Yes,Credit card (automatic),57.29,1741.49,Yes
CUST-03501,Female,0,Yes,No,31,Yes,No,Fiber optic,No,Yes,No,Yes,Yes,Yes,One year,No,Electronic check,95.55,2955.96,No
CUST-03502,Male,0,No,Yes,2,Yes,Yes,Fiber optic,No,Yes,Yes,No,Yes,Yes,Month-to-month,Yes,Bank transfer (automatic),94.9,219.32,Yes
CUST-03503,Male,0,No,Yes,18,Yes,No,Fiber optic,No,Yes,No,Yes,Yes,Yes,Month-to-month,Yes,Credit card (automatic),85.92,1539.18,Yes
CUST-03504,Male,0,No,Yes,9,Yes,No,DSL,No,No,No,No,No,No,Two year,Yes,Electronic check,42.55,404.62,No
CUST-03505,Female,0,Yes,No,41,Yes,No,Fiber optic,No,No,Yes,Yes,No,Yes,One year,Yes,Mailed check,79.6,3277.95,No
CUST-03506,Female,0,No,No,48,Yes,No,DSL,Yes,Yes,Yes,Yes,No,No,One year,Yes,Electronic check,63.11,3076.62,No
CUST-03507,Female,1,No,Yes,28,Yes,No,Fiber optic,No,No,No,Yes,Yes,No,Month-to-month,No,Bank transfer (automatic),80.48,2262.52,No
CUST-03508,Male,0,Yes,No,41,Yes,No,No,No internet service,No internet service,No internet service,No internet service,No internet service,No internet service,Month-to-month,Yes,Bank transfer (automatic),18.84,773.97,No
CUST-03509,Male,1,No,No,14,Yes,No,DSL,Yes,No,Yes,No,Yes,Yes,Two year,Yes,Electronic check,74.78,1048.71,No
CUST-03510,Female,0,No,No,62,Yes,No,Fiber optic,Yes,Yes,Yes,Yes,Yes,No,Two year,No,Electronic check,98.97,6141.71,Yes
CUST-03511,Female,0,No,No,0,Yes,Yes,DSL,Yes,No,Yes,No,Yes,No,One year,Yes,Electronic check,65.05,0.0,Yes
CUST-03512,Male,0,No,No,36,Yes,No,Fiber optic,Yes,Yes,No,Yes,Yes,No,Month-to-month,Yes,Bank transfer (automatic),94.08,3376.71,No
CUST-03513,Male,0,Yes,Yes,23,Yes,Yes,Fiber optic,No,No,No,Yes,No,Yes,Month-to-month,No,Bank transfer (automatic),83.3,1925.12,No
CUST-03514,Male,0,No,No,32,Yes,No,Fiber optic,No,No,No,No,No,Yes,Month-to-month,Yes,Bank transfer (automatic),69.89,2223.83,Yes
CUST-03515,Female,0,No,Yes,37,Yes,No,Fiber optic,No,No,Yes,No,No,No,Month-to-month,Yes,Mailed check,76.33,2786.87,No
CUST-03516,Male,0,No,Yes,47,Yes,Yes,No,No internet service,No internet service,No internet service,No internet service,No internet service,No internet service,Month-to-month,No,Credit card (automatic),21.21,970.66,No
CUST-03517,Female,0,Yes,No,67,Yes,Yes,No,No internet service,No internet service,No internet service,No internet service,No internet service,No internet service,Month-to-month,Yes,Bank transfer (automatic),18.0,1238.94,No
CUST-03518,Female,0,Yes,No,40,Yes,Yes,No,No internet service,No internet service,No internet service,No internet service,No internet service,No internet service,Month-to-month,No,Mailed check,19.7,781.62,No
CUST-03519,Female,1,No,No,16,Yes,Yes,DSL,No,Yes,Yes,Yes,Yes,Yes,One year,Yes,Electronic check,66.51,1079.53,No
CUST-03520,Female,1,Yes,Yes,38,Yes,Yes,No,No internet service,No internet service,No internet service,No internet service,No internet service,No internet service,One year,No,Credit card (automatic),18.0,670.04,No
CUST-03521,Male,1,No,No,37,Yes,Yes,DSL,No,Yes,Yes,No,Yes,Yes,One year,Yes,Credit card (automatic),60.9,2271.09,No
CUST-03522,Female,0,No,No,63,Yes,Yes,DSL,Yes,No,Yes,No,Yes,No,Month-to-month,Yes,Mailed check,55.75,3520.3,No
CUST-03523,Male,1,No,No,41,Yes,Yes,Fiber optic,Yes,Yes,No,No,Yes,Yes,Month-to-month,Yes,Mailed check,97.84,4051.26,Yes
CUST-03524,Male,0,Yes,No,63,Yes,No,DSL,No,Yes,Yes,Yes,No,No,Two year,Yes,Credit card (automatic),57.08,3622.37,No
CUST-03525,Male,1,No,No,47,Yes,Yes,Fiber optic,No,No,No,Yes,Yes,Yes,Month-to-month,Yes,Bank transfer (automatic),78.91,3723.48,Yes
CUST-03526,Male,0,Yes,No,41,Yes,Yes,DSL,Yes,No,Yes,No,No,Yes,Two year,Yes,Electronic check,58.59,2390.42,No
CUST-03527,Male,0,No,No,23,Yes,No,Fiber optic,No,Yes,No,No,Yes,Yes,Month-to-month,No,Electronic check,87.56,1990.36,Yes
CUST-03528,Male,1,No,No,18,No,No phone service,DSL,No,No,Yes,Yes,Yes,No,One year,Yes,Bank transfer (automatic),60.84,1092.31,No
CUST-03529,Male,0,No,No,7,Yes,No,DSL,No,No,No,Yes,No,No,Month-to-month,Yes,Credit card (automatic),49.62,347.72,No
CUST-03530,Male,0,Yes,No,40,Yes,Yes,No,No internet service,No internet service,No internet service,No internet service,No internet service,No internet service,One year,Yes,Electronic check,21.05,833.82,No
CUST-03531,Male,0,Yes,No,67,Yes,No,Fiber optic,No,Yes,No,No,No,Yes,Two year,No,Electronic check,82.92,5569.74,No
CUST-03532,Male,0,No,Yes,0,Yes,No,DSL,No,No,No,Yes,Yes,No,Month-to-month,No,Bank transfer (automatic),53.08,1.55,Yes
CUST-03533,Female,0,No,No,69,Yes,Yes,Fiber optic,Yes,No,Yes,No,Yes,No,One year,No,Electronic check,85.75,5916.7,No
CUST-03534,Male,1,No,Yes,62,Yes,No,No,No internet service,No internet service,No internet service,No internet service,No internet service,No internet service,Two year,No,Bank transfer (automatic),24.7,1561.88,No
CUST-03535,Male,1,No,No,31,Yes,No,Fiber optic,No,Yes,No,No,Yes,No,One year,No,Mailed check,82.05,2545.64,No
CUST-03536,Male,1,No,Yes,22,Yes,Yes,DSL,Yes,Yes,Yes,No,Yes,Yes,Month-to-month,Yes,Credit card (automatic),79.17,1714.63,Yes
CUST-03537,Male,0,Yes,No,42,Yes,Yes,No,No internet service,No internet service,No internet service,No internet service,No internet service,No internet service,Month-to-month,No,Credit card (automatic),18.97,817.22,No
CUST-03538,Female,0,No,No,62,No,No phone service,Fiber optic,Yes,No,No,No,Yes,No,Two year,Yes,Electronic check,80.92,5021.23,No
CUST-03539,Female,0,No,Yes,2,Yes,No,DSL,No,Yes,No,No,Yes,No,One year,No,Electronic check,58.56,111.67,No
CUST-03540,Female,0,No,No,32,No,No phone service,DSL,Yes,Yes,No,Yes,No,No,Two year,No,Mailed check,59.26,1877.2,No
CUST-03541,Female,0,Yes,No,3,Yes,Yes,DSL,No,No,Yes,No,Yes,No,Month-to-month,Yes,Bank transfer (automatic),55.66,192.2,No
CUST-03542,Male,0,No,Yes,47,Yes,Yes,No,No internet service,No internet service,No internet service,No internet service,No internet service,No internet service,One year,Yes,Mailed check,20.98,1019.87,No
CUST-03543,Female,1,Yes,Yes,5,Yes,Yes,No,No internet service,No internet service,No internet service,No internet service,No internet service,No internet service,Two year,Yes,Electronic check,18.0,76.55,No
CUST-03544,Male,0,No,No,23,Yes,Yes,Fiber optic,Yes,No,No,No,Yes,Yes,Two year,No,Electronic check,90.73,2092.74,No
CUST-03545,Female,0,No,No,53,Yes,No,Fiber optic,Yes,Yes,Yes,No,No,No,One year,Yes,Credit card (automatic),84.58,4491.52,No
CUST-03546,Male,0,No,No,54,Yes,No,No,No internet service,No internet service,No internet service,No internet service,No internet service,No internet service,Month-to-month,Yes,Credit card (automatic),21.9,1147.73,No
CUST-03547,Female,0,Yes,No,16,Yes,Yes,Fiber optic,Yes,No,No,No,Yes,No,One year,Yes,Mailed check,76.71,1226.49,No
CUST-03548,Male,0,Yes,No,37,Yes,Yes,Fiber optic,No,Yes,No,Yes,No,No,One year,No,Mailed check,79.05,2890.03,No
CUST-03549,Female,0,Yes,No,13,No,No phone service,No,No internet service,No internet service,No internet service,No internet service,No internet service,No internet service,Month-to-month,No,Electronic check,20.17,261.84,Yes
CUST-03550,Male,0,Yes,No,43,Yes,Yes,DSL,Yes,Yes,No,No,Yes,Yes,Month-to-month,No,Mailed check,66.4,2900.46,No
CUST-03551,Female,0,Yes,No,0,Yes,Yes,DSL,Yes,No,No,No,No,No,Two year,No,Bank transfer (automatic),48.98,0.0,No
CUST-03552,Female,1,No,No,59,Yes,No,Fiber optic,Yes,Yes,Yes,No,Yes,Yes,Month-to-month,Yes,Bank transfer (automatic),98.6,5854.93,Yes
CUST-03553,Female,0,Yes,No,1,Yes,No,Fiber optic,No,No,Yes,No,Yes,Yes,Month-to-month,Yes,Mailed check,81.09,116.62,Yes
CUST-03554,Male,0,Yes,No,44,Yes,No,DSL,No,Yes,No,No,No,No,One year,No,Mailed check,51.06,2246.53,No
CUST-03555,Male,0,No,No,29,Yes,No,DSL,No,No,Yes,No,No,Yes,Two year,Yes,Bank transfer (automatic),57.9,1689.4,No
CUST-03556,Female,0,Yes,No,16,Yes,Yes,Fiber optic,Yes,Yes,No,Yes,Yes,No,One year,No,Bank transfer (automatic),91.41,1456.89,No
CUST-03557,Male,0,Yes,No,39,Yes,No,Fiber optic,Yes,Yes,Yes,Yes,Yes,No,Month-to-month,No,Credit card (automatic),95.46,3714.0,No
CUST-03558,Male,0,No,No,10,Yes,No,No,No internet service,No internet service,No internet service,No internet service,No internet service,No internet service,Month-to-month,Yes,Mailed check,19.37,197.77,No
CUST-03559,Male,1,Yes,No,42,Yes,Yes,No,No internet service,No internet service,No internet service,No internet service,No internet service,No internet service,Month-to-month,Yes,Credit card (automatic),19.96,822.83,No
CUST-03560,Male,0,Yes,No,47,Yes,No,Fiber optic,No,No,Yes,No,Yes,Yes,Month-to-month,No,Mailed check,78.35,3691.91,Yes
CUST-03561,Male,0,No,Yes,33,Yes,Yes,Fiber optic,No,Yes,Yes,Yes,Yes,No,Two year,Yes,Electronic check,82.94,2737.85,No
CUST-03562,Male,0,Yes,No,26,Yes,No,Fiber optic,Yes,No,Yes,Yes,Yes,No,Month-to-month,Yes,Credit card (automatic),98.45,2538.35,No
CUST-03563,Female,0,Yes,No,33,Yes,No,DSL,No,Yes,No,Yes,No,Yes,Month-to-month,Yes,Electronic check,64.75,2150.94,No
CUST-03564,Female,0,Yes,No,69,Yes,Yes,Fiber optic,No,Yes,Yes,Yes,No,No,Two year,Yes,Credit card (automatic),87.44,6048.07,No
CUST-03565,Male,1,Yes,No,54,Yes,Yes,Fiber optic,Yes,No,No,Yes,Yes,Yes,Month-to-month,Yes,Mailed check,90.72,4921.34,No
CUST-03566,Male,0,No,Yes,0,Yes,Yes,No,No internet service,No internet service,No internet service,No internet service,No internet service,No internet service,Month-to-month,Yes,Electronic check,18.0,0.0,Yes
CUST-03567,Male,0,Yes,No,21,Yes,Yes,No,No internet service,No internet service,No internet service,No internet service,No internet service,No internet service,Month-to-month,Yes,Mailed check,19.32,426.3,No
CUST-03568,Female,0,Yes,Yes,1,Yes,No,DSL,No,No,Yes,No,No,Yes,Month-to-month,Yes,Electronic check,57.09,100.42,Yes
CUST-03569,Male,0,Yes,Yes,17,Yes,No,No,No internet service,No internet service,No internet service,No internet service,No internet service,No internet service,Month-to-month,No,Bank transfer (automatic),18.0,306.59,No
CUST-03570,Female,1,No,Yes,56,Yes,No,Fiber optic,No,No,Yes,No,Yes,Yes,Two year,Yes,Credit card (automatic),79.25,4440.37,Yes
CUST-03571,Female,0,Yes,No,62,Yes,Yes,DSL,No,Yes,Yes,Yes,No,No,Two year,No,Bank transfer (automatic),65.19,4055.35,No
CUST-03572,Female,0,No,No,33,Yes,Yes,Fiber optic,No,Yes,No,Yes,Yes,No,One year,No,Credit card (automatic),82.71,2686.12,No
CUST-03573,Male,0,Yes,No,50,Yes,No,No,No internet service,No internet service,No internet service,No internet service,No internet service,No internet service,One year,Yes,Credit card (automatic),21.35,1040.18,No
CUST-03574,Female,0,No,No,27,Yes,No,Fiber optic,No,No,Yes,No,Yes,No,Month-to-month,Yes,Credit card (automatic),83.25,2236.74,Yes
CUST-03575,Female,0,Yes,No,34,No,No phone service,Fiber optic,No,Yes,No,Yes,No,Yes,Two year,No,Bank transfer (automatic),93.55,3173.88,No
CUST-03576,Female,0,Yes,Yes,60,Yes,Yes,Fiber optic,Yes,Yes,Yes,Yes,No,Yes,Month-to-month,Yes,Mailed check,101.25,6077.24,Yes
CUST-03577,Female,0,No,No,20,Yes,No,Fiber optic,No,Yes,Yes,No,Yes,No,Month-to-month,Yes,Bank transfer (automatic),81.34,1632.15,No
CUST-03578,Female,0,Yes,Yes,23,Yes,Yes,Fiber optic,No,No,Yes,Yes,No,Yes,Month-to-month,Yes,Mailed check,78.57,1779.65,Yes
CUST-03579,Male,1,No,Yes,9,Yes,No,Fiber optic,No,Yes,Yes,Yes,Yes,Yes,Month-to-month,Yes,Bank transfer (automatic),96.15,888.4,Yes
CUST-03580,Female,0,No,Yes,15,Yes,No,No,No internet service,No internet service,No internet service,No internet service,No internet service,No internet service,Month-to-month,Yes,Credit card (automatic),23.67,361.71,No
CUST-03581,Female,0,No,No,2,Yes,Yes,Fiber optic,No,No,Yes,No,Yes,No,Month-to-month,No,Mailed check,86.22,173.64,Yes
CUST-03582,Male,0,Yes,No,59,Yes,No,DSL,No,Yes,No,Yes,Yes,No,Month-to-month,No,Mailed check,60.41,3574.0,No
CUST-03583,Male,0,No,No,62,Yes,No,Fiber optic,Yes,No,Yes,No,Yes,No,Month-to-month,Yes,Mailed check,82.58,5107.65,No
CUST-03584,Female,0,Yes,No,30,Yes,Yes,Fiber optic,No,Yes,No,No,No,No,Month-to-month,Yes,Electronic check,72.61,2173.53,Yes
CUST-03585,Male,0,No,No,43,Yes,No,Fiber optic,No,No,No,No,No,No,One year,Yes,Electronic check,63.77,2720.46,No
CUST-03586,Male,0,No,No,18,Yes,Yes,Fiber optic,Yes,Yes,No,Yes,Yes,Yes,Month-to-month,Yes,Electronic check,95.41,1673.3,No
CUST-03587,Female,0,No,Yes,3,Yes,No,DSL,Yes,No,Yes,Yes,No,Yes,One year,No,Mailed check,67.53,197.86,No
CUST-03588,Female,0,No,No,37,Yes,Yes,Fiber optic,Yes,No,Yes,No,No,Yes,Month-to-month,Yes,Electronic check,89.87,3359.68,Yes
CUST-03589,Female,0,No,Yes,11,Yes,No,No,No internet service,No internet service,No internet service,No internet service,No internet service,No internet service,Month-to-month,No,Credit card (automatic),22.87,240.2,No
CUST-03590,Male,0,No,Yes,61,Yes,No,Fiber optic,No,Yes,No,No,No,No,One year,Yes,Credit card (automatic),82.17,4981.24,No
CUST-03591,Male,0,Yes,No,20,Yes,No,Fiber optic,No,Yes,Yes,No,No,Yes,One year,Yes,Credit card (automatic),97.75,1966.29,Yes
CUST-03592,Female,0,No,Yes,53,Yes,No,Fiber optic,No,No,No,Yes,No,No,Month-to-month,Yes,Bank transfer (automatic),75.71,4003.06,No
CUST-03593,Female,0,Yes,Yes,19,Yes,No,Fiber optic,No,No,Yes,No,Yes,No,Month-to-month,No,Electronic check,79.44,1518.11,Yes
CUST-03594,Male,1,Yes,No,9,Yes,No,Fiber optic,No,No,Yes,No,Yes,Yes,Two year,Yes,Electronic check,81.88,750.14,Yes
CUST-03595,Male,0,No,No,40,Yes,No,Fiber optic,No,Yes,No,No,No,No,Month-to-month,No,Electronic check,74.28,2961.07,No
CUST-03596,Male,0,Yes,No,13,Yes,No,Fiber optic,No,Yes,No,Yes,No,Yes,Month-to-month,No,Bank transfer (automatic),91.99,1204.17,Yes
CUST-03597,Female,0,No,Yes,29,Yes,Yes,Fiber optic,No,Yes,No,No,Yes,No,Month-to-month,Yes,Credit card (automatic),70.76,2051.33,Yes
CUST-03598,Male,0,Yes,No,21,Yes,Yes,Fiber optic,No,Yes,Yes,No,Yes,No,Two year,No,Bank transfer (automatic),93.53,1924.77,No
CUST-03599,Female,0,Yes,No,64,Yes,No,Fiber optic,Yes,No,Yes,No,Yes,No,Month-to-month,No,Bank transfer (automatic),80.04,5112.07,Yes
CUST-03600,Male,0,No,No,36,Yes,Yes,DSL,No,No,No,Yes,No,No,Two year,Yes,Mailed check,50.68,1807.88,No
CUST-03601,Female,0,Yes,No,52,No,No phone service,Fiber optic,No,Yes,Yes,No,Yes,No,One year,Yes,Electronic check,80.46,4153.76,No
CUST-03602,Male,1,No,No,42,Yes,No,Fiber optic,Yes,Yes,No,Yes,Yes,Yes,One year,No,Electronic check,104.27,4362.39,No
CUST-03603,Female,0,No,No,66,Yes,Yes,DSL,No,No,Yes,No,Yes,Yes,Month-to-month,Yes,Credit card (automatic),60.12,3981.34,Yes
CUST-03604,Female,0,No,No,32,Yes,No,DSL,No,No,No,No,Yes,No,One year,No,Bank transfer (automatic),47.41,1517.4,No
CUST-03605,Male,1,Yes,Yes,62,Yes,No,Fiber optic,No,Yes,No,Yes,No,No,Month-to-month,Yes,Credit card (automatic),81.5,5015.89,No
CUST-03606,Male,1,No,Yes,65,Yes,Yes,Fiber optic,Yes,No,Yes,No,No,Yes,Month-to-month,Yes,Credit card (automatic),87.69,5677.63,No
CUST-03607,Female,0,Yes,No,67,Yes,No,Fiber optic,Yes,Yes,No,No,No,No,Month-to-month,Yes,Mailed check,80.75,5410.55,Yes
CUST-03608,Female,0,Yes,No,50,No,No phone service,Fiber optic,Yes,No,Yes,Yes,No,No,One year,Yes,Bank transfer (automatic),77.78,3888.94,No
CUST-03609,Female,0,Yes,No,71,Yes,No,No,No internet service,No internet service,No internet service,No internet service,No internet service,No internet service,One year,No,Bank transfer (automatic),19.34,1366.73,No
CUST-03610,Female,0,Yes,No,54,Yes,Yes,DSL,Yes,Yes,No,Yes,Yes,Yes,Two year,Yes,Credit card (automatic),76.38,4139.59,No
CUST-03611,Female,0,No,No,22,Yes,Yes,Fiber optic,Yes,No,No,No,No,No,Month-to-month,No,Credit card (automatic),73.99,1635.16,No
CUST-03612,Female,0,Yes,No,11,Yes,Yes,Fiber optic,No,Yes,Yes,No,No,Yes,Two year,No,Credit card (automatic),89.72,975.49,No
CUST-03613,Male,1,Yes,No,15,No,No phone service,DSL,Yes,Yes,No,No,Yes,Yes,Two year,Yes,Bank transfer (automatic),62.03,916.94,No
CUST-03614,Female,0,No,Yes,41,Yes,Yes,No,No internet service,No internet service,No internet service,No internet service,No internet service,No internet service,Two year,Yes,Credit card (automatic),19.73,804.9,No
CUST-03615,Male,0,No,No,12,Yes,No,No,No internet service,No internet service,No internet service,No internet service,No internet service,No internet service,One year,No,Bank transfer (automatic),18.0,174.33,No
CUST-03616,Male,0,Yes,Yes,17,Yes,No,DSL,Yes,No,No,No,No,Yes,Month-to-month,Yes,Mailed check,55.2,944.24,No
CUST-03617,Male,0,Yes,No,45,Yes,Yes,DSL,Yes,Yes,Yes,No,Yes,No,Two year,Yes,Electronic check,68.45,3055.12,No
CUST-03618,Male,1,Yes,No,24,Yes,No,No,No internet service,No internet service,No internet service,No internet service,No internet service,No internet service,One year,Yes,Credit card (automatic),24.89,621.55,No
CUST-03619,Male,0,No,No,49,Yes,No,DSL,No,Yes,No,Yes,Yes,Yes,One year,No,Bank transfer (automatic),64.29,3115.97,No
CUST-03620,Female,0,No,Yes,72,Yes,No,No,No internet service,No internet service,No internet service,No internet service,No internet service,No internet service,Month-to-month,No,Bank transfer (automatic),18.0,1303.39,No
CUST-03621,Male,0,No,No,6,Yes,No,DSL,No,Yes,No,No,Yes,No,Month-to-month,No,Credit card (automatic),59.82,319.1,Yes
CUST-03622,Male,0,No,Yes,46,Yes,No,Fiber optic,No,Yes,Yes,No,Yes,No,Month-to-month,Yes,Electronic check,85.11,3902.15,Yes
CUST-03623,Male,0,Yes,Yes,59,Yes,Yes,DSL,Yes,No,No,Yes,No,No,Month-to-month,No,Mailed check,52.14,3084.17,No
CUST-03624,Female,0,No,No,10,Yes,Yes,Fiber optic,Yes,No,No,No,Yes,Yes,Month-to-month,Yes,Bank transfer (automatic),83.24,850.75,No
CUST-03625,Female,0,Yes,No,57,Yes,No,DSL,No,Yes,No,Yes,No,No,Two year,No,Mailed check,57.73,3307.95,No
CUST-03626,Female,0,Yes,No,37,Yes,No,Fiber optic,Yes,Yes,Yes,No,Yes,Yes,Month-to-month,No,Bank transfer (automatic),92.67,3442.54,No
CUST-03627,Male,0,Yes,No,45,Yes,Yes,No,No internet service,No internet service,No internet service,No internet service,No internet service,No internet service,Month-to-month,Yes,Bank transfer (automatic),21.74,994.26,No
CUST-03628,Female,0,Yes,No,3,Yes,Yes,DSL,Yes,No,Yes,Yes,Yes,No,Month-to-month,No,Mailed check,68.58,223.4,Yes
CUST-03629,Female,0,No,No,31,Yes,Yes,Fiber optic,Yes,Yes,No,Yes,Yes,No,Month-to-month,Yes,Bank transfer (automatic),95.7,2955.38,No
CUST-03630,Male,0,Yes,Yes,26,Yes,No,DSL,Yes,No,Yes,No,No,No,Month-to-month,No,Mailed check,56.76,1467.99,No
CUST-03631,Female,0,Yes,No,11,Yes,Yes,Fiber optic,No,No,No,Yes,No,Yes,One year,Yes,Credit card (automatic),75.5,843.89,No
CUST-03632,Male,0,Yes,No,55,Yes,No,DSL,Yes,No,No,No,Yes,No,Two year,Yes,Electronic check,52.48,2908.14,No
CUST-03633,Female,0,No,Yes,36,Yes,No,Fiber optic,No,Yes,No,No,No,Yes,Month-to-month,No,Credit card (automatic),80.93,2910.1,Yes
CUST-03634,Female,0,No,No,64,No,No phone service,Fiber optic,No,No,No,Yes,No,Yes,Month-to-month,Yes,Credit card (automatic),81.27,5190.14,No
CUST-03635,Male,0,No,No,11,Yes,No,No,No internet service,No internet service,No internet service,No internet service,No internet service,No internet service,One year,Yes,Bank transfer (automatic),18.0,186.19,No
CUST-03636,Female,1,No,No,53,Yes,No,No,No internet service,No internet service,No internet service,No internet service,No internet service,No internet service,Month-to-month,Yes,Mailed check,18.04,939.06,No
CUST-03637,Male,0,No,Yes,44,Yes,No,DSL,No,No,No,No,Yes,No,One year,No,Credit card (automatic),52.93,2337.8,Yes
CUST-03638,Male,0,Yes,Yes,47,Yes,No,DSL,Yes,No,No,Yes,No,Yes,One year,No,Bank transfer (automatic),66.32,3139.19,No
CUST-03639,Female,0,Yes,No,22,Yes,Yes,DSL,Yes,No,Yes,Yes,No,No,Two year,Yes,Bank transfer (automatic),60.17,1332.92,No
CUST-03640,Female,0,Yes,No,50,Yes,No,Fiber optic,No,Yes,No,Yes,Yes,Yes,Month-to-month,Yes,Electronic check,94.19,4708.62,Yes
CUST-03641,Female,0,Yes,No,18,Yes,Yes,DSL,Yes,Yes,No,Yes,No,Yes,Two year,Yes,Mailed check,69.39,1286.86,No
CUST-03642,Female,0,No,Yes,55,Yes,No,No,No internet service,No internet service,No internet service,No internet service,No internet service,No internet service,Two year,Yes,Mailed check,22.36,1229.43,No
CUST-03643,Male,0,Yes,No,32,Yes,No,No,No internet service,No internet service,No internet service,No internet service,No internet service,No internet service,Month-to-month,Yes,Mailed check,23.34,774.27,No
CUST-03644,Female,0,Yes,No,35,Yes,Yes,DSL,No,Yes,Yes,Yes,No,Yes,Month-to-month,No,Mailed check,69.26,2402.14,No
CUST-03645,Female,0,No,Yes,42,Yes,No,DSL,Yes,Yes,Yes,Yes,Yes,Yes,Month-to-month,Yes,Electronic check,95.88,4031.13,No
CUST-03646,Female,0,Yes,Yes,6,Yes,Yes,Fiber optic,No,Yes,No,No,Yes,Yes,Month-to-month,Yes,Bank transfer (automatic),84.85,489.31,Yes
CUST-03647,Female,0,Yes,Yes,26,Yes,Yes,Fiber optic,No,No,Yes,No,No,Yes,Two year,Yes,Electronic check,76.64,1974.1,No
CUST-03648,Female,1,Yes,Yes,14,Yes,No,Fiber optic,No,Yes,Yes,No,Yes,Yes,Month-to-month,No,Mailed check,98.51,1362.86,No
CUST-03649,Female,0,No,Yes,70,Yes,Yes,DSL,No,No,Yes,No,No,No,Month-to-month,Yes,Mailed check,54.06,3785.42,Yes
CUST-03650,Male,0,Yes,Yes,30,Yes,No,No,No internet service,No internet service,No internet service,No internet service,No internet service,No internet service,Month-to-month,No,Credit card (automatic),20.61,609.02,No
CUST-03651,Male,0,Yes,Yes,0,No,No phone service,Fiber optic,Yes,Yes,Yes,No,Yes,No,One year,Yes,Bank transfer (automatic),90.28,0.0,Yes
CUST-03652,Male,0,Yes,No,1,Yes,No,DSL,Yes,Yes,Yes,Yes,No,No,Two year,Yes,Mailed check,65.66,56.94,No
CUST-03653,Female,0,No,No,66,Yes,No,DSL,No,No,Yes,No,Yes,Yes,One year,No,Credit card (automatic),64.14,4220.72,No
CUST-03654,Female,0,Yes,No,11,Yes,No,Fiber optic,Yes,No,Yes,No,Yes,Yes,One year,Yes,Credit card (automatic),83.61,884.73,No
CUST-03655,Male,0,Yes,No,0,Yes,Yes,DSL,No,Yes,No,No,No,Yes,Month-to-month,Yes,Credit card (automatic),54.21,9.05,Yes
CUST-03656,Female,0,No,Yes,15,Yes,Yes,No,No internet service,No internet service,No internet service,No internet service,No internet service,No internet service,One year,Yes,Electronic check,22.7,353.8,No
CUST-03657,Female,0,No,No,15,Yes,No,Fiber optic,Yes,Yes,No,No,Yes,Yes,Month-to-month,No,Credit card (automatic),88.27,1336.38,Yes
CUST-03658,Male,0,Yes,No,5,Yes,Yes,No,No internet service,No internet service,No internet service,No internet service,No internet service,No internet service,Month-to-month,No,Electronic check,18.0,124.06,Yes
CUST-03659,Male,1,Yes,No,72,Yes,Yes,Fiber optic,No,No,No,No,Yes,Yes,One year,No,Electronic check,83.45,5985.96,No
CUST-03660,Female,0,Yes,Yes,4,Yes,Yes,No,No internet service,No internet service,No internet service,No internet service,No internet service,No internet service,Two year,Yes,Mailed check,22.59,68.41,Yes
CUST-03661,Male,0,No,Yes,53,Yes,No,Fiber optic,No,Yes,Yes,Yes,Yes,No,One year,No,Electronic check,96.39,5107.98,No
CUST-03662,Female,0,Yes,No,61,Yes,Yes,Fiber optic,No,Yes,No,Yes,Yes,No,One year,Yes,Electronic check,84.97,5180.79,No
CUST-03663,Female,0,No,Yes,47,Yes,Yes,DSL,Yes,Yes,Yes,No,Yes,No,Month-to-month,Yes,Electronic check,63.89,3005.5,No
CUST-03664,Female,1,No,Yes,9,Yes,Yes,Fiber optic,Yes,No,Yes,Yes,Yes,Yes,Month-to-month,Yes,Mailed check,103.47,947.95,Yes
CUST-03665,Male,0,No,Yes,53,Yes,No,Fiber optic,No,No,No,Yes,No,No,Month-to-month,Yes,Bank transfer (automatic),72.12,3817.24,No
CUST-03666,Female,0,Yes,No,24,Yes,No,Fiber optic,No,No,No,Yes,No,No,One year,Yes,Electronic check,75.25,1826.66,No
CUST-03667,Male,0,No,No,29,Yes,Yes,Fiber optic,No,No,No,No,Yes,Yes,One year,No,Electronic check,80.56,2320.81,No
CUST-03668,Male,0,No,Yes,18,Yes,Yes,DSL,No,Yes,No,Yes,No,No,One year,No,Bank transfer (automatic),56.58,1008.3,No
CUST-03669,Male,0,No,No,57,Yes,No,Fiber optic,Yes,Yes,Yes,No,Yes,Yes,Month-to-month,No,Electronic check,96.96,5504.5,No
CUST-03670,Male,1,Yes,No,42,Yes,No,DSL,No,No,Yes,No,No,Yes,Month-to-month,Yes,Mailed check,53.49,2178.35,Yes
CUST-03671,Male,0,No,Yes,11,Yes,No,Fiber optic,Yes,No,No,Yes,No,No,Month-to-month,Yes,Electronic check,75.81,798.91,No
CUST-03672,Female,0,No,No,29,Yes,No,Fiber optic,Yes,No,Yes,No,Yes,Yes,One year,Yes,Bank transfer (automatic),91.5,2671.4,Yes
CUST-03673,Male,0,No,Yes,57,No,No phone service,No,No internet service,No internet service,No internet service,No internet service,No internet service,No internet service,Two year,No,Bank transfer (automatic),20.16,1171.17,No
CUST-03674,Female,0,No,No,68,Yes,No,Fiber optic,No,No,No,Yes,Yes,No,Month-to-month,Yes,Credit card (automatic),79.62,5388.58,Yes
CUST-03675,Male,1,No,No,68,Yes,Yes,No,No internet service,No internet service,No internet service,No internet service,No internet service,No internet service,One year,Yes,Credit card (automatic),23.03,1584.67,No
CUST-03676,Male,0,Yes,No,9,No,No phone service,No,No internet service,No internet service,No internet service,No internet service,No internet service,No internet service,One year,No,Bank transfer (automatic),18.0,113.43,No
CUST-03677,Female,0,No,No,62,Yes,No,DSL,Yes,Yes,No,No,Yes,Yes,Month-to-month,Yes,Electronic check,69.04,4259.85,No
CUST-03678,Female,0,No,Yes,41,Yes,Yes,Fiber optic,Yes,Yes,No,No,Yes,Yes,Month-to-month,No,Bank transfer (automatic),94.45,3863.1,Yes
CUST-03679,Female,0,No,No,53,Yes,Yes,DSL,No,Yes,No,No,Yes,No,Month-to-month,Yes,Electronic check,51.31,2740.5,No
CUST-03680,Female,0,Yes,No,28,Yes,Yes,No,No internet service,No internet service,No internet service,No internet service,No internet service,No internet service,Two year,Yes,Bank transfer (automatic),20.66,614.61,No
CUST-03681,Male,0,Yes,No,47,Yes,Yes,Fiber optic,Yes,No,No,No,No,No,Month-to-month,No,Mailed check,76.06,3565.56,No
CUST-03682,Male,0,No,No,18,Yes,Yes,DSL,Yes,Yes,Yes,Yes,No,Yes,Month-to-month,Yes,Mailed check,68.78,1236.67,No
CUST-03683,Female,0,No,Yes,38,Yes,No,DSL,No,No,Yes,Yes,Yes,Yes,Month-to-month,Yes,Bank transfer (automatic),61.51,2358.19,Yes
CUST-03684,Female,0,Yes,Yes,16,Yes,Yes,Fiber optic,No,No,No,Yes,No,No,One year,Yes,Mailed check,76.41,1267.52,No
CUST-03685,Male,0,Yes,Yes,28,Yes,Yes,DSL,No,Yes,Yes,Yes,Yes,No,Month-to-month,Yes,Mailed check,59.73,1696.2,Yes
CUST-03686,Male,0,No,No,29,Yes,No,Fiber optic,No,Yes,No,No,Yes,Yes,Two year,Yes,Mailed check,89.82,2580.58,No
CUST-03687,Female,0,No,No,63,Yes,No,No,No internet service,No internet service,No internet service,No internet service,No internet service,No internet service,Month-to-month,Yes,Mailed check,22.22,1417.38,No
CUST-03688,Female,0,Yes,No,45,Yes,Yes,DSL,Yes,No,No,Yes,Yes,Yes,Two year,Yes,Electronic check,63.03,2823.43,No
CUST-03689,Male,0,Yes,Yes,47,Yes,No,Fiber optic,No,Yes,Yes,Yes,Yes,Yes,One year,Yes,Electronic check,96.15,4547.07,Yes
CUST-03690,Male,0,Yes,Yes,20,Yes,No,Fiber optic,No,Yes,Yes,No,Yes,No,Month-to-month,No,Electronic check,81.02,1633.06,Yes
CUST-03691,Female,0,Yes,Yes,31,Yes,Yes,DSL,Yes,No,Yes,Yes,No,No,One year,Yes,Mailed check,59.27,1816.91,No
CUST-03692,Male,0,No,No,34,Yes,No,DSL,No,No,Yes,No,Yes,No,One year,No,Bank transfer (automatic),53.39,1837.36,No
CUST-03693,Male,0,No,No,57,Yes,Yes,DSL,No,No,No,Yes,No,Yes,Month-to-month,Yes,Electronic check,61.35,3507.53,Yes
CUST-03694,Male,0,No,No,13,Yes,No,No,No internet service,No internet service,No internet service,No internet service,No internet service,No internet service,One year,Yes,Mailed check,19.15,256.92,No
CUST-03695,Female,0,No,No,3,Yes,Yes,Fiber optic,No,No,No,No,Yes,Yes,One year,Yes,Bank transfer (automatic),87.36,262.68,No
CUST-03696,Male,0,Yes,No,36,Yes,No,Fiber optic,No,No,No,Yes,Yes,Yes,One year,Yes,Credit card (automatic),84.88,3045.21,No
CUST-03697,Male,0,Yes,Yes,59,Yes,No,No,No internet service,No internet service,No internet service,No internet service,No internet service,No internet service,One year,No,Credit card (automatic),18.0,1074.35,No
CUST-03698,Male,0,Yes,Yes,53,Yes,No,DSL,No,No,No,No,No,Yes,One year,Yes,Bank transfer (automatic),56.17,3021.04,No
CUST-03699,Female,1,Yes,Yes,59,Yes,Yes,DSL,No,No,No,Yes,Yes,Yes,Month-to-month,Yes,Credit card (automatic),59.93,3574.03,Yes
CUST-03700,Male,0,No,Yes,28,Yes,Yes,DSL,No,No,Yes,Yes,No,No,Month-to-month,Yes,Credit card (automatic),52.35,1462.11,No
CUST-03701,Male,0,Yes,No,16,No,No phone service,Fiber optic,Yes,Yes,Yes,Yes,No,No,Month-to-month,No,Mailed check,98.99,1541.76,Yes
CUST-03702,Male,0,No,No,48,Yes,No,Fiber optic,No,Yes,No,Yes,No,Yes,One year,No,Mailed check,90.86,4350.33,No
CUST-03703,Female,0,Yes,No,2,Yes,No,Fiber optic,Yes,Yes,No,No,Yes,No,Month-to-month,Yes,Credit card (automatic),87.73,178.38,Yes
CUST-03704,Female,0,Yes,No,65,Yes,Yes,DSL,Yes,Yes,Yes,Yes,No,No,Month-to-month,No,Bank transfer (automatic),72.59,4724.05,No
CUST-03705,Female,0,Yes,No,52,Yes,No,Fiber optic,Yes,Yes,No,No,Yes,Yes,One year,Yes,Bank transfer (automatic),85.5,4463.97,No
CUST-03706,Male,0,No,No,36,Yes,No,No,No internet service,No internet service,No internet service,No internet service,No internet service,No internet service,Month-to-month,Yes,Mailed check,18.0,662.52,No
CUST-03707,Female,0,No,No,14,Yes,Yes,Fiber optic,No,No,Yes,Yes,Yes,Yes,Month-to-month,No,Mailed check,85.56,1212.66,No
CUST-03708,Male,0,No,No,18,Yes,No,DSL,No,Yes,No,Yes,Yes,Yes,Two year,No,Bank transfer (automatic),58.36,1037.81,No
CUST-03709,Female,1,Yes,Yes,72,Yes,Yes,Fiber optic,No,No,Yes,Yes,Yes,Yes,One year,Yes,Electronic check,86.61,6225.46,No
CUST-03710,Male,0,No,No,1,Yes,No,DSL,Yes,Yes,Yes,No,No,No,One year,Yes,Credit card (automatic),64.87,43.24,No
CUST-03711,Female,0,No,No,0,Yes,No,DSL,No,Yes,Yes,Yes,Yes,Yes,Month-to-month,Yes,Mailed check,76.99,5.2,Yes
CUST-03712,Female,0,Yes,Yes,25,Yes,No,Fiber optic,Yes,No,Yes,Yes,Yes,No,One year,Yes,Mailed check,97.88,2464.3,No
CUST-03713,Male,0,Yes,Yes,16,Yes,No,Fiber optic,Yes,Yes,No,Yes,Yes,No,Two year,No,Credit card (automatic),92.45,1500.58,No
CUST-03714,Female,0,Yes,No,49,Yes,Yes,No,No internet service,No internet service,No internet service,No internet service,No internet service,No internet service,Month-to-month,No,Credit card (automatic),19.42,901.41,No
CUST-03715,Male,0,Yes,No,3,Yes,No,DSL,No,No,No,No,Yes,Yes,Month-to-month,Yes,Credit card (automatic),54.7,173.51,No
CUST-03716,Male,0,No,No,57,No,No phone service,DSL,No,Yes,Yes,Yes,No,Yes,Month-to-month,No,Credit card (automatic),62.67,3551.35,No
CUST-03717,Male,0,Yes,No,57,Yes,Yes,Fiber optic,Yes,No,Yes,Yes,Yes,Yes,Two year,No,Mailed check,90.13,5149.21,No
CUST-03718,Female,0,No,No,16,Yes,Yes,Fiber optic,Yes,No,No,No,Yes,Yes,Month-to-month,Yes,Credit card (automatic),85.21,1342.39,No
CUST-03719,Male,0,No,No,42,Yes,No,Fiber optic,No,No,No,Yes,Yes,No,Month-to-month,Yes,Credit card (automatic),82.99,3500.27,No
CUST-03720,Female,0,Yes,Yes,49,Yes,Yes,Fiber optic,Yes,Yes,Yes,No,No,Yes,Month-to-month,Yes,Bank transfer (automatic),99.01,4838.54,Yes
CUST-03721,Female,0,No,No,61,Yes,Yes,DSL,Yes,No,No,No,No,No,Two year,No,Electronic check,48.94,2972.82,No
CUST-03722,Female,0,Yes,No,53,No,No phone service,Fiber optic,No,No,Yes,No,Yes,No,Month-to-month,Yes,Electronic check,84.43,4490.86,No
CUST-03723,Female,0,No,No,70,Yes,No,No,No internet service,No internet service,No internet service,No internet service,No internet service,No internet service,Month-to-month,Yes,Bank transfer (automatic),21.96,1526.17,Yes
CUST-03724,Male,0,Yes,No,8,Yes,Yes,DSL,No,Yes,No,No,No,No,Two year,No,Electronic check,48.44,406.7,No
CUST-03725,Female,0,Yes,No,44,Yes,No,Fiber optic,No,No,Yes,Yes,No,Yes,Month-to-month,Yes,Electronic check,91.26,4030.28,No
CUST-03726,Male,0,Yes,No,56,Yes,Yes,DSL,Yes,Yes,Yes,Yes,No,No,One year,No,Bank transfer (automatic),61.05,3416.57,No
CUST-03727,Female,0,No,No,16,Yes,Yes,DSL,Yes,Yes,No,No,No,No,Month-to-month,No,Mailed check,57.07,904.05,No
CUST-03728,Male,0,No,Yes,15,Yes,No,Fiber optic,No,No,No,No,No,Yes,Month-to-month,Yes,Credit card (automatic),76.17,1168.07,No
CUST-03729,Female,0,No,No,6,No,No phone service,Fiber optic,No,Yes,No,No,Yes,Yes,Month-to-month,No,Credit card (automatic),83.94,520.24,No
CUST-03730,Female,1,Yes,Yes,71,Yes,No,DSL,Yes,Yes,No,No,No,No,Month-to-month,No,Mailed check,56.19,4022.34,No
CUST-03731,Female,0,No,No,63,Yes,No,Fiber optic,No,Yes,No,No,Yes,No,Month-to-month,Yes,Mailed check,85.18,5331.48,Yes
CUST-03732,Male,0,Yes,Yes,8,Yes,Yes,DSL,Yes,No,No,Yes,No,No,Two year,No,Mailed check,65.5,518.22,No
CUST-03733,Female,0,No,No,17,Yes,Yes,Fiber optic,Yes,No,Yes,Yes,No,No,Month-to-month,Yes,Electronic check,84.25,1423.14,Yes
CUST-03734,Male,0,No,No,33,Yes,Yes,Fiber optic,No,No,No,No,Yes,No,Month-to-month,No,Mailed check,74.09,2455.21,No
CUST-03735,Male,0,No,Yes,65,Yes,Yes,DSL,Yes,Yes,Yes,Yes,Yes,No,One year,No,Credit card (automatic),69.25,4482.27,No
CUST-03736,Male,0,Yes,No,60,Yes,Yes,Fiber optic,Yes,No,No,No,No,Yes,Two year,No,Credit card (automatic),80.67,4824.04,No
CUST-03737,Female,0,No,No,64,Yes,No,Fiber optic,Yes,Yes,No,No,No,No,Month-to-month,No,Mailed check,84.88,5433.14,No
CUST-03738,Female,0,No,Yes,60,Yes,Yes,No,No internet service,No internet service,No internet service,No internet service,No internet service,No internet service,Month-to-month,No,Bank transfer (automatic),18.83,1092.29,No
CUST-03739,Female,0,Yes,No,45,Yes,No,DSL,No,No,No,No,Yes,No,Month-to-month,Yes,Electronic check,47.63,2103.12,Yes
CUST-03740,Male,0,No,No,21,Yes,Yes,Fiber optic,No,No,Yes,Yes,Yes,Yes,Two year,Yes,Electronic check,84.7,1776.4,No
CUST-03741,Male,0,Yes,No,44,Yes,Yes,DSL,Yes,Yes,Yes,No,Yes,No,Two year,Yes,Mailed check,62.98,2824.2,Yes
CUST-03742,Female,0,No,No,36,Yes,No,DSL,Yes,Yes,Yes,Yes,No,No,Month-to-month,Yes,Mailed check,70.98,2557.55,No
CUST-03743,Male,0,No,Yes,69,No,No phone service,DSL,Yes,No,Yes,No,Yes,Yes,Month-to-month,No,Bank transfer (automatic),67.86,4674.81,Yes
CUST-03744,Male,0,No,Yes,32,Yes,Yes,Fiber optic,No,Yes,Yes,No,No,No,Month-to-month,Yes,Mailed check,82.25,2640.63,No
CUST-03745,Female,0,Yes,No,55,Yes,No,DSL,Yes,No,Yes,No,No,No,One year,Yes,Mailed check,61.93,3417.72,No
CUST-03746,Male,1,Yes,No,12,No,No phone service,No,No internet service,No internet service,No internet service,No internet service,No internet service,No internet service,Month-to-month,Yes,Credit card (automatic),19.16,227.36,No
CUST-03747,Female,1,No,Yes,49,Yes,Yes,Fiber optic,No,No,No,Yes,No,No,Month-to-month,No,Credit card (automatic),75.71,3696.27,No
CUST-03748,Female,0,Yes,No,33,Yes,No,No,No internet service,No internet service,No internet service,No internet service,No internet service,No internet service,Month-to-month,Yes,Bank transfer (automatic),21.47,677.14,No
CUST-03749,Female,0,No,No,31,Yes,Yes,DSL,Yes,Yes,Yes,Yes,No,No,One year,No,Electronic check,65.4,2045.41,No
CUST-03750,Female,0,Yes,Yes,55,Yes,No,DSL,No,No,No,No,Yes,Yes,Two year,Yes,Mailed check,54.72,3000.19,No
CUST-03751,Female,0,No,No,35,Yes,Yes,Fiber optic,Yes,Yes,Yes,No,No,Yes,Month-to-month,Yes,Bank transfer (automatic),95.23,3342.53,Yes
CUST-03752,Female,0,Yes,No,4,Yes,Yes,Fiber optic,No,Yes,Yes,Yes,No,No,Two year,Yes,Mailed check,86.6,367.53,No
CUST-03753,Male,0,Yes,Yes,28,No,No phone service,Fiber optic,Yes,Yes,No,Yes,No,No,Month-to-month,No,Electronic check,87.14,2433.78,No
CUST-03754,Male,1,Yes,Yes,70,Yes,Yes,No,No internet service,No internet service,No internet service,No internet service,No internet service,No internet service,One year,Yes,Credit card (automatic),18.0,1230.69,No
CUST-03755,Male,1,Yes,Yes,69,Yes,Yes,Fiber optic,No,No,Yes,No,No,No,Two year,Yes,Electronic check,76.33,5262.24,No
CUST-03756,Female,0,Yes,No,44,Yes,Yes,No,No internet service,No internet service,No internet service,No internet service,No internet service,No internet service,One year,Yes,Electronic check,21.73,953.01,No
CUST-03757,Female,0,Yes,Yes,46,Yes,Yes,DSL,No,Yes,No,Yes,No,Yes,Month-to-month,Yes,Electronic check,59.12,2729.42,Yes
CUST-03758,Male,0,No,No,19,Yes,Yes,Fiber optic,No,No,No,No,Yes,Yes,Month-to-month,Yes,Electronic check,78.57,1481.39,Yes
CUST-03759,Female,0,Yes,No,56,No,No phone service,Fiber optic,Yes,No,Yes,Yes,Yes,Yes,Two year,Yes,Electronic check,94.5,5279.54,No
CUST-03760,Male,1,No,Yes,43,Yes,No,Fiber optic,No,No,Yes,Yes,No,Yes,One year,Yes,Electronic check,91.69,3934.96,No
CUST-03761,Female,0,No,No,2,Yes,Yes,Fiber optic,No,No,Yes,No,Yes,Yes,Month-to-month,No,Bank transfer (automatic),84.53,176.5,Yes
CUST-03762,Female,0,No,No,69,Yes,No,Fiber optic,No,Yes,No,No,Yes,Yes,One year,Yes,Credit card (automatic),82.85,5734.65,No
CUST-03763,Female,0,Yes,Yes,62,Yes,No,No,No internet service,No internet service,No internet service,No internet service,No internet service,No internet service,Month-to-month,Yes,Credit card (automatic),21.74,1394.55,No
CUST-03764,Male,0,Yes,No,5,Yes,Yes,DSL,Yes,Yes,Yes,Yes,Yes,No,Month-to-month,No,Bank transfer (automatic),67.36,375.38,No
CUST-03765,Male,0,Yes,Yes,30,Yes,Yes,DSL,No,Yes,Yes,No,No,Yes,Two year,No,Credit card (automatic),63.98,1916.73,No
CUST-03766,Female,0,No,No,54,Yes,Yes,DSL,No,No,Yes,No,No,No,Month-to-month,No,Mailed check,46.02,2470.7,Yes
CUST-03767,Female,0,No,Yes,53,Yes,Yes,DSL,Yes,No,Yes,Yes,Yes,Yes,Month-to-month,Yes,Bank transfer (automatic),75.93,4011.82,No
CUST-03768,Female,0,Yes,No,12,Yes,Yes,Fiber optic,No,Yes,Yes,Yes,Yes,No,Month-to-month,Yes,Mailed check,96.28,1129.11,Yes
CUST-03769,Male,0,Yes,No,2,Yes,No,Fiber optic,Yes,Yes,Yes,No,No,No,Two year,Yes,Mailed check,81.96,166.41,No
CUST-03770,Male,0,Yes,No,71,Yes,No,Fiber optic,No,Yes,Yes,No,No,No,Month-to-month,Yes,Electronic check,80.61,5703.5,Yes
CUST-03771,Male,0,Yes,No,65,No,No phone service,No,No internet service,No internet service,No internet service,No internet service,No internet service,No internet service,Month-to-month,Yes,Mailed check,22.71,1454.01,No
CUST-03772,Female,0,No,Yes,53,No,No phone service,No,No internet service,No internet service,No internet service,No internet service,No internet service,No internet service,Month-to-month,Yes,Electronic check,18.0,933.18,No
CUST-03773,Male,0,Yes,No,48,Yes,No,Fiber optic,Yes,Yes,No,Yes,No,Yes,Month-to-month,Yes,Mailed check,89.4,4308.97,Yes
CUST-03774,Male,0,Yes,Yes,50,Yes,No,Fiber optic,Yes,No,No,Yes,No,Yes,Month-to-month,Yes,Bank transfer (automatic),84.7,4233.35,No
CUST-03775,Male,0,Yes,Yes,33,Yes,Yes,DSL,No,No,No,Yes,No,Yes,Month-to-month,Yes,Mailed check,54.81,1781.48,No
CUST-03776,Female,0,Yes,Yes,49,Yes,No,Fiber optic,Yes,Yes,No,No,Yes,No,Month-to-month,Yes,Credit card (automatic),87.73,4316.39,Yes
CUST-03777,Female,0,Yes,No,22,Yes,No,Fiber optic,Yes,Yes,No,Yes,No,No,One year,Yes,Bank transfer (automatic),86.27,1921.76,No
CUST-03778,Female,0,Yes,No,6,Yes,No,DSL,No,No,No,No,Yes,Yes,Month-to-month,Yes,Credit card (automatic),54.7,319.01,No
CUST-03779,Male,0,Yes,Yes,22,Yes,No,Fiber optic,Yes,No,Yes,No,No,No,Month-to-month,Yes,Bank transfer (automatic),78.5,1711.33,No
CUST-03780,Male,0,Yes,No,21,Yes,No,Fiber optic,No,Yes,No,Yes,No,No,One year,No,Bank transfer (automatic),80.9,1681.45,No
CUST-03781,Male,0,No,No,22,Yes,No,DSL,No,Yes,Yes,Yes,Yes,No,Month-to-month,Yes,Credit card (automatic),69.31,1530.12,Yes
CUST-03782,Male,0,No,No,34,Yes,No,Fiber optic,No,No,Yes,Yes,Yes,Yes,Month-to-month,Yes,Electronic check,85.24,2916.39,No
CUST-03783,Female,0,Yes,No,9,Yes,Yes,Fiber optic,Yes,Yes,No,Yes,No,No,Two year,Yes,Electronic check,93.63,846.04,No
CUST-03784,Female,0,No,No,29,Yes,No,DSL,No,No,No,Yes,Yes,No,One year,No,Mailed check,63.91,1826.48,No
CUST-03785,Female,0,Yes,No,33,Yes,Yes,DSL,Yes,Yes,No,No,Yes,Yes,One year,Yes,Electronic check,73.63,2451.07,No
CUST-03786,Male,0,No,No,13,Yes,Yes,DSL,Yes,Yes,Yes,No,No,Yes,Month-to-month,Yes,Credit card (automatic),66.61,864.84,No
CUST-03787,Male,1,No,No,33,Yes,Yes,Fiber optic,Yes,Yes,Yes,No,No,Yes,Two year,Yes,Credit card (automatic),91.03,2999.97,No
CUST-03788,Female,0,Yes,Yes,49,Yes,No,Fiber optic,No,No,Yes,Yes,Yes,No,Month-to-month,No,Electronic check,84.01,4125.11,Yes
CUST-03789,Male,1,Yes,No,30,Yes,No,DSL,Yes,Yes,Yes,No,Yes,No,Month-to-month,Yes,Mailed check,62.57,1897.97,No
CUST-03790,Male,0,No,No,0,Yes,Yes,No,No internet service,No internet service,No internet service,No internet service,No internet service,No internet service,Two year,Yes,Electronic check,19.35,0.0,Yes
CUST-03791,Male,1,Yes,Yes,51,Yes,Yes,No,No internet service,No internet service,No internet service,No internet service,No internet service,No internet service,Month-to-month,No,Credit card (automatic),23.4,1166.57,No
CUST-03792,Male,1,Yes,Yes,42,No,No phone service,Fiber optic,Yes,No,No,Yes,No,No,One year,Yes,Credit card (automatic),79.27,3328.38,No
CUST-03793,Female,1,No,No,30,Yes,No,No,No internet service,No internet service,No internet service,No internet service,No internet service,No internet service,Month-to-month,Yes,Mailed check,18.0,539.28,No
CUST-03794,Female,0,No,No,1,Yes,No,Fiber optic,No,No,No,Yes,No,Yes,Month-to-month,No,Bank transfer (automatic),79.96,98.01,Yes
CUST-03795,Male,0,No,No,6,Yes,No,DSL,No,No,Yes,Yes,No,Yes,One year,No,Electronic check,57.65,371.26,No
CUST-03796,Female,0,No,Yes,5,Yes,Yes,Fiber optic,No,No,No,No,Yes,Yes,Month-to-month,Yes,Electronic check,88.67,433.29,Yes
CUST-03797,Male,0,No,No,62,No,No phone service,DSL,No,Yes,No,No,No,No,One year,No,Bank transfer (automatic),53.63,3331.63,No
CUST-03798,Male,0,No,Yes,22,Yes,No,Fiber optic,No,No,Yes,Yes,No,No,Month-to-month,Yes,Mailed check,83.49,1845.97,Yes
CUST-03799,Male,1,No,No,31,Yes,No,No,No internet service,No internet service,No internet service,No internet service,No internet service,No internet service,Month-to-month,No,Electronic check,22.43,706.47,Yes
CUST-03800,Female,0,No,Yes,50,Yes,Yes,Fiber optic,No,No,No,Yes,No,No,One year,No,Bank transfer (automatic),75.02,3718.58,Yes
CUST-03801,Female,0,No,No,47,Yes,No,DSL,No,No,No,No,Yes,No,Month-to-month,No,Credit card (automatic),51.31,2422.0,No
CUST-03802,Female,0,No,No,4,Yes,Yes,DSL,Yes,No,Yes,No,No,Yes,One year,Yes,Bank transfer (automatic),56.67,210.05,No
CUST-03803,Male,0,No,No,67,Yes,Yes,No,No internet service,No internet service,No internet service,No internet service,No internet service,No internet service,Month-to-month,Yes,Mailed check,18.0,1217.44,No
CUST-03804,Male,0,No,No,19,Yes,No,DSL,No,No,No,Yes,No,Yes,Month-to-month,No,Electronic check,56.73,1054.74,Yes
CUST-03805,Female,0,No,No,56,Yes,No,No,No internet service,No internet service,No internet service,No internet service,No internet service,No internet service,Month-to-month,Yes,Mailed check,24.75,1387.17,No
CUST-03806,Male,0,Yes,No,60,Yes,No,DSL,No,No,No,No,Yes,No,Two year,No,Credit card (automatic),54.23,3247.61,No
CUST-03807,Male,1,No,No,39,Yes,Yes,Fiber optic,No,No,Yes,No,No,Yes,Month-to-month,Yes,Mailed check,82.14,3246.05,No
CUST-03808,Female,0,Yes,No,11,Yes,No,DSL,No,No,No,No,Yes,No,Month-to-month,No,Credit card (automatic),49.93,531.29,No
CUST-03809,Female,0,Yes,No,39,Yes,Yes,DSL,Yes,No,Yes,Yes,No,Yes,Two year,Yes,Electronic check,59.95,2318.61,No
CUST-03810,Male,0,Yes,No,17,Yes,Yes,DSL,Yes,Yes,Yes,Yes,No,No,Month-to-month,Yes,Bank transfer (automatic),74.71,1299.35,No
CUST-03811,Male,1,No,No,62,Yes,Yes,DSL,Yes,Yes,Yes,Yes,No,Yes,Two year,No,Bank transfer (automatic),78.23,4867.21,No
CUST-03812,Female,1,No,No,55,No,No phone service,DSL,No,Yes,No,Yes,No,No,Month-to-month,Yes,Mailed check,55.84,3075.95,No
CUST-03813,Male,0,Yes,No,60,Yes,No,DSL,Yes,No,No,No,No,Yes,Month-to-month,Yes,Electronic check,52.91,3164.21,Yes
CUST-03814,Male,0,Yes,Yes,60,No,No phone service,Fiber optic,Yes,Yes,No,No,Yes,No,Month-to-month,Yes,Bank transfer (automatic),83.78,5002.94,Yes
CUST-03815,Male,0,Yes,No,13,Yes,Yes,Fiber optic,Yes,No,No,No,No,No,Month-to-month,Yes,Bank transfer (automatic),75.79,975.79,No
CUST-03816,Male,0,Yes,No,2,No,No phone service,DSL,Yes,No,No,No,No,No,One year,No,Mailed check,44.54,77.49,No
CUST-03817,Female,0,Yes,No,45,Yes,Yes,Fiber optic,Yes,Yes,Yes,No,Yes,No,Month-to-month,No,Mailed check,94.92,4256.49,Yes
CUST-03818,Female,0,No,No,44,Yes,No,Fiber optic,No,Yes,Yes,Yes,Yes,Yes,Month-to-month,No,Credit card (automatic),98.26,4312.3,No
CUST-03819,Female,0,Yes,No,63,Yes,Yes,No,No internet service,No internet service,No internet service,No internet service,No internet service,No internet service,Two year,Yes,Credit card (automatic),18.0,1121.93,No
CUST-03820,Male,0,Yes,No,46,Yes,Yes,Fiber optic,No,No,Yes,Yes,Yes,No,One year,Yes,Mailed check,82.57,3816.63,No
CUST-03821,Male,0,Yes,No,58,Yes,No,Fiber optic,Yes,Yes,Yes,Yes,Yes,No,Month-to-month,No,Bank transfer (automatic),99.54,5744.6,No
CUST-03822,Female,1,No,Yes,25,Yes,No,No,No internet service,No internet service,No internet service,No internet service,No internet service,No internet service,Month-to-month,Yes,Mailed check,22.82,577.52,No
CUST-03823,Male,0,No,No,9,Yes,No,No,No internet service,No internet service,No internet service,No internet service,No internet service,No internet service,Month-to-month,Yes,Credit card (automatic),29.87,273.36,No
CUST-03824,Female,0,Yes,Yes,2,Yes,Yes,No,No internet service,No internet service,No internet service,No internet service,No internet service,No internet service,Two year,Yes,Mailed check,19.64,37.14,No
CUST-03825,Female,0,Yes,No,31,Yes,No,Fiber optic,Yes,Yes,No,Yes,Yes,No,One year,No,Electronic check,92.61,2883.43,No
CUST-03826,Male,1,No,No,0,Yes,Yes,Fiber optic,No,No,No,Yes,Yes,Yes,One year,Yes,Electronic check,89.69,7.77,Yes
CUST-03827,Female,0,Yes,No,37,Yes,Yes,No,No internet service,No internet service,No internet service,No internet service,No internet service,No internet service,Month-to-month,Yes,Bank transfer (automatic),19.77,732.69,No
CUST-03828,Female,0,No,Yes,29,Yes,No,Fiber optic,Yes,Yes,No,No,No,No,Month-to-month,No,Electronic check,83.34,2438.12,Yes
CUST-03829,Male,0,No,Yes,18,Yes,No,DSL,No,No,No,No,No,No,Month-to-month,Yes,Bank transfer (automatic),41.2,691.68,No
CUST-03830,Female,0,No,Yes,43,No,No phone service,No,No internet service,No internet service,No internet service,No internet service,No internet service,No internet service,Month-to-month,Yes,Bank transfer (automatic),20.41,920.65,No
CUST-03831,Male,1,No,No,49,Yes,Yes,No,No internet service,No internet service,No internet service,No internet service,No internet service,No internet service,Month-to-month,Yes,Electronic check,19.1,958.58,Yes
CUST-03832,Female,0,Yes,No,2,Yes,No,DSL,No,No,No,No,Yes,Yes,Month-to-month,Yes,Bank transfer (automatic),57.31,148.36,Yes
CUST-03833,Female,0,Yes,No,34,Yes,Yes,DSL,No,Yes,No,Yes,No,Yes,Month-to-month,No,Electronic check,55.37,1864.36,No
CUST-03834,Male,0,Yes,No,68,Yes,No,No,No internet service,No internet service,No internet service,No internet service,No internet service,No internet service,Month-to-month,Yes,Credit card (automatic),18.0,1224.77,No
CUST-03835,Female,0,Yes,No,21,Yes,No,DSL,No,No,No,Yes,No,No,Month-to-month,Yes,Bank transfer (automatic),47.6,1005.2,Yes
CUST-03836,Male,0,Yes,Yes,57,Yes,Yes,Fiber optic,No,No,No,Yes,Yes,No,Month-to-month,Yes,Electronic check,82.51,4695.04,No
CUST-03837,Female,0,Yes,No,24,Yes,No,DSL,No,No,Yes,No,No,No,One year,Yes,Mailed check,50.49,1214.77,No
CUST-03838,Female,0,No,No,19,Yes,No,DSL,No,No,No,No,No,No,One year,Yes,Credit card (automatic),39.95,763.74,No
CUST-03839,Female,0,Yes,Yes,62,Yes,No,Fiber optic,No,No,Yes,Yes,Yes,No,Month-to-month,Yes,Electronic check,86.19,5319.24,Yes
CUST-03840,Female,1,No,No,26,No,No phone service,No,No internet service,No internet service,No internet service,No internet service,No internet service,No internet service,One year,Yes,Mailed check,18.0,482.3,No
CUST-03841,Male,1,Yes,No,63,Yes,Yes,Fiber optic,Yes,No,Yes,Yes,No,No,Month-to-month,Yes,Bank transfer (automatic),88.84,5609.57,No
CUST-03842,Female,1,Yes,No,47,Yes,Yes,DSL,No,Yes,Yes,Yes,Yes,No,Month-to-month,Yes,Bank transfer (automatic),71.83,3361.96,No
CUST-03843,Male,0,Yes,Yes,59,Yes,No,DSL,Yes,No,Yes,Yes,Yes,Yes,Two year,Yes,Mailed check,69.07,4048.65,No
CUST-03844,Female,0,No,No,59,Yes,Yes,DSL,Yes,Yes,Yes,Yes,No,No,Month-to-month,No,Electronic check,65.16,3846.53,No
CUST-03845,Male,0,No,Yes,66,Yes,Yes,No,No internet service,No internet service,No internet service,No internet service,No internet service,No internet service,One year,Yes,Mailed check,22.44,1464.15,No
CUST-03846,Female,1,No,No,40,Yes,No,Fiber optic,Yes,No,Yes,Yes,Yes,No,Month-to-month,Yes,Mailed check,97.61,3909.78,Yes
CUST-03847,Male,0,Yes,No,69,Yes,No,No,No internet service,No internet service,No internet service,No internet service,No internet service,No internet service,Month-to-month,Yes,Electronic check,20.16,1375.17,No
CUST-03848,Female,0,Yes,No,4,Yes,Yes,No,No internet service,No internet service,No internet service,No internet service,No internet service,No internet service,Month-to-month,Yes,Bank transfer (automatic),21.1,114.35,Yes
CUST-03849,Male,0,No,No,35,Yes,No,Fiber optic,Yes,No,Yes,No,No,No,Month-to-month,No,Mailed check,74.31,2587.1,Yes
CUST-03850,Female,0,Yes,Yes,28,No,No phone service,DSL,Yes,Yes,No,No,No,Yes,Month-to-month,Yes,Mailed check,59.63,1651.76,No
CUST-03851,Male,1,Yes,No,7,Yes,Yes,No,No internet service,No internet service,No internet service,No internet service,No internet service,No internet service,Month-to-month,No,Credit card (automatic),21.24,149.16,No
CUST-03852,Male,0,Yes,Yes,63,Yes,No,DSL,Yes,Yes,Yes,Yes,No,No,Month-to-month,Yes,Credit card (automatic),66.24,4141.15,No
CUST-03853,Male,0,Yes,No,58,Yes,Yes,No,No internet service,No internet service,No internet service,No internet service,No internet service,No internet service,Month-to-month,Yes,Credit card (automatic),21.32,1219.24,Yes
CUST-03854,Male,0,Yes,No,54,Yes,Yes,Fiber optic,Yes,Yes,No,No,Yes,No,Month-to-month,No,Credit card (automatic),89.64,4807.44,No
CUST-03855,Female,0,Yes,No,46,Yes,Yes,DSL,Yes,No,Yes,Yes,No,No,Month-to-month,Yes,Mailed check,64.42,2967.57,No
CUST-03856,Male,0,No,No,43,Yes,No,Fiber optic,Yes,No,No,No,No,Yes,Month-to-month,Yes,Mailed check,83.48,3608.19,No
CUST-03857,Male,1,No,No,27,Yes,Yes,Fiber optic,No,Yes,Yes,Yes,No,Yes,Month-to-month,Yes,Mailed check,87.25,2347.16,No
CUST-03858,Male,0,Yes,No,49,Yes,Yes,Fiber optic,No,No,Yes,No,Yes,Yes,One year,No,Electronic check,90.89,4478.7,No
CUST-03859,Male,0,Yes,No,71,Yes,No,Fiber optic,Yes,Yes,Yes,Yes,Yes,No,Two year,Yes,Credit card (automatic),96.37,6825.27,No
CUST-03860,Female,0,No,Yes,18,Yes,No,DSL,Yes,No,No,Yes,Yes,No,Month-to-month,No,Mailed check,61.75,1102.17,No
CUST-03861,Female,0,Yes,No,24,Yes,No,Fiber optic,Yes,No,Yes,Yes,No,Yes,Month-to-month,Yes,Bank transfer (automatic),93.18,2254.22,No
CUST-03862,Male,0,No,No,7,Yes,No,Fiber optic,No,Yes,No,No,Yes,Yes,Two year,No,Credit card (automatic),86.23,617.93,No
CUST-03863,Female,0,Yes,No,66,No,No phone service,No,No internet service,No internet service,No internet service,No internet service,No internet service,No internet service,One year,Yes,Electronic check,19.68,1308.01,No
CUST-03864,Female,1,No,No,38,Yes,Yes,No,No internet service,No internet service,No internet service,No internet service,No internet service,No internet service,Two year,Yes,Mailed check,22.47,876.06,No
CUST-03865,Female,0,No,Yes,43,Yes,No,Fiber optic,Yes,Yes,No,Yes,Yes,Yes,One year,Yes,Credit card (automatic),90.04,3870.69,No
CUST-03866,Female,0,Yes,No,19,Yes,No,No,No internet service,No internet service,No internet service,No internet service,No internet service,No internet service,One year,Yes,Mailed check,19.95,385.11,No
CUST-03867,Female,0,No,No,2,Yes,No,Fiber optic,No,No,Yes,No,Yes,Yes,Month-to-month,Yes,Credit card (automatic),92.64,171.66,Yes
CUST-03868,Male,0,No,No,58,Yes,No,DSL,No,No,Yes,No,Yes,No,Month-to-month,No,Bank transfer (automatic),49.07,2884.58,Yes
CUST-03869,Female,0,No,Yes,62,Yes,No,DSL,Yes,Yes,Yes,Yes,Yes,No,One year,No,Mailed check,83.85,5189.7,No
CUST-03870,Male,1,Yes,No,24,Yes,No,No,No internet service,No internet service,No internet service,No internet service,No internet service,No internet service,Month-to-month,Yes,Mailed check,18.61,442.38,Yes
CUST-03871,Male,0,Yes,No,55,Yes,Yes,Fiber optic,Yes,No,No,No,Yes,No,One year,No,Credit card (automatic),79.4,4371.19,No
CUST-03872,Female,1,Yes,No,41,Yes,No,No,No internet service,No internet service,No internet service,No internet service,No internet service,No internet service,Two year,No,Electronic check,20.24,843.18,No
CUST-03873,Male,0,No,No,46,Yes,Yes,Fiber optic,Yes,No,Yes,No,Yes,Yes,Month-to-month,No,Bank transfer (automatic),84.26,3889.1,Yes
CUST-03874,Female,0,Yes,No,12,Yes,Yes,DSL,No,No,No,Yes,No,No,Month-to-month,Yes,Credit card (automatic),51.51,563.94,Yes
CUST-03875,Female,0,Yes,No,44,Yes,No,Fiber optic,No,No,Yes,Yes,No,No,Two year,Yes,Credit card (automatic),79.94,3552.7,No
CUST-03876,Female,0,No,Yes,11,Yes,No,Fiber optic,Yes,Yes,Yes,Yes,No,Yes,Two year,No,Bank transfer (automatic),101.59,1149.69,No
CUST-03877,Male,1,Yes,No,15,Yes,No,Fiber optic,Yes,No,No,Yes,Yes,Yes,Two year,Yes,Mailed check,94.08,1436.25,No
CUST-03878,Male,0,No,Yes,26,Yes,No,No,No internet service,No internet service,No internet service,No internet service,No internet service,No internet service,One year,No,Credit card (automatic),22.17,579.35,No
CUST-03879,Male,0,Yes,No,15,Yes,Yes,Fiber optic,Yes,Yes,No,Yes,Yes,No,Two year,Yes,Mailed check,94.88,1448.15,No
CUST-03880,Female,0,No,No,66,Yes,No,Fiber optic,Yes,No,No,No,Yes,Yes,Month-to-month,No,Mailed check,82.46,5447.6,Yes
CUST-03881,Male,1,Yes,No,2,Yes,Yes,Fiber optic,No,No,Yes,No,Yes,Yes,Month-to-month,No,Bank transfer (automatic),88.39,181.77,Yes
CUST-03882,Female,0,Yes,No,65,Yes,Yes,DSL,No,No,No,Yes,Yes,Yes,Month-to-month,No,Mailed check,62.16,4054.36,Yes
CUST-03883,Male,0,No,Yes,11,Yes,Yes,No,No internet service,No internet service,No internet service,No internet service,No internet service,No internet service,Month-to-month,No,Mailed check,20.96,241.43,No
CUST-03884,Male,0,Yes,No,63,Yes,Yes,DSL,Yes,No,No,No,Yes,No,Two year,Yes,Mailed check,54.55,3457.13,No
CUST-03885,Male,1,Yes,No,24,No,No phone service,Fiber optic,No,No,Yes,Yes,Yes,Yes,Month-to-month,Yes,Bank transfer (automatic),83.08,1950.89,No
CUST-03886,Male,0,Yes,Yes,67,Yes,Yes,Fiber optic,Yes,Yes,Yes,No,Yes,No,One year,No,Electronic check,91.31,6115.99,Yes
CUST-03887,Male,0,No,No,39,Yes,Yes,DSL,No,No,No,Yes,Yes,Yes,Month-to-month,No,Bank transfer (automatic),60.49,2334.69,No
CUST-03888,Male,1,Yes,No,35,Yes,No,Fiber optic,Yes,No,No,No,Yes,No,One year,Yes,Bank transfer (automatic),83.8,2951.62,No
CUST-03889,Female,0,Yes,No,9,Yes,No,Fiber optic,Yes,Yes,Yes,Yes,No,No,Month-to-month,Yes,Electronic check,90.69,797.97,Yes
CUST-03890,Female,0,Yes,No,31,Yes,Yes,Fiber optic,No,No,Yes,Yes,No,Yes,Month-to-month,No,Electronic check,86.9,2688.24,No
CUST-03891,Female,0,Yes,No,40,Yes,No,Fiber optic,Yes,No,No,No,Yes,Yes,Month-to-month,Yes,Credit card (automatic),87.39,3514.33,No
CUST-03892,Male,0,No,No,71,Yes,Yes,DSL,Yes,Yes,No,No,No,Yes,Month-to-month,No,Credit card (automatic),56.54,4040.51,No
CUST-03893,Male,0,Yes,No,19,No,No phone service,DSL,Yes,Yes,No,No,Yes,No,Month-to-month,No,Electronic check,67.1,1292.56,No
CUST-03894,Female,0,No,Yes,6,Yes,Yes,Fiber optic,No,Yes,Yes,Yes,Yes,No,One year,Yes,Electronic check,91.36,563.22,Yes
CUST-03895,Female,0,No,Yes,18,Yes,Yes,Fiber optic,No,No,Yes,Yes,No,No,Month-to-month,Yes,Credit card (automatic),85.23,1510.39,No
CUST-03896,Female,0,No,No,17,Yes,No,Fiber optic,Yes,No,No,Yes,No,No,Two year,No,Credit card (automatic),81.6,1366.86,No
CUST-03897,Male,0,No,No,69,No,No phone service,DSL,No,Yes,No,Yes,Yes,Yes,Two year,Yes,Bank transfer (automatic),72.14,4950.85,No
CUST-03898,Male,0,Yes,No,10,Yes,No,DSL,Yes,Yes,Yes,Yes,No,No,Month-to-month,No,Credit card (automatic),63.03,609.18,No
CUST-03899,Female,0,No,No,72,No,No phone service,Fiber optic,No,Yes,Yes,No,Yes,No,Month-to-month,Yes,Mailed check,88.87,6401.8,No
CUST-03900,Female,0,No,No,8,Yes,No,No,No internet service,No internet service,No internet service,No internet service,No internet service,No internet service,Month-to-month,Yes,Mailed check,18.0,164.11,No
CUST-03901,Female,0,No,Yes,59,Yes,Yes,Fiber optic,No,No,No,No,No,No,Month-to-month,Yes,Credit card (automatic),65.69,3895.75,Yes
CUST-03902,Female,0,Yes,No,30,Yes,Yes,Fiber optic,No,No,No,No,No,No,Month-to-month,Yes,Mailed check,66.83,1967.87,No
CUST-03903,Male,0,Yes,No,3,Yes,No,Fiber optic,Yes,No,Yes,Yes,No,Yes,Two year,No,Mailed check,92.8,277.67,No
CUST-03904,Female,0,No,No,44,Yes,Yes,Fiber optic,Yes,Yes,Yes,Yes,Yes,Yes,Two year,No,Bank transfer (automatic),97.67,4292.0,No
CUST-03905,Female,0,Yes,Yes,53,Yes,Yes,No,No internet service,No internet service,No internet service,No internet service,No internet service,No internet service,Month-to-month,Yes,Mailed check,21.61,1098.99,No
CUST-03906,Female,1,No,No,61,Yes,Yes,DSL,Yes,Yes,No,No,No,Yes,One year,Yes,Mailed check,63.77,3906.57,Yes
CUST-03907,Female,0,Yes,No,13,Yes,Yes,Fiber optic,No,Yes,No,No,No,Yes,Two year,No,Electronic check,80.25,1059.29,Yes
CUST-03908,Male,0,No,No,45,Yes,No,DSL,No,No,No,Yes,No,Yes,Month-to-month,Yes,Electronic check,54.9,2458.35,Yes
CUST-03909,Female,0,Yes,No,41,Yes,No,DSL,No,No,Yes,Yes,Yes,Yes,Two year,Yes,Bank transfer (automatic),76.56,3132.77,No
CUST-03910,Male,0,Yes,Yes,32,Yes,Yes,DSL,No,No,Yes,Yes,No,No,Two year,No,Mailed check,55.59,1781.79,No
CUST-03911,Female,0,Yes,No,65,Yes,No,DSL,No,No,Yes,Yes,No,Yes,Two year,Yes,Credit card (automatic),54.99,3582.63,No
CUST-03912,Male,0,No,No,30,Yes,Yes,DSL,Yes,Yes,No,No,Yes,Yes,One year,Yes,Bank transfer (automatic),64.65,1926.53,No
CUST-03913,Female,1,No,No,27,Yes,Yes,DSL,Yes,Yes,No,Yes,No,Yes,Month-to-month,Yes,Bank transfer (automatic),73.95,1979.47,No
CUST-03914,Female,0,No,No,38,Yes,No,DSL,No,No,Yes,Yes,No,No,Month-to-month,Yes,Credit card (automatic),55.38,2082.72,Yes
CUST-03915,Male,0,No,No,67,Yes,No,DSL,Yes,Yes,No,Yes,No,Yes,Two year,Yes,Mailed check,72.24,4869.86,No
CUST-03916,Male,0,No,No,63,Yes,Yes,DSL,Yes,Yes,Yes,Yes,No,No,Month-to-month,Yes,Credit card (automatic),64.01,4057.02,No
CUST-03917,Female,0,No,No,51,Yes,Yes,Fiber optic,Yes,No,Yes,Yes,Yes,Yes,Month-to-month,Yes,Credit card (automatic),103.19,5240.84,No
CUST-03918,Male,1,No,No,5,Yes,No,No,No internet service,No internet service,No internet service,No internet service,No internet service,No internet service,Month-to-month,No,Bank transfer (automatic),22.74,95.78,No
CUST-03919,Female,0,No,Yes,21,Yes,Yes,Fiber optic,Yes,Yes,Yes,No,No,No,Month-to-month,Yes,Bank transfer (automatic),86.29,1790.88,No
CUST-03920,Female,0,No,No,1,Yes,No,DSL,Yes,No,No,No,Yes,Yes,Month-to-month,No,Credit card (automatic),59.84,30.14,Yes
CUST-03921,Female,0,Yes,No,6,Yes,Yes,Fiber optic,Yes,No,No,No,No,No,Two year,Yes,Bank transfer (automatic),74.19,484.16,No
CUST-03922,Male,0,No,No,60,Yes,Yes,Fiber optic,Yes,Yes,No,Yes,Yes,No,Month-to-month,Yes,Mailed check,96.89,5798.71,No
CUST-03923,Male,0,Yes,No,59,Yes,No,DSL,Yes,No,No,No,Yes,Yes,Month-to-month,Yes,Credit card (automatic),62.24,3687.35,Yes
CUST-03924,Female,0,Yes,No,7,Yes,No,Fiber optic,No,Yes,No,No,No,Yes,Month-to-month,No,Credit card (automatic),78.64,543.71,Yes
CUST-03925,Female,0,No,Yes,33,Yes,No,DSL,Yes,No,No,No,No,Yes,One year,Yes,Mailed check,55.45,1825.46,No
CUST-03926,Female,0,No,No,20,Yes,No,Fiber optic,No,Yes,No,Yes,No,No,One year,Yes,Mailed check,78.49,1564.02,No
CUST-03927,Male,0,Yes,Yes,5,Yes,No,Fiber optic,No,Yes,No,No,No,Yes,Two year,No,Bank transfer (automatic),79.03,402.5,No
CUST-03928,Female,0,Yes,Yes,27,Yes,No,Fiber optic,No,No,Yes,Yes,Yes,Yes,Two year,Yes,Bank transfer (automatic),94.26,2541.32,No
CUST-03929,Female,0,No,Yes,7,Yes,No,DSL,Yes,No,No,No,Yes,Yes,Month-to-month,No,Mailed check,68.03,491.12,Yes
CUST-03930,Female,0,Yes,No,53,Yes,Yes,DSL,Yes,Yes,No,Yes,Yes,Yes,Two year,Yes,Bank transfer (automatic),78.58,4187.85,No
CUST-03931,Male,0,Yes,Yes,70,Yes,Yes,No,No internet service,No internet service,No internet service,No internet service,No internet service,No internet service,Month-to-month,No,Mailed check,18.92,1311.99,No
CUST-03932,Female,0,No,No,30,Yes,No,Fiber optic,No,Yes,No,No,No,Yes,One year,No,Electronic check,78.98,2373.48,No
CUST-03933,Female,1,No,No,17,Yes,No,Fiber optic,No,No,Yes,No,Yes,No,One year,Yes,Electronic check,88.73,1475.74,Yes
CUST-03934,Male,0,No,Yes,36,Yes,Yes,No,No internet service,No internet service,No internet service,No internet service,No internet service,No internet service,Month-to-month,Yes,Credit card (automatic),23.53,836.64,No
CUST-03935,Female,0,No,No,70,Yes,Yes,Fiber optic,Yes,Yes,No,Yes,Yes,Yes,Month-to-month,No,Credit card (automatic),98.24,6877.16,No
CUST-03936,Female,0,Yes,No,11,Yes,Yes,DSL,Yes,Yes,Yes,Yes,No,No,One year,Yes,Electronic check,73.06,799.68,No
CUST-03937,Male,0,Yes,No,49,Yes,No,Fiber optic,Yes,No,Yes,No,No,No,Month-to-month,Yes,Credit card (automatic),77.61,3800.71,No
CUST-03938,Female,1,No,No,6,Yes,No,DSL,No,No,No,No,Yes,No,One year,Yes,Mailed check,51.28,318.01,No
CUST-03939,Female,0,No,No,21,No,No phone service,Fiber optic,Yes,Yes,Yes,No,No,Yes,Month-to-month,Yes,Electronic check,96.75,2046.26,No
CUST-03940,Female,0,Yes,Yes,32,Yes,No,Fiber optic,Yes,Yes,Yes,No,No,No,One year,Yes,Mailed check,87.94,2771.56,No
CUST-03941,Male,1,Yes,No,28,Yes,Yes,DSL,Yes,Yes,Yes,Yes,Yes,Yes,Two year,Yes,Electronic check,82.45,2312.26,No
CUST-03942,Female,0,Yes,Yes,13,Yes,Yes,DSL,No,No,Yes,Yes,Yes,No,Month-to-month,No,Electronic check,66.16,853.78,No
CUST-03943,Female,0,Yes,No,56,Yes,No,Fiber optic,Yes,No,No,No,No,No,Month-to-month,Yes,Electronic check,77.06,4305.72,Yes
CUST-03944,Male,0,Yes,Yes,49,Yes,No,Fiber optic,No,No,No,No,No,Yes,One year,No,Electronic check,75.12,3708.8,Yes
CUST-03945,Female,0,Yes,No,31,No,No phone service,DSL,No,Yes,No,Yes,No,No,Month-to-month,No,Mailed check,58.1,1765.96,No
CUST-03946,Male,0,No,No,30,Yes,Yes,DSL,No,Yes,No,No,No,Yes,Month-to-month,Yes,Credit card (automatic),53.79,1612.64,Yes
CUST-03947,Male,0,Yes,Yes,5,Yes,No,Fiber optic,Yes,Yes,No,Yes,No,No,One year,No,Bank transfer (automatic),88.76,472.58,No
CUST-03948,Female,0,No,Yes,48,Yes,No,No,No internet service,No internet service,No internet service,No internet service,No internet service,No internet service,Month-to-month,Yes,Electronic check,21.02,1010.4,No
CUST-03949,Male,0,No,Yes,16,Yes,No,No,No internet service,No internet service,No internet service,No internet service,No internet service,No internet service,One year,Yes,Bank transfer (automatic),21.17,319.72,No
CUST-03950,Male,0,No,No,21,Yes,No,Fiber optic,No,Yes,No,No,Yes,No,Month-to-month,Yes,Credit card (automatic),77.33,1619.6,Yes
CUST-03951,Male,0,No,No,62,Yes,Yes,Fiber optic,No,No,No,Yes,No,Yes,Month-to-month,Yes,Electronic check,71.15,4446.72,Yes
CUST-03952,Female,0,Yes,Yes,46,No,No phone service,Fiber optic,Yes,No,No,No,No,No,Month-to-month,Yes,Electronic check,65.55,3038.74,Yes
CUST-03953,Male,0,Yes,No,50,Yes,Yes,DSL,No,No,Yes,No,No,No,Two year,Yes,Mailed check,50.4,2509.64,No
CUST-03954,Female,0,No,Yes,19,Yes,No,DSL,Yes,Yes,Yes,Yes,Yes,Yes,Month-to-month,Yes,Electronic check,85.57,1656.53,Yes
CUST-03955,Female,0,Yes,No,36,Yes,Yes,DSL,No,No,No,Yes,No,No,Month-to-month,No,Bank transfer (automatic),50.85,1843.35,No
CUST-03956,Female,0,Yes,No,1,Yes,No,No,No internet service,No internet service,No internet service,No internet service,No internet service,No internet service,Month-to-month,No,Bank transfer (automatic),20.11,0.0,No
CUST-03957,Female,0,Yes,No,17,No,No phone service,Fiber optic,Yes,Yes,No,Yes,Yes,Yes,One year,No,Mailed check,96.96,1646.2,Yes
CUST-03958,Male,0,No,No,58,Yes,No,DSL,Yes,Yes,No,Yes,No,No,One year,Yes,Mailed check,61.02,3575.66,No
CUST-03959,Male,0,Yes,No,34,Yes,Yes,Fiber optic,Yes,Yes,Yes,No,Yes,No,Month-to-month,No,Bank transfer (automatic),91.05,3092.57,Yes
CUST-03960,Female,0,No,Yes,46,Yes,No,DSL,No,Yes,Yes,No,No,No,Month-to-month,No,Bank transfer (automatic),61.08,2840.09,No
CUST-03961,Female,0,Yes,No,57,Yes,Yes,Fiber optic,No,Yes,No,No,Yes,Yes,Month-to-month,No,Bank transfer (automatic),85.34,4835.69,No
CUST-03962,Female,0,No,Yes,68,Yes,No,Fiber optic,Yes,No,No,No,No,No,One year,No,Electronic check,82.01,5550.5,No
CUST-03963,Male,0,Yes,Yes,5,Yes,No,No,No internet service,No internet service,No internet service,No internet service,No internet service,No internet service,Two year,Yes,Bank transfer (automatic),22.91,137.2,No
CUST-03964,Male,0,No,No,42,Yes,No,Fiber optic,No,Yes,Yes,Yes,Yes,Yes,One year,No,Bank transfer (automatic),90.12,3802.08,No
CUST-03965,Female,1,No,No,72,Yes,Yes,No,No internet service,No internet service,No internet service,No internet service,No internet service,No internet service,One year,Yes,Bank transfer (automatic),18.0,1295.48,No
CUST-03966,Female,0,Yes,No,14,Yes,No,DSL,Yes,Yes,Yes,No,No,No,Month-to-month,No,Mailed check,66.16,943.62,No
CUST-03967,Male,0,Yes,No,62,Yes,Yes,Fiber optic,No,Yes,No,Yes,No,Yes,One year,Yes,Credit card (automatic),88.12,5451.59,No
CUST-03968,Female,1,No,No,42,Yes,No,No,No internet service,No internet service,No internet service,No internet service,No internet service,No internet service,One year,Yes,Electronic check,18.0,733.47,No
CUST-03969,Female,1,No,Yes,23,Yes,Yes,DSL,Yes,Yes,No,Yes,No,Yes,Month-to-month,No,Bank transfer (automatic),70.16,1621.41,No
CUST-03970,Male,0,Yes,No,57,Yes,No,No,No internet service,No internet service,No internet service,No internet service,No internet service,No internet service,Two year,No,Electronic check,18.0,1020.26,No
CUST-03971,Female,0,Yes,No,63,Yes,No,No,No internet service,No internet service,No internet service,No internet service,No internet service,No internet service,Month-to-month,No,Credit card (automatic),20.88,1323.77,No
CUST-03972,Male,1,Yes,Yes,10,Yes,Yes,Fiber optic,No,Yes,Yes,No,Yes,Yes,One year,Yes,Credit card (automatic),95.72,961.33,No
CUST-03973,Male,0,Yes,No,49,Yes,Yes,DSL,Yes,No,Yes,Yes,No,Yes,One year,Yes,Bank transfer (automatic),64.1,3134.2,No
CUST-03974,Male,0,Yes,No,68,No,No phone service,DSL,Yes,Yes,No,Yes,No,No,Two year,Yes,Bank transfer (automatic),64.21,4403.96,No
CUST-03975,Female,0,Yes,No,48,Yes,No,Fiber optic,No,No,Yes,No,Yes,No,Month-to-month,No,Electronic check,79.62,3801.01,Yes
CUST-03976,Female,0,Yes,No,39,Yes,Yes,No,No internet service,No internet service,No internet service,No internet service,No internet service,No internet service,Two year,Yes,Electronic check,18.0,705.06,No
CUST-03977,Female,0,No,No,10,Yes,No,DSL,No,No,Yes,Yes,No,Yes,Month-to-month,Yes,Electronic check,65.13,649.44,Yes
CUST-03978,Female,0,No,No,32,Yes,Yes,DSL,No,No,No,No,No,Yes,Month-to-month,Yes,Electronic check,47.65,1530.95,No
CUST-03979,Male,0,No,No,66,Yes,No,DSL,Yes,Yes,No,No,Yes,No,Two year,Yes,Mailed check,61.99,4092.27,No
CUST-03980,Male,0,No,No,58,Yes,No,Fiber optic,Yes,Yes,No,No,No,Yes,Month-to-month,Yes,Electronic check,90.94,5296.11,Yes
CUST-03981,Male,0,No,No,32,Yes,No,Fiber optic,No,Yes,No,Yes,Yes,Yes,One year,No,Credit card (automatic),90.0,2886.25,No
CUST-03982,Female,1,Yes,No,22,Yes,No,Fiber optic,No,No,No,Yes,Yes,Yes,Month-to-month,No,Bank transfer (automatic),83.58,1825.75,Yes
CUST-03983,Female,0,No,Yes,58,Yes,No,Fiber optic,No,No,No,No,Yes,No,Two year,Yes,Bank transfer (automatic),74.41,4295.24,No
CUST-03984,Female,1,Yes,No,70,Yes,No,Fiber optic,Yes,No,Yes,No,Yes,Yes,One year,Yes,Bank transfer (automatic),97.34,6798.41,No
CUST-03985,Male,1,No,No,21,Yes,Yes,Fiber optic,Yes,No,Yes,Yes,Yes,No,Month-to-month,No,Electronic check,95.22,1983.35,Yes
CUST-03986,Male,0,No,No,59,Yes,No,Fiber optic,Yes,No,Yes,No,No,No,Two year,Yes,Mailed check,83.12,4917.65,No
CUST-03987,Male,0,No,No,22,Yes,No,DSL,No,Yes,No,Yes,No,No,Month-to-month,No,Electronic check,58.85,1293.05,No
CUST-03988,Male,0,Yes,No,60,Yes,No,DSL,Yes,Yes,Yes,No,Yes,Yes,One year,Yes,Electronic check,64.92,3903.11,Yes
CUST-03989,Male,1,No,No,70,Yes,Yes,No,No internet service,No internet service,No internet service,No internet service,No internet service,No internet service,One year,Yes,Mailed check,22.09,1518.75,No
CUST-03990,Female,0,Yes,No,48,Yes,Yes,Fiber optic,No,Yes,No,Yes,Yes,No,One year,Yes,Mailed check,83.95,4023.28,No
CUST-03991,Female,0,Yes,Yes,36,Yes,Yes,DSL,Yes,No,Yes,No,Yes,No,One year,Yes,Mailed check,60.07,2172.18,No
CUST-03992,Male,1,Yes,No,22,Yes,Yes,Fiber optic,No,Yes,Yes,No,No,No,Two year,Yes,Bank transfer (automatic),79.67,1773.54,No
CUST-03993,Male,0,Yes,No,4,Yes,No,Fiber optic,Yes,No,Yes,No,No,No,One year,Yes,Bank transfer (automatic),79.41,287.93,No
CUST-03994,Female,1,No,Yes,3,Yes,No,DSL,No,No,No,Yes,Yes,No,Two year,Yes,Mailed check,58.68,207.4,No
CUST-03995,Male,0,Yes,Yes,61,Yes,No,Fiber optic,Yes,No,No,No,No,Yes,Month-to-month,No,Electronic check,82.35,5052.17,Yes
CUST-03996,Male,0,Yes,No,48,Yes,Yes,DSL,Yes,Yes,No,No,Yes,Yes,Month-to-month,Yes,Mailed check,62.49,3019.87,No
CUST-03997,Female,0,No,No,16,No,No phone service,No,No internet service,No internet service,No internet service,No internet service,No internet service,No internet service,One year,Yes,Mailed check,21.67,372.03,No
CUST-03998,Female,0,No,No,40,Yes,Yes,Fiber optic,No,Yes,Yes,No,Yes,Yes,Month-to-month,Yes,Electronic check,98.95,3950.43,Yes
CUST-03999,Female,0,Yes,Yes,64,Yes,Yes,No,No internet service,No internet service,No internet service,No internet service,No internet service,No internet service,Month-to-month,Yes,Bank transfer (automatic),21.85,1382.45,No
CUST-04000,Male,1,No,No,47,Yes,No,Fiber optic,No,Yes,No,Yes,No,No,One year,Yes,Mailed check,76.99,3620.23,No
CUST-04001,Female,0,No,Yes,66,Yes,Yes,No,No internet service,No internet service,No internet service,No internet service,No internet service,No internet service,Month-to-month,Yes,Credit card (automatic),22.71,1504.88,No
CUST-04002,Male,0,Yes,Yes,8,Yes,No,Fiber optic,No,Yes,No,No,Yes,Yes,Month-to-month,No,Electronic check,84.1,660.3,Yes
CUST-04003,Male,1,No,No,5,Yes,No,DSL,Yes,Yes,Yes,No,No,No,Month-to-month,Yes,Credit card (automatic),60.68,315.19,Yes
CUST-04004,Female,0,No,No,48,Yes,No,No,No internet service,No internet service,No internet service,No internet service,No internet service,No internet service,Month-to-month,Yes,Mailed check,18.0,892.19,No
CUST-04005,Female,0,Yes,No,42,Yes,No,No,No internet service,No internet service,No internet service,No internet service,No internet service,No internet service,Month-to-month,Yes,Mailed check,24.75,1057.41,No
CUST-04006,Male,1,No,Yes,50,Yes,Yes,No,No internet service,No internet service,No internet service,No internet service,No internet service,No internet service,Month-to-month,Yes,Mailed check,18.0,900.94,No
CUST-04007,Female,0,Yes,Yes,71,Yes,Yes,No,No internet service,No internet service,No internet service,No internet service,No internet service,No internet service,Two year,No,Mailed check,20.97,1440.06,No
CUST-04008,Male,0,No,No,7,Yes,No,Fiber optic,No,Yes,No,Yes,No,Yes,Month-to-month,No,Electronic check,85.54,568.06,Yes
CUST-04009,Male,0,Yes,Yes,67,Yes,Yes,Fiber optic,No,No,No,No,Yes,No,Two year,Yes,Credit card (automatic),77.91,5218.09,No
CUST-04010,Male,0,Yes,Yes,4,Yes,No,No,No internet service,No internet service,No internet service,No internet service,No internet service,No internet service,Two year,Yes,Mailed check,25.18,113.56,No
CUST-04011,Female,0,No,Yes,38,Yes,Yes,DSL,Yes,Yes,Yes,Yes,Yes,No,Month-to-month,No,Credit card (automatic),72.66,2732.64,No
CUST-04012,Female,0,No,No,60,Yes,No,No,No internet service,No internet service,No internet service,No internet service,No internet service,No internet service,Two year,No,Credit card (automatic),22.82,1371.12,No
CUST-04013,Male,0,Yes,No,49,Yes,No,No,No internet service,No internet service,No internet service,No internet service,No internet service,No internet service,Month-to-month,No,Bank transfer (automatic),24.6,1219.63,No
CUST-04014,Male,0,Yes,Yes,16,Yes,Yes,Fiber optic,No,Yes,Yes,Yes,Yes,Yes,One year,No,Mailed check,102.57,1639.82,No
CUST-04015,Male,0,Yes,No,44,Yes,No,Fiber optic,Yes,No,Yes,No,Yes,No,Two year,Yes,Bank transfer (automatic),83.77,3673.46,No
CUST-04016,Male,0,No,No,65,No,No phone service,Fiber optic,Yes,No,Yes,No,Yes,No,Two year,No,Mailed check,93.38,6040.05,No
CUST-04017,Male,0,Yes,No,14,Yes,No,No,No internet service,No internet service,No internet service,No internet service,No internet service,No internet service,Month-to-month,Yes,Bank transfer (automatic),21.06,310.29,No
CUST-04018,Male,0,Yes,No,68,Yes,Yes,DSL,No,No,Yes,Yes,No,Yes,Month-to-month,Yes,Credit card (automatic),61.54,4171.63,No
CUST-04019,Female,0,No,No,47,Yes,No,DSL,No,Yes,Yes,No,Yes,Yes,Month-to-month,No,Bank transfer (automatic),73.67,3495.42,No
CUST-04020,Male,1,Yes,No,6,Yes,Yes,Fiber optic,Yes,Yes,No,No,No,Yes,Two year,Yes,Mailed check,82.7,499.74,Yes
CUST-04021,Male,0,Yes,Yes,24,Yes,Yes,No,No internet service,No internet service,No internet service,No internet service,No internet service,No internet service,Month-to-month,Yes,Credit card (automatic),21.53,524.1,No
CUST-04022,Female,0,No,No,62,Yes,No,Fiber optic,No,Yes,Yes,No,Yes,No,Month-to-month,Yes,Electronic check,83.79,5211.63,Yes
CUST-04023,Male,0,Yes,Yes,24,Yes,Yes,Fiber optic,Yes,No,Yes,Yes,Yes,No,Month-to-month,Yes,Bank transfer (automatic),93.97,2247.99,No
CUST-04024,Male,0,No,No,69,Yes,Yes,DSL,Yes,Yes,Yes,Yes,Yes,Yes,Month-to-month,Yes,Credit card (automatic),72.82,5033.98,No
CUST-04025,Male,1,No,No,30,Yes,Yes,Fiber optic,No,No,No,No,Yes,Yes,Month-to-month,No,Bank transfer (automatic),78.26,2334.89,No
CUST-04026,Male,0,Yes,Yes,25,Yes,No,No,No internet service,No internet service,No internet service,No internet service,No internet service,No internet service,Month-to-month,No,Mailed check,23.93,582.24,No
CUST-04027,Male,0,No,Yes,62,Yes,No,Fiber optic,Yes,No,Yes,Yes,Yes,No,One year,No,Credit card (automatic),88.88,5492.33,No
CUST-04028,Female,0,No,Yes,57,No,No phone service,Fiber optic,No,No,Yes,No,Yes,No,Month-to-month,No,Electronic check,77.52,4408.86,Yes
CUST-04029,Male,0,No,Yes,17,Yes,No,Fiber optic,Yes,No,No,No,No,No,Month-to-month,Yes,Credit card (automatic),70.55,1240.52,No
CUST-04030,Female,0,No,No,57,Yes,Yes,Fiber optic,No,No,Yes,Yes,Yes,Yes,Month-to-month,Yes,Mailed check,87.64,4977.4,No
CUST-04031,Female,1,Yes,Yes,18,Yes,No,Fiber optic,No,No,Yes,Yes,Yes,No,Month-to-month,Yes,Mailed check,87.02,1578.64,Yes
CUST-04032,Male,0,Yes,No,65,Yes,Yes,Fiber optic,Yes,No,No,No,Yes,No,One year,Yes,Mailed check,82.6,5364.46,No
CUST-04033,Male,0,No,No,0,Yes,Yes,Fiber optic,Yes,No,Yes,Yes,Yes,Yes,Month-to-month,Yes,Credit card (automatic),86.75,0.0,No
CUST-04034,Male,0,Yes,Yes,48,Yes,No,Fiber optic,No,Yes,No,Yes,No,No,Month-to-month,No,Mailed check,75.05,3618.23,No
CUST-04035,Male,0,Yes,Yes,11,No,No phone service,Fiber optic,No,Yes,Yes,No,No,Yes,Month-to-month,Yes,Mailed check,79.72,866.85,Yes
CUST-04036,Female,0,No,No,49,Yes,Yes,No,No internet service,No internet service,No internet service,No internet service,No internet service,No internet service,Month-to-month,Yes,Bank transfer (automatic),21.37,1038.2,No
CUST-04037,Female,0,Yes,No,71,Yes,Yes,DSL,Yes,Yes,Yes,Yes,Yes,Yes,Two year,No,Electronic check,75.1,5353.76,No
CUST-04038,Male,0,No,No,48,Yes,Yes,DSL,No,Yes,Yes,Yes,No,No,Two year,No,Mailed check,59.94,2871.88,No
CUST-04039,Male,0,No,Yes,31,Yes,Yes,Fiber optic,No,Yes,No,Yes,No,No,Month-to-month,Yes,Electronic check,80.27,2492.85,Yes
CUST-04040,Male,1,No,No,60,Yes,Yes,No,No internet service,No internet service,No internet service,No internet service,No internet service,No internet service,Month-to-month,Yes,Bank transfer (automatic),20.39,1222.84,Yes
CUST-04041,Female,0,Yes,No,14,Yes,Yes,Fiber optic,Yes,No,No,No,Yes,No,Month-to-month,No,Electronic check,72.65,1015.22,Yes
CUST-04042,Female,1,Yes,No,39,Yes,Yes,Fiber optic,Yes,No,No,Yes,Yes,Yes,One year,Yes,Bank transfer (automatic),94.76,3669.25,No
CUST-04043,Male,0,No,No,70,Yes,Yes,Fiber optic,No,Yes,No,No,Yes,No,Month-to-month,Yes,Mailed check,86.87,6098.06,Yes
CUST-04044,Male,0,Yes,No,25,Yes,Yes,DSL,Yes,Yes,No,No,Yes,Yes,Two year,No,Electronic check,75.31,1887.19,No
CUST-04045,Male,1,No,No,1,Yes,Yes,No,No internet service,No internet service,No internet service,No internet service,No internet service,No internet service,Month-to-month,Yes,Credit card (automatic),18.0,34.28,No
CUST-04046,Male,0,No,No,32,Yes,No,Fiber optic,Yes,No,No,Yes,Yes,Yes,Two year,Yes,Mailed check,89.7,2872.71,Yes
CUST-04047,Male,0,Yes,No,35,Yes,Yes,Fiber optic,No,No,No,No,No,No,Month-to-month,Yes,Mailed check,69.43,2451.17,Yes
CUST-04048,Male,0,Yes,Yes,59,Yes,No,No,No internet service,No internet service,No internet service,No internet service,No internet service,No internet service,Month-to-month,No,Electronic check,25.1,1483.93,No
CUST-04049,Male,0,No,No,58,Yes,No,Fiber optic,No,Yes,Yes,No,Yes,No,Month-to-month,No,Credit card (automatic),87.66,5111.72,No
CUST-04050,Male,1,Yes,Yes,24,No,No phone service,DSL,No,Yes,Yes,Yes,Yes,Yes,Month-to-month,Yes,Credit card (automatic),72.32,1717.57,No
CUST-04051,Male,0,No,No,56,Yes,No,DSL,No,No,Yes,Yes,No,No,Two year,Yes,Electronic check,56.23,3133.07,No
CUST-04052,Female,0,No,No,10,Yes,Yes,DSL,No,No,Yes,No,Yes,No,Month-to-month,Yes,Mailed check,55.8,593.74,Yes
CUST-04053,Female,0,Yes,No,13,Yes,No,No,No internet service,No internet service,No internet service,No internet service,No internet service,No internet service,Month-to-month,Yes,Electronic check,18.0,250.54,Yes
CUST-04054,Male,0,No,No,44,Yes,Yes,No,No internet service,No internet service,No internet service,No internet service,No internet service,No internet service,Two year,Yes,Bank transfer (automatic),19.79,908.07,No
CUST-04055,Male,0,Yes,Yes,51,Yes,No,Fiber optic,No,Yes,No,Yes,No,No,Month-to-month,No,Electronic check,76.57,3917.33,Yes
CUST-04056,Female,1,Yes,Yes,58,Yes,No,No,No internet service,No internet service,No internet service,No internet service,No internet service,No internet service,Month-to-month,No,Mailed check,18.0,1038.44,No
CUST-04057,Female,0,No,No,45,Yes,No,DSL,Yes,Yes,No,Yes,No,Yes,Month-to-month,Yes,Bank transfer (automatic),72.09,3281.4,No
CUST-04058,Male,1,No,Yes,9,Yes,Yes,DSL,Yes,No,No,No,Yes,No,Month-to-month,Yes,Credit card (automatic),55.08,459.35,No
CUST-04059,Female,0,No,Yes,49,Yes,No,DSL,Yes,No,No,Yes,Yes,No,Two year,Yes,Credit card (automatic),61.11,3010.39,No
CUST-04060,Male,0,No,No,31,No,No phone service,No,No internet service,No internet service,No internet service,No internet service,No internet service,No internet service,Month-to-month,Yes,Mailed check,18.8,532.0,No
CUST-04061,Male,0,No,No,19,Yes,Yes,DSL,No,Yes,Yes,Yes,No,No,One year,No,Electronic check,59.12,1153.4,No
CUST-04062,Female,0,Yes,Yes,24,No,No phone service,DSL,Yes,No,No,Yes,Yes,Yes,Month-to-month,Yes,Bank transfer (automatic),67.93,1609.77,No
CUST-04063,Female,1,Yes,No,59,Yes,No,DSL,No,Yes,No,Yes,No,Yes,Month-to-month,No,Mailed check,59.79,3521.49,No
CUST-04064,Female,0,Yes,No,12,Yes,No,Fiber optic,Yes,No,Yes,No,Yes,No,One year,Yes,Mailed check,89.74,1057.54,No
CUST-04065,Male,0,Yes,No,40,Yes,Yes,Fiber optic,No,No,No,Yes,Yes,No,One year,Yes,Credit card (automatic),84.95,3409.84,No
CUST-04066,Female,0,Yes,Yes,6,Yes,No,DSL,No,No,Yes,Yes,Yes,No,One year,Yes,Mailed check,63.57,377.72,No
CUST-04067,Male,0,No,No,52,Yes,Yes,No,No internet service,No internet service,No internet service,No internet service,No internet service,No internet service,Month-to-month,No,Bank transfer (automatic),20.35,1085.84,No
CUST-04068,Female,0,Yes,No,10,Yes,No,No,No internet service,No internet service,No internet service,No internet service,No internet service,No internet service,Month-to-month,No,Bank transfer (automatic),18.0,166.82,No
CUST-04069,Male,1,No,Yes,68,Yes,No,DSL,No,Yes,No,Yes,Yes,No,One year,Yes,Mailed check,56.61,3825.86,No
CUST-04070,Male,0,No,No,64,Yes,No,No,No internet service,No internet service,No internet service,No internet service,No internet service,No internet service,One year,Yes,Credit card (automatic),18.0,1142.58,No
CUST-04071,Female,0,No,No,62,Yes,Yes,No,No internet service,No internet service,No internet service,No internet service,No internet service,No internet service,Month-to-month,Yes,Mailed check,18.0,1148.76,No
CUST-04072,Female,0,Yes,No,25,Yes,No,No,No internet service,No internet service,No internet service,No internet service,No internet service,No internet service,Month-to-month,Yes,Bank transfer (automatic),22.0,570.86,No
CUST-04073,Female,0,No,Yes,57,Yes,Yes,DSL,No,No,No,No,No,No,One year,Yes,Bank transfer (automatic),43.22,2486.67,No
CUST-04074,Male,0,No,No,9,No,No phone service,No,No internet service,No internet service,No internet service,No internet service,No internet service,No internet service,Month-to-month,Yes,Credit card (automatic),19.48,164.3,No
CUST-04075,Male,0,Yes,No,21,Yes,Yes,Fiber optic,Yes,No,Yes,No,No,Yes,One year,No,Mailed check,86.77,1795.78,No
CUST-04076,Female,0,Yes,Yes,9,Yes,No,DSL,No,No,No,No,Yes,No,One year,Yes,Electronic check,51.49,491.84,No
CUST-04077,Female,0,Yes,Yes,3,Yes,No,Fiber optic,Yes,Yes,Yes,No,No,Yes,Month-to-month,No,Bank transfer (automatic),90.29,243.32,Yes
CUST-04078,Male,1,No,No,26,Yes,No,DSL,Yes,Yes,No,No,Yes,Yes,Month-to-month,No,Electronic check,67.7,1760.32,Yes
CUST-04079,Female,1,No,Yes,41,Yes,No,No,No internet service,No internet service,No internet service,No internet service,No internet service,No internet service,Month-to-month,Yes,Credit card (automatic),19.41,782.51,No
CUST-04080,Female,0,No,No,62,Yes,No,Fiber optic,No,No,Yes,No,Yes,Yes,One year,Yes,Credit card (automatic),93.47,5796.65,No
CUST-04081,Male,0,No,No,2,Yes,Yes,Fiber optic,No,No,No,No,No,No,Two year,No,Electronic check,70.89,107.6,Yes
CUST-04082,Female,0,Yes,Yes,29,Yes,No,DSL,Yes,Yes,No,No,Yes,Yes,Month-to-month,Yes,Electronic check,64.07,1875.04,Yes
CUST-04083,Female,0,Yes,No,52,Yes,Yes,No,No internet service,No internet service,No internet service,No internet service,No internet service,No internet service,Month-to-month,Yes,Bank transfer (automatic),18.0,963.41,No
CUST-04084,Female,0,No,No,14,Yes,No,DSL,Yes,No,Yes,No,No,Yes,Month-to-month,Yes,Bank transfer (automatic),60.69,870.55,No
CUST-04085,Female,0,No,Yes,53,Yes,No,No,No internet service,No internet service,No internet service,No internet service,No internet service,No internet service,One year,Yes,Credit card (automatic),21.03,1092.34,No
CUST-04086,Male,0,No,No,41,Yes,Yes,Fiber optic,No,Yes,No,No,No,Yes,Month-to-month,No,Electronic check,74.86,3077.94,Yes
CUST-04087,Female,1,Yes,No,41,No,No phone service,DSL,No,No,Yes,No,No,No,One year,Yes,Electronic check,50.98,2086.75,Yes
CUST-04088,Female,1,Yes,No,9,Yes,Yes,Fiber optic,Yes,Yes,No,No,Yes,Yes,Month-to-month,Yes,Mailed check,92.56,833.03,Yes
CUST-04089,Female,0,Yes,No,12,Yes,Yes,No,No internet service,No internet service,No internet service,No internet service,No internet service,No internet service,Month-to-month,Yes,Electronic check,19.22,263.83,No
CUST-04090,Female,0,Yes,No,64,Yes,No,No,No internet service,No internet service,No internet service,No internet service,No internet service,No internet service,Month-to-month,Yes,Credit card (automatic),25.44,1619.46,No
CUST-04091,Male,0,Yes,No,63,Yes,Yes,DSL,Yes,No,No,Yes,No,Yes,Two year,No,Bank transfer (automatic),65.38,4132.53,No
CUST-04092,Male,0,No,Yes,33,Yes,Yes,DSL,Yes,Yes,No,No,Yes,Yes,One year,No,Bank transfer (automatic),69.13,2246.39,No
CUST-04093,Male,0,No,Yes,43,Yes,No,DSL,No,Yes,No,Yes,Yes,No,Month-to-month,No,Bank transfer (automatic),63.12,2715.6,No
CUST-04094,Female,1,Yes,No,39,Yes,Yes,Fiber optic,Yes,No,No,Yes,No,No,Month-to-month,Yes,Bank transfer (automatic),84.26,3304.76,No
CUST-04095,Female,0,Yes,No,37,Yes,Yes,DSL,Yes,No,No,No,No,Yes,Two year,No,Mailed check,53.48,1975.76,No
CUST-04096,Female,0,Yes,No,51,Yes,Yes,DSL,No,Yes,Yes,No,Yes,No,Two year,No,Electronic check,63.9,3271.2,No
CUST-04097,Male,0,Yes,Yes,41,No,No phone service,Fiber optic,Yes,Yes,Yes,No,No,Yes,Month-to-month,No,Credit card (automatic),91.42,3732.01,No
CUST-04098,Female,0,No,No,9,Yes,Yes,No,No internet service,No internet service,No internet service,No internet service,No internet service,No internet service,One year,No,Bank transfer (automatic),18.0,152.68,No
CUST-04099,Male,0,Yes,No,6,Yes,Yes,DSL,No,Yes,No,Yes,Yes,Yes,Two year,No,Electronic check,72.82,434.23,No
CUST-04100,Male,0,No,No,62,Yes,Yes,Fiber optic,No,No,Yes,Yes,Yes,No,Month-to-month,No,Electronic check,89.43,5533.81,Yes
CUST-04101,Female,0,Yes,Yes,54,Yes,No,DSL,No,No,Yes,Yes,No,Yes,Month-to-month,Yes,Electronic check,71.12,3858.45,No
CUST-04102,Male,0,Yes,Yes,14,No,No phone service,Fiber optic,Yes,Yes,Yes,No,Yes,No,Month-to-month,Yes,Credit card (automatic),94.58,1345.98,No
CUST-04103,Male,0,No,Yes,4,Yes,Yes,Fiber optic,No,No,No,Yes,Yes,Yes,Month-to-month,No,Electronic check,82.52,343.03,Yes
CUST-04104,Male,0,Yes,No,16,Yes,No,No,No internet service,No internet service,No internet service,No internet service,No internet service,No internet service,One year,Yes,Credit card (automatic),22.02,301.69,No
CUST-04105,Male,0,Yes,Yes,42,Yes,No,Fiber optic,No,No,No,Yes,No,Yes,Month-to-month,No,Credit card (automatic),79.6,3336.84,No
CUST-04106,Male,1,No,No,42,Yes,No,DSL,Yes,No,No,No,Yes,Yes,Month-to-month,Yes,Electronic check,59.84,2530.12,Yes
CUST-04107,Female,0,Yes,Yes,12,Yes,No,Fiber optic,No,No,Yes,Yes,Yes,Yes,Month-to-month,Yes,Electronic check,86.9,1039.53,Yes
CUST-04108,Female,0,Yes,Yes,12,Yes,Yes,DSL,Yes,Yes,Yes,Yes,Yes,No,One year,Yes,Credit card (automatic),76.33,911.51,No
CUST-04109,Male,0,Yes,No,15,Yes,Yes,DSL,No,No,Yes,Yes,Yes,Yes,Month-to-month,No,Bank transfer (automatic),65.13,995.65,No
CUST-04110,Male,0,Yes,No,32,Yes,No,No,No internet service,No internet service,No internet service,No internet service,No internet service,No internet service,Month-to-month,Yes,Credit card (automatic),22.47,738.77,Yes
CUST-04111,Male,0,No,No,17,Yes,Yes,Fiber optic,No,Yes,No,No,No,No,Month-to-month,No,Credit card (automatic),77.81,1334.74,Yes
CUST-04112,Male,0,Yes,Yes,33,Yes,No,No,No internet service,No internet service,No internet service,No internet service,No internet service,No internet service,Two year,Yes,Electronic check,29.35,938.78,No
CUST-04113,Female,0,No,No,1,Yes,Yes,DSL,Yes,No,Yes,No,Yes,Yes,Month-to-month,No,Electronic check,63.62,41.24,Yes
CUST-04114,Male,1,No,No,68,No,No phone service,No,No internet service,No internet service,No internet service,No internet service,No internet service,No internet service,Month-to-month,No,Credit card (automatic),25.42,1736.43,No
CUST-04115,Male,0,Yes,No,65,Yes,No,No,No internet service,No internet service,No internet service,No internet service,No internet service,No internet service,One year,No,Electronic check,20.89,1316.25,No
CUST-04116,Male,0,Yes,No,24,Yes,No,Fiber optic,Yes,Yes,No,Yes,No,No,Month-to-month,Yes,Credit card (automatic),85.59,2086.96,No
CUST-04117,Male,1,Yes,No,58,Yes,No,DSL,Yes,Yes,No,Yes,No,No,One year,No,Credit card (automatic),59.66,3463.0,No
CUST-04118,Male,0,Yes,No,39,Yes,Yes,No,No internet service,No internet service,No internet service,No internet service,No internet service,No internet service,Month-to-month,Yes,Mailed check,22.71,871.61,No
CUST-04119,Male,0,Yes,No,2,Yes,No,No,No internet service,No internet service,No internet service,No internet service,No internet service,No internet service,Two year,Yes,Mailed check,18.9,27.17,Yes
CUST-04120,Female,0,No,No,20,Yes,Yes,DSL,Yes,Yes,No,Yes,No,Yes,Month-to-month,Yes,Credit card (automatic),61.95,1263.14,No
CUST-04121,Female,0,Yes,No,4,Yes,No,No,No internet service,No internet service,No internet service,No internet service,No internet service,No internet service,Month-to-month,No,Mailed check,22.52,64.89,No
CUST-04122,Female,0,No,No,51,Yes,No,No,No internet service,No internet service,No internet service,No internet service,No internet service,No internet service,Month-to-month,No,Electronic check,20.68,1016.22,No
CUST-04123,Male,0,No,No,57,Yes,No,DSL,Yes,Yes,Yes,No,No,No,Two year,No,Bank transfer (automatic),61.02,3458.27,No
CUST-04124,Female,0,No,Yes,45,Yes,Yes,Fiber optic,Yes,No,Yes,No,Yes,Yes,Two year,Yes,Mailed check,93.82,4227.81,No
CUST-04125,Female,1,Yes,No,0,Yes,No,DSL,Yes,No,Yes,No,No,Yes,Month-to-month,Yes,Bank transfer (automatic),59.64,32.04,No
CUST-04126,Male,0,Yes,Yes,17,Yes,No,Fiber optic,No,No,Yes,Yes,Yes,No,Month-to-month,Yes,Credit card (automatic),94.76,1635.27,Yes
CUST-04127,Male,0,No,No,34,Yes,Yes,No,No internet service,No internet service,No internet service,No internet service,No internet service,No internet service,Month-to-month,Yes,Electronic check,18.0,603.27,Yes
CUST-04128,Female,0,Yes,Yes,10,Yes,No,No,No internet service,No internet service,No internet service,No internet service,No internet service,No internet service,Month-to-month,No,Electronic check,20.85,214.16,No
CUST-04129,Male,0,No,Yes,7,Yes,No,DSL,Yes,Yes,No,Yes,No,No,Month-to-month,Yes,Credit card (automatic),70.49,500.39,No
CUST-04130,Male,0,No,Yes,22,Yes,No,Fiber optic,Yes,No,Yes,Yes,No,No,Two year,No,Credit card (automatic),86.21,1901.05,No
CUST-04131,Female,0,No,Yes,43,Yes,No,Fiber optic,Yes,No,No,Yes,No,Yes,Month-to-month,Yes,Credit card (automatic),84.32,3586.37,No
CUST-04132,Female,1,Yes,Yes,6,Yes,No,Fiber optic,No,No,Yes,Yes,No,Yes,Two year,Yes,Electronic check,82.78,490.4,No
CUST-04133,Female,0,Yes,Yes,72,Yes,No,Fiber optic,No,No,Yes,Yes,Yes,Yes,Month-to-month,Yes,Electronic check,90.51,6532.52,No
CUST-04134,Female,0,No,No,33,Yes,No,Fiber optic,Yes,No,Yes,Yes,Yes,No,Two year,Yes,Mailed check,92.4,3086.51,Yes
CUST-04135,Female,0,No,No,12,Yes,No,DSL,No,Yes,No,No,No,Yes,Month-to-month,No,Electronic check,57.2,694.35,No
CUST-04136,Female,0,No,No,1,Yes,No,Fiber optic,No,Yes,Yes,No,Yes,Yes,Month-to-month,No,Mailed check,90.54,112.4,Yes
CUST-04137,Male,0,No,No,69,Yes,No,No,No internet service,No internet service,No internet service,No internet service,No internet service,No internet service,Two year,No,Bank transfer (automatic),19.68,1375.58,No
CUST-04138,Female,0,No,Yes,43,Yes,No,DSL,No,Yes,No,Yes,Yes,Yes,Month-to-month,Yes,Bank transfer (automatic),61.07,2618.41,No
CUST-04139,Female,0,No,No,63,Yes,No,Fiber optic,Yes,No,No,No,No,Yes,Two year,Yes,Mailed check,82.4,5164.49,Yes
CUST-04140,Female,0,No,No,56,Yes,Yes,No,No internet service,No internet service,No internet service,No internet service,No internet service,No internet service,One year,Yes,Mailed check,28.2,1601.83,No
CUST-04141,Female,0,Yes,No,71,Yes,No,No,No internet service,No internet service,No internet service,No internet service,No internet service,No internet service,Two year,No,Mailed check,18.0,1315.05,No
CUST-04142,Male,0,Yes,No,64,Yes,Yes,Fiber optic,No,No,No,No,Yes,Yes,Two year,Yes,Bank transfer (automatic),84.66,5409.79,No
CUST-04143,Male,0,No,No,55,Yes,No,DSL,No,Yes,No,No,No,No,Month-to-month,No,Electronic check,55.28,3064.23,Yes
CUST-04144,Male,0,No,No,62,Yes,Yes,Fiber optic,No,No,No,Yes,No,No,Month-to-month,Yes,Electronic check,77.69,4819.79,Yes
CUST-04145,Male,0,Yes,No,62,Yes,Yes,Fiber optic,Yes,No,No,No,Yes,No,One year,No,Bank transfer (automatic),80.48,4962.16,No
CUST-04146,Male,0,No,No,18,Yes,No,Fiber optic,No,Yes,No,Yes,No,No,Month-to-month,No,Bank transfer (automatic),81.54,1468.66,Yes
CUST-04147,Female,0,Yes,Yes,43,Yes,Yes,DSL,Yes,Yes,No,No,No,Yes,Month-to-month,Yes,Electronic check,66.22,2836.09,Yes
CUST-04148,Female,1,Yes,No,71,Yes,Yes,Fiber optic,Yes,No,Yes,Yes,No,No,Month-to-month,Yes,Bank transfer (automatic),93.87,6673.63,Yes
CUST-04149,Male,0,No,No,63,Yes,No,Fiber optic,Yes,Yes,No,Yes,Yes,Yes,One year,Yes,Mailed check,99.55,6279.64,No
CUST-04150,Male,0,Yes,Yes,7,Yes,No,No,No internet service,No internet service,No internet service,No internet service,No internet service,No internet service,Month-to-month,Yes,Credit card (automatic),20.32,129.34,No
CUST-04151,Female,1,No,No,8,Yes,No,Fiber optic,Yes,Yes,Yes,Yes,No,Yes,Month-to-month,Yes,Bank transfer (automatic),101.11,782.72,Yes
CUST-04152,Female,0,No,No,14,No,No phone service,DSL,No,Yes,No,Yes,Yes,Yes,Two year,No,Mailed check,62.88,871.16,No
CUST-04153,Female,0,No,No,54,Yes,No,DSL,Yes,Yes,Yes,Yes,No,No,Two year,Yes,Credit card (automatic),70.34,3829.36,No
CUST-04154,Male,0,Yes,Yes,28,No,No phone service,Fiber optic,No,No,No,Yes,Yes,Yes,Month-to-month,No,Bank transfer (automatic),83.79,2322.64,Yes
CUST-04155,Male,0,No,No,45,Yes,Yes,Fiber optic,Yes,Yes,No,No,No,No,Month-to-month,Yes,Electronic check,83.3,3762.99,Yes
CUST-04156,Female,0,Yes,No,10,Yes,No,DSL,No,Yes,No,No,Yes,No,One year,Yes,Bank transfer (automatic),58.95,601.47,No
CUST-04157,Male,1,No,Yes,4,Yes,No,No,No internet service,No internet service,No internet service,No internet service,No internet service,No internet service,Month-to-month,No,Bank transfer (automatic),25.81,92.21,Yes
CUST-04158,Male,0,Yes,No,56,Yes,Yes,No,No internet service,No internet service,No internet service,No internet service,No internet service,No internet service,One year,Yes,Credit card (automatic),20.84,1150.18,No
CUST-04159,Male,0,No,No,21,Yes,Yes,No,No internet service,No internet service,No internet service,No internet service,No internet service,No internet service,One year,Yes,Electronic check,20.95,451.83,No
CUST-04160,Male,0,No,Yes,3,Yes,No,Fiber optic,No,No,Yes,Yes,Yes,No,Month-to-month,Yes,Credit card (automatic),81.95,245.29,No
CUST-04161,Male,1,Yes,No,15,Yes,No,No,No internet service,No internet service,No internet service,No internet service,No internet service,No internet service,Month-to-month,Yes,Mailed check,23.21,338.08,Yes
CUST-04162,Female,0,Yes,Yes,23,Yes,No,Fiber optic,No,Yes,No,No,No,No,Month-to-month,Yes,Bank transfer (automatic),78.18,1807.57,No
CUST-04163,Male,1,Yes,No,29,Yes,No,Fiber optic,No,No,No,Yes,No,Yes,Month-to-month,Yes,Electronic check,80.35,2362.67,Yes
CUST-04164,Female,0,No,No,65,No,No phone service,DSL,Yes,No,No,No,Yes,Yes,One year,Yes,Electronic check,62.33,4076.24,No
CUST-04165,Female,0,No,Yes,14,Yes,No,DSL,Yes,No,No,Yes,No,No,Month-to-month,No,Credit card (automatic),52.31,734.91,No
CUST-04166,Male,0,No,No,44,Yes,No,DSL,No,Yes,No,Yes,No,No,Two year,Yes,Bank transfer (automatic),53.69,2294.76,No
CUST-04167,Male,0,No,No,20,Yes,No,No,No internet service,No internet service,No internet service,No internet service,No internet service,No internet service,One year,Yes,Mailed check,25.6,507.22,No
CUST-04168,Female,0,Yes,No,36,Yes,Yes,Fiber optic,Yes,No,Yes,No,No,No,Month-to-month,Yes,Electronic check,75.67,2704.05,Yes
CUST-04169,Female,1,No,No,21,Yes,No,No,No internet service,No internet service,No internet service,No internet service,No internet service,No internet service,Month-to-month,No,Credit card (automatic),18.0,373.93,Yes
CUST-04170,Male,0,Yes,No,25,Yes,No,Fiber optic,Yes,Yes,Yes,No,No,No,Month-to-month,Yes,Electronic check,82.23,2048.77,No
CUST-04171,Male,0,No,No,43,Yes,Yes,DSL,No,No,Yes,Yes,No,No,Month-to-month,No,Electronic check,52.8,2264.08,Yes
CUST-04172,Female,0,Yes,Yes,43,Yes,Yes,Fiber optic,No,Yes,No,No,No,Yes,One year,Yes,Electronic check,83.88,3628.37,No
CUST-04173,Male,0,No,No,9,Yes,No,DSL,No,No,No,No,Yes,No,Month-to-month,Yes,Bank transfer (automatic),51.9,462.55,No
CUST-04174,Male,0,Yes,No,11,Yes,Yes,No,No internet service,No internet service,No internet service,No internet service,No internet service,No internet service,Month-to-month,No,Mailed check,23.57,253.85,No
CUST-04175,Male,0,Yes,No,17,Yes,Yes,DSL,No,No,Yes,Yes,Yes,Yes,Month-to-month,Yes,Bank transfer (automatic),62.22,1067.27,No
CUST-04176,Male,0,Yes,No,65,Yes,Yes,DSL,Yes,Yes,No,No,No,No,Month-to-month,Yes,Electronic check,56.36,3642.25,Yes
CUST-04177,Female,1,No,No,23,Yes,Yes,Fiber optic,No,No,No,Yes,Yes,No,One year,Yes,Bank transfer (automatic),82.22,1884.31,No
CUST-04178,Male,0,No,No,42,No,No phone service,No,No internet service,No internet service,No internet service,No internet service,No internet service,No internet service,Two year,Yes,Credit card (automatic),25.11,1027.21,No
CUST-04179,Male,0,Yes,No,32,No,No phone service,Fiber optic,No,No,Yes,No,No,Yes,One year,No,Credit card (automatic),82.28,2645.41,No
CUST-04180,Female,0,Yes,Yes,25,Yes,No,DSL,No,No,Yes,Yes,Yes,No,Two year,No,Credit card (automatic),62.38,1564.13,No
CUST-04181,Male,1,Yes,No,2,Yes,Yes,Fiber optic,No,Yes,Yes,Yes,No,Yes,One year,Yes,Credit card (automatic),89.31,219.99,Yes
CUST-04182,Male,0,No,No,32,No,No phone service,DSL,Yes,No,No,No,No,No,Month-to-month,No,Credit card (automatic),49.1,1538.53,No
CUST-04183,Female,0,No,No,72,Yes,No,Fiber optic,Yes,Yes,No,No,Yes,Yes,Two year,Yes,Credit card (automatic),95.86,6921.32,No
CUST-04184,Male,0,No,No,68,Yes,No,Fiber optic,No,No,Yes,Yes,No,Yes,Month-to-month,Yes,Credit card (automatic),91.13,6161.77,Yes
CUST-04185,Female,0,No,No,21,Yes,Yes,DSL,Yes,Yes,No,Yes,No,Yes,Month-to-month,Yes,Electronic check,68.0,1408.08,No
CUST-04186,Male,1,Yes,No,38,Yes,No,Fiber optic,No,Yes,No,No,Yes,No,Two year,No,Electronic check,82.49,3091.71,No
CUST-04187,Male,1,Yes,Yes,20,Yes,Yes,DSL,No,No,No,No,No,Yes,One year,No,Credit card (automatic),50.04,1002.18,No
CUST-04188,Male,0,No,No,67,Yes,No,DSL,No,Yes,No,Yes,No,No,Two year,No,Mailed check,56.95,3821.1,No
CUST-04189,Female,0,No,No,40,Yes,Yes,Fiber optic,No,Yes,Yes,No,No,No,Month-to-month,No,Credit card (automatic),75.79,3025.16,No
CUST-04190,Male,0,Yes,Yes,67,Yes,No,DSL,Yes,No,No,Yes,No,Yes,One year,Yes,Bank transfer (automatic),59.6,3949.5,No
CUST-04191,Male,0,No,No,62,Yes,Yes,DSL,Yes,Yes,Yes,Yes,No,No,Month-to-month,No,Mailed check,61.92,3828.39,No
CUST-04192,Female,1,Yes,No,23,Yes,No,Fiber optic,No,Yes,No,No,No,Yes,Month-to-month,Yes,Bank transfer (automatic),82.37,1897.09,Yes
CUST-04193,Male,0,Yes,Yes,33,Yes,Yes,Fiber optic,No,No,No,No,Yes,Yes,Two year,No,Mailed check,81.46,2669.89,No
CUST-04194,Female,0,Yes,No,41,Yes,Yes,No,No internet service,No internet service,No internet service,No internet service,No internet service,No internet service,Month-to-month,Yes,Electronic check,22.61,926.45,Yes
CUST-04195,Male,0,No,No,18,No,No phone service,No,No internet service,No internet service,No internet service,No internet service,No internet service,No internet service,One year,Yes,Mailed check,22.28,422.65,No
CUST-04196,Female,0,No,Yes,60,Yes,Yes,Fiber optic,Yes,Yes,Yes,No,Yes,Yes,Two year,No,Bank transfer (automatic),102.7,6150.52,No
CUST-04197,Male,0,No,Yes,41,Yes,No,Fiber optic,No,Yes,Yes,Yes,No,Yes,Two year,Yes,Bank transfer (automatic),92.35,3764.61,No
CUST-04198,Female,0,No,No,15,Yes,Yes,Fiber optic,Yes,No,Yes,No,Yes,Yes,Month-to-month,No,Mailed check,85.07,1274.43,Yes
CUST-04199,Male,0,No,No,35,Yes,Yes,No,No internet service,No internet service,No internet service,No internet service,No internet service,No internet service,Month-to-month,Yes,Electronic check,26.14,951.21,Yes
CUST-04200,Female,0,Yes,No,59,Yes,Yes,Fiber optic,No,No,No,No,Yes,Yes,Two year,No,Electronic check,78.88,4664.02,No
CUST-04201,Female,0,No,Yes,30,Yes,No,No,No internet service,No internet service,No internet service,No internet service,No internet service,No internet service,One year,No,Electronic check,20.18,575.21,No
CUST-04202,Male,1,Yes,Yes,51,Yes,Yes,Fiber optic,Yes,Yes,No,No,Yes,Yes,Month-to-month,Yes,Bank transfer (automatic),92.25,4731.87,No
CUST-04203,Male,0,No,No,71,Yes,No,DSL,No,No,No,No,Yes,No,Month-to-month,No,Mailed check,50.94,3608.46,Yes
CUST-04204,Male,0,Yes,No,24,Yes,Yes,No,No internet service,No internet service,No internet service,No internet service,No internet service,No internet service,Month-to-month,Yes,Bank transfer (automatic),18.0,427.33,No
CUST-04205,Female,0,Yes,No,72,Yes,No,DSL,No,No,No,No,No,No,Two year,No,Bank transfer (automatic),51.66,3693.74,No
CUST-04206,Female,0,No,No,30,Yes,Yes,No,No internet service,No internet service,No internet service,No internet service,No internet service,No internet service,Month-to-month,No,Credit card (automatic),18.67,563.07,No
CUST-04207,Female,0,Yes,No,41,Yes,No,Fiber optic,Yes,Yes,No,Yes,No,No,One year,No,Electronic check,95.27,3866.99,No
CUST-04208,Male,0,Yes,No,56,Yes,No,Fiber optic,Yes,No,No,No,Yes,Yes,Month-to-month,No,Credit card (automatic),88.68,4943.55,No
CUST-04209,Female,0,No,No,4,Yes,No,Fiber optic,Yes,No,No,No,No,Yes,Month-to-month,No,Credit card (automatic),82.82,343.44,Yes
CUST-04210,Male,0,No,Yes,51,Yes,Yes,DSL,Yes,No,No,Yes,Yes,No,One year,No,Mailed check,65.11,3323.14,No
CUST-04211,Female,1,Yes,No,41,Yes,Yes,Fiber optic,No,Yes,No,No,Yes,Yes,Two year,No,Bank transfer (automatic),89.95,3672.87,No
CUST-04212,Male,0,Yes,No,47,Yes,No,DSL,No,Yes,No,No,No,No,Month-to-month,No,Credit card (automatic),53.96,2532.24,Yes
CUST-04213,Female,0,Yes,No,69,Yes,Yes,Fiber optic,Yes,No,No,Yes,No,No,Month-to-month,No,Electronic check,86.1,5954.84,No
CUST-04214,Female,0,No,Yes,35,Yes,Yes,DSL,Yes,No,No,No,No,No,One year,Yes,Credit card (automatic),55.37,1945.61,No
CUST-04215,Female,0,No,Yes,67,Yes,Yes,No,No internet service,No internet service,No internet service,No internet service,No internet service,No internet service,Month-to-month,Yes,Bank transfer (automatic),23.81,1608.51,No
CUST-04216,Male,0,Yes,No,41,Yes,Yes,No,No internet service,No internet service,No internet service,No internet service,No internet service,No internet service,Month-to-month,No,Bank transfer (automatic),22.41,895.05,No
CUST-04217,Male,1,No,Yes,15,Yes,No,DSL,Yes,No,Yes,Yes,Yes,Yes,One year,No,Mailed check,67.19,993.7,No
CUST-04218,Female,0,No,No,47,No,No phone service,No,No internet service,No internet service,No internet service,No internet service,No internet service,No internet service,Month-to-month,Yes,Credit card (automatic),18.0,884.71,No
CUST-04219,Male,0,No,No,13,Yes,Yes,No,No internet service,No internet service,No internet service,No internet service,No internet service,No internet service,One year,Yes,Credit card (automatic),25.14,318.89,No
CUST-04220,Male,0,Yes,Yes,65,No,No phone service,DSL,Yes,No,Yes,No,Yes,Yes,Month-to-month,Yes,Credit card (automatic),67.31,4365.96,Yes
CUST-04221,Female,0,No,No,11,Yes,No,No,No internet service,No internet service,No internet service,No internet service,No internet service,No internet service,One year,Yes,Credit card (automatic),18.89,210.24,No
CUST-04222,Female,0,No,No,36,Yes,No,DSL,Yes,No,Yes,No,Yes,Yes,Two year,Yes,Bank transfer (automatic),68.43,2467.89,Yes
CUST-04223,Female,0,Yes,Yes,59,Yes,Yes,No,No internet service,No internet service,No internet service,No internet service,No internet service,No internet service,Two year,Yes,Bank transfer (automatic),18.0,1042.05,No
CUST-04224,Female,0,Yes,No,0,No,No phone service,Fiber optic,Yes,Yes,Yes,Yes,No,No,One year,Yes,Mailed check,85.3,0.0,Yes
CUST-04225,Male,0,Yes,No,35,Yes,Yes,No,No internet service,No internet service,No internet service,No internet service,No internet service,No internet service,One year,No,Electronic check,18.09,626.72,No
CUST-04226,Male,0,Yes,No,36,Yes,Yes,DSL,Yes,Yes,Yes,No,No,Yes,Month-to-month,Yes,Electronic check,60.31,2170.77,Yes
CUST-04227,Female,0,No,Yes,24,Yes,Yes,Fiber optic,Yes,Yes,Yes,Yes,No,Yes,Month-to-month,No,Mailed check,95.79,2263.58,Yes
CUST-04228,Male,0,No,No,49,Yes,Yes,No,No internet service,No internet service,No internet service,No internet service,No internet service,No internet service,Month-to-month,Yes,Bank transfer (automatic),20.25,997.58,No
CUST-04229,Male,0,Yes,No,23,Yes,No,Fiber optic,No,No,No,Yes,No,Yes,One year,No,Bank transfer (automatic),84.82,1957.57,No
CUST-04230,Male,0,No,Yes,27,Yes,Yes,Fiber optic,No,Yes,Yes,No,No,Yes,Month-to-month,No,Mailed check,87.33,2377.36,No
CUST-04231,Female,0,Yes,No,20,Yes,Yes,Fiber optic,Yes,Yes,No,Yes,No,Yes,Month-to-month,Yes,Mailed check,90.72,1792.44,No
CUST-04232,Female,1,No,No,45,Yes,Yes,Fiber optic,No,No,Yes,Yes,Yes,No,Month-to-month,Yes,Mailed check,81.26,3664.05,Yes
CUST-04233,Male,0,Yes,No,64,Yes,No,DSL,No,No,Yes,Yes,Yes,No,One year,No,Credit card (automatic),67.16,4309.27,No
CUST-04234,Male,0,No,No,12,Yes,No,DSL,No,Yes,No,Yes,Yes,No,Month-to-month,No,Credit card (automatic),64.69,805.83,No
CUST-04235,Male,1,No,No,29,Yes,No,DSL,No,No,No,Yes,Yes,Yes,Month-to-month,Yes,Mailed check,64.33,1882.61,No
CUST-04236,Female,0,No,No,16,Yes,Yes,DSL,Yes,Yes,No,No,Yes,No,One year,No,Bank transfer (automatic),64.51,1053.28,No
CUST-04237,Male,0,No,No,17,Yes,Yes,No,No internet service,No internet service,No internet service,No internet service,No internet service,No internet service,Two year,Yes,Credit card (automatic),24.87,425.84,No
CUST-04238,Female,0,Yes,No,70,Yes,Yes,Fiber optic,No,Yes,Yes,No,Yes,Yes,One year,Yes,Mailed check,92.95,6497.46,No
CUST-04239,Male,0,No,No,51,Yes,No,Fiber optic,Yes,No,Yes,No,Yes,Yes,Month-to-month,Yes,Mailed check,90.8,4656.2,Yes
CUST-04240,Male,0,No,No,68,No,No phone service,DSL,No,No,Yes,Yes,Yes,Yes,Two year,No,Bank transfer (automatic),68.81,4653.7,Yes
CUST-04241,Male,0,Yes,No,46,Yes,No,No,No internet service,No internet service,No internet service,No internet service,No internet service,No internet service,Month-to-month,Yes,Bank transfer (automatic),24.11,1139.57,No
CUST-04242,Female,0,No,No,48,Yes,No,DSL,Yes,No,No,No,Yes,Yes,Month-to-month,No,Credit card (automatic),64.29,3101.75,No
CUST-04243,Male,0,Yes,No,52,Yes,No,DSL,No,No,Yes,Yes,No,Yes,Month-to-month,Yes,Electronic check,65.24,3385.75,No
CUST-04244,Male,0,Yes,Yes,47,Yes,No,No,No internet service,No internet service,No internet service,No internet service,No internet service,No internet service,Month-to-month,Yes,Credit card (automatic),20.06,911.03,No
CUST-04245,Male,0,No,No,60,Yes,Yes,DSL,Yes,No,No,No,No,No,One year,Yes,Electronic check,52.06,3122.19,No
CUST-04246,Male,0,Yes,Yes,23,Yes,No,No,No internet service,No internet service,No internet service,No internet service,No internet service,No internet service,Month-to-month,No,Mailed check,19.7,440.4,No
CUST-04247,Male,0,Yes,No,7,Yes,No,Fiber optic,No,No,Yes,Yes,No,No,Two year,Yes,Mailed check,76.58,504.41,No
CUST-04248,Female,0,Yes,No,35,Yes,No,Fiber optic,No,Yes,No,Yes,Yes,No,One year,No,Bank transfer (automatic),86.85,3028.32,No
CUST-04249,Male,0,No,No,0,Yes,No,DSL,No,Yes,No,No,Yes,Yes,Month-to-month,Yes,Bank transfer (automatic),62.41,18.06,Yes
CUST-04250,Male,0,No,Yes,3,Yes,Yes,Fiber optic,Yes,Yes,No,No,Yes,No,Month-to-month,No,Electronic check,85.99,257.77,Yes
CUST-04251,Male,0,Yes,No,3,Yes,No,Fiber optic,No,No,Yes,No,Yes,No,One year,Yes,Credit card (automatic),83.88,246.81,Yes
CUST-04252,Female,0,No,No,5,Yes,No,Fiber optic,No,Yes,Yes,No,Yes,Yes,Month-to-month,Yes,Credit card (automatic),91.32,425.23,Yes
CUST-04253,Male,1,No,No,51,Yes,Yes,No,No internet service,No internet service,No internet service,No internet service,No internet service,No internet service,Month-to-month,Yes,Electronic check,24.41,1241.26,Yes
CUST-04254,Male,0,No,No,43,Yes,No,DSL,No,Yes,Yes,No,Yes,Yes,Month-to-month,Yes,Bank transfer (automatic),67.41,2930.1,No
CUST-04255,Male,0,No,No,68,Yes,No,Fiber optic,No,No,No,Yes,No,Yes,Month-to-month,No,Credit card (automatic),77.36,5261.23,Yes
CUST-04256,Male,0,No,Yes,21,Yes,Yes,DSL,Yes,Yes,Yes,Yes,Yes,No,Month-to-month,Yes,Electronic check,63.87,1334.04,No
CUST-04257,Male,1,Yes,No,24,Yes,No,No,No internet service,No internet service,No internet service,No internet service,No internet service,No internet service,Two year,No,Mailed check,18.0,446.95,No
CUST-04258,Female,0,Yes,No,35,Yes,Yes,No,No internet service,No internet service,No internet service,No internet service,No internet service,No internet service,Month-to-month,Yes,Mailed check,22.24,803.71,No
CUST-04259,Male,0,No,No,57,Yes,Yes,DSL,No,Yes,Yes,No,No,Yes,Month-to-month,No,Credit card (automatic),62.8,3607.21,No
CUST-04260,Male,0,Yes,No,67,Yes,Yes,DSL,Yes,No,No,No,Yes,Yes,One year,Yes,Bank transfer (automatic),60.56,4064.41,No
CUST-04261,Male,0,Yes,No,53,No,No phone service,No,No internet service,No internet service,No internet service,No internet service,No internet service,No internet service,Two year,No,Electronic check,24.25,1252.41,No
CUST-04262,Male,1,Yes,No,37,Yes,Yes,No,No internet service,No internet service,No internet service,No internet service,No internet service,No internet service,One year,No,Bank transfer (automatic),21.99,833.47,No
CUST-04263,Female,0,Yes,Yes,71,Yes,Yes,Fiber optic,No,No,No,No,No,No,Month-to-month,No,Bank transfer (automatic),70.55,5001.2,No
CUST-04264,Female,0,No,No,13,Yes,No,Fiber optic,Yes,No,Yes,No,Yes,No,Two year,Yes,Bank transfer (automatic),86.61,1115.4,No
CUST-04265,Female,0,Yes,No,34,Yes,Yes,Fiber optic,No,No,No,No,No,No,Month-to-month,Yes,Credit card (automatic),68.1,2295.92,Yes
CUST-04266,Male,0,No,Yes,18,Yes,Yes,DSL,Yes,No,Yes,Yes,Yes,No,Month-to-month,No,Electronic check,63.17,1147.91,No
CUST-04267,Female,0,No,No,12,Yes,No,No,No internet service,No internet service,No internet service,No internet service,No internet service,No internet service,One year,No,Mailed check,19.2,249.54,No
CUST-04268,Male,0,Yes,No,28,Yes,Yes,No,No internet service,No internet service,No internet service,No internet service,No internet service,No internet service,Month-to-month,Yes,Electronic check,19.56,534.33,No
CUST-04269,Female,0,Yes,Yes,55,No,No phone service,No,No internet service,No internet service,No internet service,No internet service,No internet service,No internet service,One year,Yes,Credit card (automatic),20.72,1152.46,No
CUST-04270,Female,0,Yes,No,23,Yes,No,No,No internet service,No internet service,No internet service,No internet service,No internet service,No internet service,Two year,Yes,Credit card (automatic),18.0,435.99,No
CUST-04271,Female,0,No,No,59,Yes,Yes,No,No internet service,No internet service,No internet service,No internet service,No internet service,No internet service,Month-to-month,Yes,Credit card (automatic),18.58,1103.54,No
CUST-04272,Female,0,Yes,No,44,No,No phone service,DSL,No,Yes,Yes,Yes,Yes,No,Month-to-month,Yes,Mailed check,66.06,2906.65,No
CUST-04273,Male,1,No,Yes,51,Yes,No,No,No internet service,No internet service,No internet service,No internet service,No internet service,No internet service,Month-to-month,Yes,Mailed check,18.0,914.95,No
CUST-04274,Male,0,Yes,No,17,Yes,No,DSL,No,No,Yes,No,Yes,No,Month-to-month,Yes,Mailed check,56.71,950.95,Yes
CUST-04275,Female,0,Yes,No,63,Yes,No,Fiber optic,Yes,Yes,No,Yes,No,Yes,One year,Yes,Electronic check,93.73,5920.21,No
CUST-04276,Male,0,Yes,No,14,Yes,No,Fiber optic,Yes,No,No,Yes,Yes,No,Two year,Yes,Credit card (automatic),81.9,1169.39,No
CUST-04277,Female,0,Yes,No,27,Yes,Yes,DSL,Yes,No,No,No,Yes,Yes,One year,Yes,Electronic check,58.9,1592.93,Yes
CUST-04278,Female,0,Yes,No,57,Yes,Yes,Fiber optic,Yes,No,No,Yes,No,Yes,Two year,No,Bank transfer (automatic),81.9,4659.4,No
CUST-04279,Female,0,No,Yes,50,Yes,Yes,Fiber optic,No,Yes,Yes,Yes,No,Yes,Month-to-month,No,Electronic check,93.11,4665.34,No
CUST-04280,Male,0,Yes,No,21,No,No phone service,DSL,No,Yes,Yes,Yes,Yes,Yes,Month-to-month,Yes,Electronic check,71.25,1478.19,No
CUST-04281,Female,0,No,No,19,Yes,Yes,Fiber optic,No,No,No,No,No,Yes,Month-to-month,No,Bank transfer (automatic),69.08,1337.67,No
CUST-04282,Male,0,No,Yes,31,Yes,No,Fiber optic,No,No,No,Yes,No,No,One year,No,Electronic check,78.13,2444.86,No
CUST-04283,Male,0,No,Yes,32,Yes,Yes,Fiber optic,Yes,No,Yes,No,No,No,Month-to-month,No,Electronic check,92.14,2958.42,Yes
CUST-04284,Male,0,No,No,4,Yes,Yes,Fiber optic,No,Yes,No,No,No,Yes,Month-to-month,Yes,Electronic check,79.23,308.36,Yes
CUST-04285,Female,0,Yes,No,17,No,No phone service,Fiber optic,Yes,Yes,Yes,Yes,Yes,Yes,Month-to-month,No,Mailed check,96.62,1638.71,Yes
CUST-04286,Female,0,No,No,11,Yes,Yes,No,No internet service,No internet service,No internet service,No internet service,No internet service,No internet service,Month-to-month,Yes,Electronic check,18.0,163.2,No
CUST-04287,Female,0,Yes,Yes,11,Yes,Yes,Fiber optic,No,No,Yes,No,No,No,One year,No,Electronic check,73.27,790.65,No
CUST-04288,Female,0,No,No,25,Yes,No,DSL,No,Yes,No,No,No,Yes,Two year,Yes,Electronic check,63.53,1602.95,No
CUST-04289,Male,1,Yes,Yes,2,Yes,No,Fiber optic,Yes,No,No,Yes,Yes,Yes,Month-to-month,Yes,Credit card (automatic),90.87,166.28,Yes
CUST-04290,Male,0,No,No,49,Yes,No,Fiber optic,Yes,Yes,Yes,Yes,No,Yes,Month-to-month,No,Credit card (automatic),102.31,5060.93,No
CUST-04291,Female,0,No,No,49,Yes,Yes,DSL,No,No,Yes,Yes,No,Yes,Month-to-month,Yes,Mailed check,66.53,3250.04,No
CUST-04292,Male,0,No,No,16,Yes,No,No,No internet service,No internet service,No internet service,No internet service,No internet service,No internet service,Month-to-month,No,Bank transfer (automatic),23.54,358.09,No
CUST-04293,Male,0,Yes,No,63,Yes,No,DSL,No,Yes,Yes,Yes,Yes,Yes,Month-to-month,Yes,Bank transfer (automatic),77.52,4890.5,No
CUST-04294,Female,0,No,No,43,No,No phone service,No,No internet service,No internet service,No internet service,No internet service,No internet service,No internet service,One year,Yes,Electronic check,18.0,781.64,Yes
CUST-04295,Female,0,No,No,22,Yes,Yes,DSL,No,Yes,No,Yes,No,No,One year,Yes,Bank transfer (automatic),60.94,1367.98,No
CUST-04296,Male,0,No,No,14,Yes,Yes,Fiber optic,No,No,Yes,Yes,Yes,Yes,One year,No,Electronic check,95.17,1327.25,No
CUST-04297,Female,0,Yes,No,31,No,No phone service,DSL,No,No,No,Yes,No,No,Two year,Yes,Mailed check,54.49,1671.42,No
CUST-04298,Male,0,Yes,No,70,Yes,No,No,No internet service,No internet service,No internet service,No internet service,No internet service,No internet service,Month-to-month,No,Bank transfer (automatic),18.0,1248.34,No
CUST-04299,Male,0,Yes,No,0,Yes,No,No,No internet service,No internet service,No internet service,No internet service,No internet service,No internet service,One year,No,Credit card (automatic),18.0,24.07,No
CUST-04300,Male,0,No,No,1,Yes,Yes,DSL,No,Yes,No,Yes,Yes,No,One year,No,Mailed check,63.21,96.03,No
CUST-04301,Female,0,Yes,No,30,No,No phone service,DSL,No,No,No,Yes,No,No,Month-to-month,Yes,Electronic check,52.33,1557.97,Yes
CUST-04302,Male,0,No,Yes,67,No,No phone service,Fiber optic,Yes,No,No,Yes,Yes,No,Month-to-month,Yes,Bank transfer (automatic),79.21,5304.07,No
CUST-04303,Male,0,No,No,20,Yes,Yes,DSL,Yes,Yes,No,No,No,Yes,Month-to-month,No,Bank transfer (automatic),58.67,1201.06,No
CUST-04304,Female,1,No,Yes,54,Yes,No,DSL,Yes,Yes,Yes,No,No,Yes,Month-to-month,No,Electronic check,59.4,3222.31,No
CUST-04305,Female,0,No,No,41,Yes,No,No,No internet service,No internet service,No internet service,No internet service,No internet service,No internet service,Month-to-month,No,Electronic check,23.0,931.23,No
CUST-04306,Female,0,No,No,14,Yes,Yes,Fiber optic,Yes,Yes,No,No,Yes,Yes,Month-to-month,Yes,Mailed check,92.65,1273.36,No
CUST-04307,Female,1,No,Yes,66,Yes,Yes,DSL,Yes,Yes,No,Yes,No,No,Two year,Yes,Electronic check,65.55,4312.77,No
CUST-04308,Female,0,Yes,No,11,Yes,Yes,Fiber optic,No,Yes,No,No,Yes,No,Two year,No,Credit card (automatic),81.99,918.35,No
CUST-04309,Female,0,No,No,36,Yes,No,DSL,No,Yes,Yes,Yes,Yes,No,One year,No,Credit card (automatic),66.59,2366.85,No
CUST-04310,Female,0,No,No,48,Yes,Yes,No,No internet service,No internet service,No internet service,No internet service,No internet service,No internet service,One year,Yes,Credit card (automatic),18.0,867.53,No
CUST-04311,Female,0,Yes,No,49,Yes,No,DSL,Yes,No,Yes,Yes,Yes,Yes,Two year,No,Electronic check,78.27,3827.38,No
CUST-04312,Male,0,No,No,62,Yes,Yes,Fiber optic,Yes,No,Yes,Yes,No,Yes,Month-to-month,Yes,Mailed check,84.39,5217.0,Yes
CUST-04313,Male,0,No,No,51,Yes,Yes,DSL,No,Yes,Yes,No,No,No,Month-to-month,Yes,Mailed check,63.75,3240.97,Yes
CUST-04314,Female,0,No,No,47,Yes,Yes,No,No internet service,No internet service,No internet service,No internet service,No internet service,No internet service,One year,No,Mailed check,23.45,1119.11,No
CUST-04315,Male,0,No,No,11,Yes,No,DSL,No,No,No,No,No,No,Two year,Yes,Electronic check,45.87,514.68,No
CUST-04316,Female,0,No,No,22,No,No phone service,Fiber optic,Yes,No,Yes,No,Yes,Yes,Two year,No,Electronic check,94.13,2091.02,No
CUST-04317,Male,0,Yes,Yes,25,Yes,Yes,Fiber optic,No,No,Yes,Yes,No,Yes,Month-to-month,Yes,Bank transfer (automatic),81.36,2017.19,Yes
CUST-04318,Female,0,Yes,No,27,Yes,No,No,No internet service,No internet service,No internet service,No internet service,No internet service,No internet service,One year,Yes,Bank transfer (automatic),22.06,561.51,No
CUST-04319,Male,1,Yes,No,8,Yes,No,DSL,Yes,No,No,Yes,No,Yes,Month-to-month,No,Credit card (automatic),59.73,480.98,No
CUST-04320,Female,0,No,No,6,Yes,Yes,No,No internet service,No internet service,No internet service,No internet service,No internet service,No internet service,Month-to-month,Yes,Mailed check,21.77,129.81,No
CUST-04321,Male,1,Yes,No,32,Yes,Yes,No,No internet service,No internet service,No internet service,No internet service,No internet service,No internet service,Month-to-month,Yes,Electronic check,20.59,648.53,No
CUST-04322,Male,0,No,No,52,Yes,Yes,DSL,Yes,No,Yes,No,Yes,Yes,One year,No,Credit card (automatic),67.12,3450.1,No
CUST-04323,Male,0,No,No,64,Yes,Yes,DSL,No,No,Yes,No,Yes,No,Month-to-month,No,Bank transfer (automatic),49.03,3154.61,No
CUST-04324,Female,0,No,Yes,68,Yes,Yes,No,No internet service,No internet service,No internet service,No internet service,No internet service,No internet service,Month-to-month,No,Credit card (automatic),18.29,1184.15,No
CUST-04325,Male,0,Yes,No,35,Yes,No,Fiber optic,Yes,Yes,No,Yes,Yes,No,One year,No,Credit card (automatic),100.23,3521.73,No
CUST-04326,Female,0,Yes,No,65,Yes,No,No,No internet service,No internet service,No internet service,No internet service,No internet service,No internet service,Month-to-month,Yes,Electronic check,19.88,1304.97,No
CUST-04327,Male,1,Yes,Yes,33,Yes,No,No,No internet service,No internet service,No internet service,No internet service,No internet service,No internet service,Two year,No,Credit card (automatic),18.09,608.49,No
CUST-04328,Male,0,Yes,No,34,Yes,Yes,DSL,Yes,No,No,Yes,No,No,Month-to-month,Yes,Bank transfer (automatic),55.7,1891.92,No
CUST-04329,Female,0,Yes,No,15,Yes,Yes,DSL,Yes,Yes,Yes,No,Yes,Yes,One year,Yes,Credit card (automatic),66.24,947.55,No
CUST-04330,Male,0,Yes,Yes,45,No,No phone service,Fiber optic,No,Yes,Yes,No,No,No,Month-to-month,Yes,Bank transfer (automatic),82.25,3668.56,No
CUST-04331,Male,0,Yes,No,22,No,No phone service,Fiber optic,Yes,No,Yes,No,No,Yes,Two year,Yes,Electronic check,85.21,1857.34,No
CUST-04332,Female,0,No,Yes,35,Yes,No,Fiber optic,No,No,Yes,Yes,No,No,Two year,Yes,Electronic check,82.01,2906.74,No
CUST-04333,Female,1,Yes,No,68,Yes,No,Fiber optic,No,Yes,No,Yes,No,Yes,Month-to-month,No,Mailed check,86.46,5897.8,No
CUST-04334,Female,0,Yes,No,39,Yes,Yes,Fiber optic,Yes,No,Yes,Yes,Yes,No,One year,No,Electronic check,93.12,3627.46,No
CUST-04335,Male,0,No,No,22,Yes,No,No,No internet service,No internet service,No internet service,No internet service,No internet service,No internet service,Two year,Yes,Bank transfer (automatic),18.22,387.98,No
CUST-04336,Female,0,No,No,48,No,No phone service,DSL,No,No,No,No,No,Yes,Month-to-month,Yes,Credit card (automatic),47.57,2285.42,Yes
CUST-04337,Male,0,No,No,53,Yes,Yes,Fiber optic,Yes,Yes,No,No,No,Yes,One year,Yes,Bank transfer (automatic),82.02,4363.4,No
CUST-04338,Female,1,No,No,44,Yes,No,DSL,Yes,No,Yes,Yes,No,No,Two year,Yes,Mailed check,61.94,2730.78,No
CUST-04339,Female,1,Yes,No,3,Yes,Yes,DSL,No,Yes,Yes,Yes,Yes,No,Month-to-month,No,Credit card (automatic),63.16,161.07,No
CUST-04340,Male,0,No,No,16,Yes,Yes,DSL,No,Yes,No,No,Yes,Yes,Two year,No,Mailed check,57.79,952.75,No
CUST-04341,Male,1,No,No,9,Yes,No,No,No internet service,No internet service,No internet service,No internet service,No internet service,No internet service,Month-to-month,Yes,Credit card (automatic),20.66,194.97,No
CUST-04342,Male,0,No,Yes,69,Yes,Yes,Fiber optic,Yes,Yes,Yes,Yes,Yes,Yes,Two year,No,Mailed check,105.87,7294.32,No
CUST-04343,Male,0,No,No,22,Yes,Yes,DSL,No,No,Yes,Yes,No,Yes,Two year,Yes,Bank transfer (automatic),63.07,1394.01,No
CUST-04344,Male,0,Yes,No,34,Yes,Yes,Fiber optic,Yes,Yes,Yes,Yes,Yes,Yes,Month-to-month,No,Electronic check,98.6,3376.1,Yes
CUST-04345,Female,0,No,Yes,65,Yes,No,Fiber optic,Yes,No,No,Yes,Yes,Yes,Month-to-month,Yes,Mailed check,91.86,5978.02,No
CUST-04346,Male,0,No,Yes,72,Yes,No,Fiber optic,No,Yes,No,No,No,Yes,One year,No,Mailed check,88.81,6402.56,No
CUST-04347,Male,0,No,Yes,16,Yes,No,DSL,No,Yes,Yes,Yes,No,Yes,Two year,Yes,Bank transfer (automatic),65.02,1070.4,No
CUST-04348,Female,0,Yes,Yes,62,Yes,No,DSL,No,No,Yes,No,Yes,No,Month-to-month,Yes,Credit card (automatic),59.16,3654.87,No
CUST-04349,Male,1,Yes,No,53,Yes,No,DSL,No,No,No,No,No,No,Month-to-month,No,Electronic check,44.88,2358.93,No
CUST-04350,Female,1,Yes,No,44,Yes,No,Fiber optic,No,Yes,No,Yes,No,Yes,Two year,Yes,Mailed check,86.56,3799.25,No
CUST-04351,Female,0,Yes,No,12,Yes,Yes,DSL,Yes,Yes,No,Yes,Yes,No,Month-to-month,Yes,Mailed check,70.97,868.49,No
CUST-04352,Female,0,Yes,Yes,50,Yes,Yes,Fiber optic,No,No,Yes,Yes,Yes,Yes,One year,No,Bank transfer (automatic),94.17,4727.66,No
CUST-04353,Male,0,No,No,44,Yes,Yes,No,No internet service,No internet service,No internet service,No internet service,No internet service,No internet service,One year,Yes,Electronic check,18.51,817.67,No
CUST-04354,Male,0,Yes,No,32,No,No phone service,DSL,No,Yes,No,Yes,No,Yes,Two year,Yes,Bank transfer (automatic),59.87,1898.9,No
CUST-04355,Female,0,Yes,No,42,Yes,No,DSL,No,Yes,Yes,Yes,No,Yes,Month-to-month,No,Bank transfer (automatic),66.11,2812.22,No
CUST-04356,Female,0,Yes,Yes,15,Yes,No,No,No internet service,No internet service,No internet service,No internet service,No internet service,No internet service,Two year,Yes,Bank transfer (automatic),18.0,246.77,No
CUST-04357,Male,0,No,No,45,No,No phone service,Fiber optic,Yes,No,Yes,No,No,No,One year,Yes,Credit card (automatic),85.32,3830.24,Yes
CUST-04358,Female,0,No,Yes,11,Yes,No,Fiber optic,No,No,Yes,Yes,Yes,Yes,Two year,Yes,Bank transfer (automatic),99.6,1081.51,No
CUST-04359,Female,0,No,No,20,Yes,Yes,No,No internet service,No internet service,No internet service,No internet service,No internet service,No internet service,Month-to-month,Yes,Credit card (automatic),20.69,435.02,No
CUST-04360,Male,0,No,No,36,Yes,Yes,Fiber optic,Yes,No,No,Yes,Yes,Yes,One year,Yes,Electronic check,89.38,3214.14,Yes
CUST-04361,Female,1,No,No,11,Yes,Yes,Fiber optic,No,Yes,No,Yes,No,Yes,Two year,No,Mailed check,85.72,975.83,No
CUST-04362,Male,0,No,Yes,66,Yes,No,Fiber optic,Yes,No,Yes,Yes,No,Yes,One year,No,Bank transfer (automatic),90.08,5961.3,No
CUST-04363,Female,0,No,Yes,64,Yes,Yes,No,No internet service,No internet service,No internet service,No internet service,No internet service,No internet service,Month-to-month,Yes,Electronic check,21.13,1333.7,No
CUST-04364,Female,0,Yes,No,34,Yes,Yes,Fiber optic,Yes,Yes,Yes,Yes,No,No,Month-to-month,Yes,Bank transfer (automatic),90.95,3085.96,Yes
CUST-04365,Female,0,No,No,41,No,No phone service,DSL,No,Yes,Yes,No,No,Yes,Month-to-month,No,Electronic check,59.81,2441.53,No
CUST-04366,Male,0,Yes,No,21,Yes,No,Fiber optic,Yes,No,No,No,No,Yes,Month-to-month,No,Bank transfer (automatic),82.27,1755.35,No
CUST-04367,Male,0,No,No,15,Yes,Yes,DSL,No,Yes,Yes,No,No,No,One year,Yes,Credit card (automatic),61.21,935.07,No
CUST-04368,Female,0,Yes,Yes,70,Yes,Yes,Fiber optic,Yes,No,No,Yes,No,No,Two year,No,Electronic check,84.21,5862.98,No
CUST-04369,Female,0,Yes,No,30,Yes,Yes,DSL,No,No,Yes,No,Yes,No,One year,No,Electronic check,55.11,1663.8,No
CUST-04370,Female,0,Yes,No,69,Yes,Yes,Fiber optic,Yes,Yes,Yes,Yes,No,Yes,Month-to-month,No,Bank transfer (automatic),93.96,6481.98,Yes
CUST-04371,Male,0,No,No,4,Yes,No,Fiber optic,No,Yes,Yes,No,No,No,Month-to-month,Yes,Mailed check,78.54,288.65,No
CUST-04372,Male,0,No,No,7,Yes,Yes,Fiber optic,Yes,Yes,Yes,No,Yes,Yes,Month-to-month,No,Credit card (automatic),106.02,725.6,Yes
CUST-04373,Female,0,Yes,No,34,No,No phone service,Fiber optic,No,Yes,Yes,No,No,Yes,Month-to-month,No,Electronic check,89.26,3030.52,Yes
CUST-04374,Male,0,No,No,57,Yes,Yes,DSL,No,Yes,Yes,No,Yes,Yes,Two year,No,Credit card (automatic),63.01,3547.3,No
CUST-04375,Female,0,Yes,Yes,30,Yes,No,DSL,Yes,No,Yes,No,Yes,Yes,Month-to-month,No,Credit card (automatic),62.76,1887.23,No
CUST-04376,Male,0,No,No,61,Yes,No,Fiber optic,No,No,No,No,No,No,Month-to-month,Yes,Bank transfer (automatic),72.32,4413.22,Yes
CUST-04377,Male,0,Yes,Yes,9,Yes,No,Fiber optic,No,No,Yes,No,Yes,No,One year,Yes,Mailed check,78.68,703.04,No
CUST-04378,Male,0,Yes,No,62,Yes,No,No,No internet service,No internet service,No internet service,No internet service,No internet service,No internet service,Month-to-month,No,Bank transfer (automatic),18.14,1125.4,Yes
CUST-04379,Female,0,No,No,32,Yes,No,Fiber optic,No,Yes,Yes,Yes,No,Yes,Month-to-month,No,Mailed check,90.2,2881.88,Yes
CUST-04380,Female,0,No,Yes,20,Yes,Yes,Fiber optic,No,No,No,No,No,Yes,Month-to-month,No,Mailed check,75.97,1496.92,No
CUST-04381,Male,0,No,Yes,46,Yes,No,No,No internet service,No internet service,No internet service,No internet service,No internet service,No internet service,Month-to-month,Yes,Bank transfer (automatic),18.0,815.19,Yes
CUST-04382,Male,0,No,No,56,Yes,No,Fiber optic,Yes,No,Yes,No,Yes,Yes,One year,No,Credit card (automatic),90.65,5060.86,No
CUST-04383,Female,0,No,Yes,67,Yes,No,DSL,Yes,No,No,Yes,Yes,No,Month-to-month,Yes,Bank transfer (automatic),52.14,3505.98,No
CUST-04384,Male,1,Yes,No,6,Yes,Yes,Fiber optic,Yes,Yes,No,No,Yes,No,One year,No,Credit card (automatic),88.5,509.69,Yes
CUST-04385,Female,1,Yes,Yes,51,Yes,Yes,No,No internet service,No internet service,No internet service,No internet service,No internet service,No internet service,Month-to-month,No,Bank transfer (automatic),28.59,1447.04,No
CUST-04386,Male,0,No,No,22,Yes,No,Fiber optic,No,No,No,Yes,Yes,No,Month-to-month,Yes,Credit card (automatic),82.17,1808.27,No
CUST-04387,Male,0,Yes,No,36,Yes,Yes,DSL,No,No,Yes,No,No,Yes,One year,Yes,Electronic check,56.95,2019.72,No
CUST-04388,Male,0,No,Yes,33,Yes,Yes,Fiber optic,No,Yes,Yes,Yes,Yes,Yes,Month-to-month,Yes,Electronic check,93.65,3081.34,Yes
CUST-04389,Female,0,Yes,No,56,Yes,No,DSL,No,No,No,Yes,No,Yes,Month-to-month,Yes,Electronic check,58.68,3286.54,No
CUST-04390,Male,0,No,Yes,29,Yes,No,Fiber optic,Yes,Yes,Yes,Yes,No,Yes,Month-to-month,Yes,Mailed check,94.48,2743.01,No
CUST-04391,Female,0,Yes,No,20,Yes,No,No,No internet service,No internet service,No internet service,No internet service,No internet service,No internet service,Month-to-month,No,Mailed check,19.84,403.56,No
CUST-04392,Male,0,No,No,35,Yes,Yes,No,No internet service,No internet service,No internet service,No internet service,No internet service,No internet service,Month-to-month,Yes,Bank transfer (automatic),18.0,614.54,No
CUST-04393,Male,0,No,Yes,48,Yes,Yes,Fiber optic,No,Yes,No,Yes,Yes,No,Two year,No,Credit card (automatic),83.09,3966.22,No
CUST-04394,Female,0,Yes,Yes,61,Yes,Yes,No,No internet service,No internet service,No internet service,No internet service,No internet service,No internet service,Month-to-month,Yes,Electronic check,18.39,1112.2,No
CUST-04395,Female,0,Yes,No,0,No,No phone service,No,No internet service,No internet service,No internet service,No internet service,No internet service,No internet service,Month-to-month,Yes,Electronic check,19.88,3.66,Yes
CUST-04396,Male,1,Yes,No,41,Yes,No,No,No internet service,No internet service,No internet service,No internet service,No internet service,No internet service,Month-to-month,No,Credit card (automatic),18.0,731.97,Yes
CUST-04397,Male,0,Yes,No,5,Yes,No,No,No internet service,No internet service,No internet service,No internet service,No internet service,No internet service,Month-to-month,Yes,Mailed check,22.0,87.44,No
CUST-04398,Male,0,Yes,No,45,Yes,No,No,No internet service,No internet service,No internet service,No internet service,No internet service,No internet service,One year,Yes,Bank transfer (automatic),26.26,1225.77,No
CUST-04399,Female,1,No,No,45,Yes,No,DSL,Yes,No,Yes,Yes,No,Yes,One year,No,Electronic check,76.0,3403.97,No
CUST-04400,Male,0,Yes,Yes,62,Yes,Yes,DSL,Yes,Yes,Yes,No,No,Yes,Two year,Yes,Credit card (automatic),68.65,4229.55,No
CUST-04401,Male,0,Yes,Yes,14,Yes,Yes,DSL,No,Yes,Yes,No,Yes,Yes,Month-to-month,Yes,Mailed check,67.86,935.94,No
CUST-04402,Male,0,Yes,No,58,Yes,No,Fiber optic,Yes,No,Yes,Yes,Yes,No,Month-to-month,No,Credit card (automatic),100.0,5817.27,No
CUST-04403,Female,0,Yes,No,50,No,No phone service,No,No internet service,No internet service,No internet service,No internet service,No internet service,No internet service,One year,Yes,Electronic check,22.36,1129.39,No
CUST-04404,Male,0,Yes,Yes,48,Yes,Yes,No,No internet service,No internet service,No internet service,No internet service,No internet service,No internet service,Month-to-month,Yes,Bank transfer (automatic),18.46,921.76,No
CUST-04405,Female,0,No,Yes,46,Yes,Yes,No,No internet service,No internet service,No internet service,No internet service,No internet service,No internet service,Month-to-month,Yes,Credit card (automatic),19.74,887.81,No
CUST-04406,Male,0,No,No,40,Yes,No,No,No internet service,No internet service,No internet service,No internet service,No internet service,No internet service,Month-to-month,No,Electronic check,21.93,871.15,Yes
CUST-04407,Male,0,No,No,4,Yes,Yes,Fiber optic,No,No,No,No,No,No,Month-to-month,No,Credit card (automatic),76.64,326.82,Yes
CUST-04408,Male,1,Yes,No,59,Yes,No,Fiber optic,No,No,No,Yes,No,Yes,Two year,Yes,Credit card (automatic),86.06,5056.55,No
CUST-04409,Male,0,No,No,28,Yes,Yes,Fiber optic,Yes,No,No,No,No,Yes,Two year,Yes,Mailed check,82.06,2320.87,No
CUST-04410,Male,0,No,No,7,Yes,Yes,DSL,No,Yes,Yes,No,No,No,One year,Yes,Credit card (automatic),57.54,403.47,Yes
CUST-04411,Female,0,No,No,44,Yes,Yes,No,No internet service,No internet service,No internet service,No internet service,No internet service,No internet service,Month-to-month,No,Credit card (automatic),22.46,972.27,No
CUST-04412,Male,0,No,No,69,Yes,No,Fiber optic,No,Yes,Yes,No,Yes,No,One year,No,Electronic check,91.16,6255.72,Yes
CUST-04413,Female,0,Yes,No,52,Yes,No,DSL,Yes,Yes,Yes,Yes,No,Yes,One year,Yes,Electronic check,72.34,3772.13,No
CUST-04414,Male,0,No,No,17,No,No phone service,Fiber optic,No,Yes,Yes,No,Yes,No,Two year,Yes,Electronic check,87.49,1516.86,No
CUST-04415,Male,1,No,No,59,Yes,No,Fiber optic,Yes,No,No,Yes,No,No,Month-to-month,No,Mailed check,82.62,4881.38,Yes
CUST-04416,Male,0,No,Yes,61,Yes,No,No,No internet service,No internet service,No internet service,No internet service,No internet service,No internet service,Two year,No,Bank transfer (automatic),22.45,1377.38,No
CUST-04417,Male,0,No,Yes,24,Yes,No,No,No internet service,No internet service,No internet service,No internet service,No internet service,No internet service,Month-to-month,No,Electronic check,24.45,592.07,No
CUST-04418,Female,0,No,Yes,38,Yes,No,DSL,Yes,No,Yes,Yes,Yes,Yes,One year,Yes,Mailed check,75.71,2895.43,No
CUST-04419,Male,0,Yes,Yes,61,Yes,Yes,No,No internet service,No internet service,No internet service,No internet service,No internet service,No internet service,Two year,Yes,Mailed check,18.0,1122.53,No
CUST-04420,Female,0,No,Yes,11,Yes,Yes,DSL,Yes,Yes,Yes,Yes,Yes,Yes,Two year,Yes,Bank transfer (automatic),82.04,844.75,No
CUST-04421,Female,0,No,No,25,Yes,No,Fiber optic,Yes,No,No,Yes,Yes,No,Two year,No,Mailed check,87.24,2174.6,No
CUST-04422,Female,0,No,No,33,Yes,No,Fiber optic,Yes,Yes,No,No,Yes,Yes,Month-to-month,Yes,Mailed check,87.08,2861.27,Yes
CUST-04423,Male,0,No,No,0,Yes,No,No,No internet service,No internet service,No internet service,No internet service,No internet service,No internet service,One year,Yes,Bank transfer (automatic),25.18,3.77,No
CUST-04424,Male,0,Yes,No,12,Yes,Yes,No,No internet service,No internet service,No internet service,No internet service,No internet service,No internet service,Month-to-month,No,Bank transfer (automatic),20.56,238.79,No
CUST-04425,Female,0,Yes,No,44,Yes,No,DSL,Yes,No,No,Yes,Yes,Yes,One year,No,Credit card (automatic),74.17,3272.38,No
CUST-04426,Male,0,Yes,No,19,Yes,Yes,Fiber optic,No,Yes,Yes,Yes,Yes,Yes,Month-to-month,No,Credit card (automatic),96.41,1838.47,No
CUST-04427,Male,1,No,Yes,17,Yes,Yes,No,No internet service,No internet service,No internet service,No internet service,No internet service,No internet service,Month-to-month,No,Credit card (automatic),21.41,325.65,Yes
CUST-04428,Female,0,No,Yes,21,Yes,Yes,No,No internet service,No internet service,No internet service,No internet service,No internet service,No internet service,Two year,No,Credit card (automatic),18.0,334.47,No
CUST-04429,Female,1,No,Yes,9,Yes,Yes,DSL,No,Yes,No,No,No,No,Two year,Yes,Mailed check,48.54,451.99,No
CUST-04430,Female,0,No,No,46,Yes,No,DSL,No,No,No,No,Yes,No,Month-to-month,Yes,Bank transfer (automatic),48.47,2213.0,No
CUST-04431,Male,0,No,Yes,18,Yes,No,Fiber optic,No,Yes,No,No,Yes,Yes,Month-to-month,No,Bank transfer (automatic),80.76,1488.05,Yes
CUST-04432,Female,0,Yes,No,47,Yes,No,No,No internet service,No internet service,No internet service,No internet service,No internet service,No internet service,Month-to-month,Yes,Bank transfer (automatic),23.26,1110.27,No
CUST-04433,Male,0,No,No,60,Yes,No,DSL,Yes,Yes,Yes,Yes,Yes,No,Month-to-month,Yes,Credit card (automatic),74.21,4416.85,No
CUST-04434,Female,0,No,No,34,Yes,No,Fiber optic,Yes,No,Yes,Yes,No,Yes,Month-to-month,No,Credit card (automatic),97.32,3292.93,No
CUST-04435,Female,0,No,No,66,Yes,No,No,No internet service,No internet service,No internet service,No internet service,No internet service,No internet service,Two year,Yes,Mailed check,19.84,1314.23,No
CUST-04436,Female,1,No,No,14,Yes,Yes,Fiber optic,No,No,Yes,Yes,No,Yes,Month-to-month,No,Electronic check,92.53,1286.5,Yes
CUST-04437,Female,0,No,No,70,Yes,Yes,Fiber optic,Yes,No,No,Yes,No,Yes,Month-to-month,Yes,Bank transfer (automatic),86.08,6022.14,Yes
CUST-04438,Male,0,Yes,No,23,Yes,No,No,No internet service,No internet service,No internet service,No internet service,No internet service,No internet service,One year,No,Bank transfer (automatic),19.82,433.7,No
CUST-04439,Male,0,No,Yes,22,Yes,Yes,Fiber optic,Yes,No,Yes,Yes,No,Yes,Month-to-month,No,Bank transfer (automatic),90.99,2008.69,No
CUST-04440,Male,0,No,No,71,Yes,Yes,DSL,Yes,Yes,No,Yes,Yes,Yes,Month-to-month,No,Electronic check,77.66,5514.25,No
CUST-04441,Male,0,Yes,No,33,No,No phone service,DSL,No,No,Yes,No,Yes,Yes,Month-to-month,Yes,Electronic check,64.27,2136.02,No
CUST-04442,Female,0,Yes,Yes,54,Yes,No,Fiber optic,Yes,Yes,Yes,No,Yes,No,Month-to-month,Yes,Bank transfer (automatic),93.5,5048.03,No
CUST-04443,Male,0,Yes,No,58,Yes,Yes,DSL,No,Yes,Yes,No,No,Yes,Month-to-month,No,Bank transfer (automatic),66.51,3845.01,Yes
CUST-04444,Female,0,Yes,No,32,Yes,No,DSL,No,Yes,Yes,No,Yes,No,One year,Yes,Bank transfer (automatic),59.17,1896.18,No
CUST-04445,Male,0,No,No,23,Yes,No,DSL,Yes,No,Yes,Yes,No,No,Month-to-month,No,Bank transfer (automatic),62.02,1433.72,No
CUST-04446,Male,0,Yes,No,35,Yes,No,Fiber optic,No,Yes,Yes,Yes,No,No,Two year,Yes,Credit card (automatic),81.18,2841.34,No
CUST-04447,Male,0,Yes,No,28,Yes,No,No,No internet service,No internet service,No internet service,No internet service,No internet service,No internet service,Two year,No,Mailed check,21.73,633.0,Yes
CUST-04448,Female,0,No,Yes,30,Yes,Yes,Fiber optic,No,Yes,No,Yes,No,Yes,Two year,Yes,Bank transfer (automatic),82.25,2445.79,No
CUST-04449,Female,1,Yes,Yes,17,Yes,No,No,No internet service,No internet service,No internet service,No internet service,No internet service,No internet service,Two year,Yes,Credit card (automatic),20.52,367.01,No
CUST-04450,Female,0,No,No,66,Yes,Yes,No,No internet service,No internet service,No internet service,No internet service,No internet service,No internet service,Two year,Yes,Credit card (automatic),19.69,1275.15,No
CUST-04451,Male,1,Yes,No,41,Yes,Yes,Fiber optic,Yes,Yes,No,No,No,No,Two year,No,Electronic check,80.47,3312.33,No
CUST-04452,Male,0,Yes,No,58,Yes,Yes,Fiber optic,No,Yes,No,Yes,Yes,No,Month-to-month,Yes,Electronic check,92.98,5351.74,Yes
CUST-04453,Female,0,No,No,48,Yes,Yes,DSL,No,No,No,No,No,Yes,Month-to-month,No,Credit card (automatic),51.64,2472.74,No
CUST-04454,Female,0,No,No,25,Yes,No,Fiber optic,No,No,No,No,No,Yes,One year,Yes,Bank transfer (automatic),75.83,1914.82,No
CUST-04455,Male,0,No,Yes,23,Yes,No,DSL,No,Yes,No,Yes,No,No,Two year,No,Bank transfer (automatic),54.92,1254.87,No
CUST-04456,Female,0,No,Yes,71,Yes,No,Fiber optic,No,No,Yes,Yes,Yes,No,Two year,Yes,Electronic check,94.51,6708.13,No
CUST-04457,Male,0,Yes,No,1,Yes,No,No,No internet service,No internet service,No internet service,No internet service,No internet service,No internet service,One year,Yes,Electronic check,20.34,25.61,Yes
CUST-04458,Male,0,No,No,21,Yes,Yes,DSL,No,Yes,Yes,Yes,No,Yes,Two year,Yes,Bank transfer (automatic),58.35,1178.6,No
CUST-04459,Female,1,Yes,Yes,53,Yes,No,DSL,No,No,Yes,Yes,No,Yes,One year,Yes,Electronic check,53.4,2835.84,No
CUST-04460,Male,0,No,No,39,Yes,No,No,No internet service,No internet service,No internet service,No internet service,No internet service,No internet service,One year,No,Credit card (automatic),19.16,727.82,No
CUST-04461,Male,0,Yes,No,45,No,No phone service,No,No internet service,No internet service,No internet service,No internet service,No internet service,No internet service,Month-to-month,Yes,Credit card (automatic),18.0,828.45,No
CUST-04462,Female,0,No,No,1,No,No phone service,No,No internet service,No internet service,No internet service,No internet service,No internet service,No internet service,Month-to-month,No,Credit card (automatic),18.0,15.51,Yes
CUST-04463,Female,0,Yes,No,15,Yes,No,DSL,Yes,No,Yes,Yes,Yes,No,Month-to-month,Yes,Electronic check,63.8,961.87,No
CUST-04464,Male,0,Yes,No,43,Yes,No,Fiber optic,No,No,Yes,No,Yes,No,Month-to-month,Yes,Mailed check,81.51,3480.5,Yes
CUST-04465,Male,0,Yes,No,22,Yes,Yes,Fiber optic,No,No,No,Yes,No,Yes,Month-to-month,No,Electronic check,82.22,1824.09,Yes
CUST-04466,Female,0,No,No,34,Yes,No,Fiber optic,Yes,No,No,No,No,No,Month-to-month,No,Bank transfer (automatic),76.86,2611.85,No
CUST-04467,Female,0,Yes,No,69,No,No phone service,Fiber optic,No,No,No,No,No,No,Two year,Yes,Bank transfer (automatic),70.93,4863.13,No
CUST-04468,Female,0,No,Yes,46,No,No phone service,No,No internet service,No internet service,No internet service,No internet service,No internet service,No internet service,Month-to-month,No,Electronic check,21.55,980.14,No
CUST-04469,Female,0,Yes,No,46,Yes,No,DSL,Yes,Yes,No,Yes,No,Yes,One year,No,Credit card (automatic),71.38,3295.89,No
CUST-04470,Male,0,No,No,14,Yes,No,No,No internet service,No internet service,No internet service,No internet service,No internet service,No internet service,Month-to-month,No,Bank transfer (automatic),18.0,253.66,Yes
CUST-04471,Female,0,Yes,No,43,Yes,Yes,DSL,No,Yes,No,Yes,No,Yes,Two year,No,Mailed check,65.12,2813.31,No
CUST-04472,Male,0,No,No,70,Yes,Yes,DSL,No,Yes,No,No,No,Yes,Month-to-month,Yes,Credit card (automatic),54.77,3825.57,No
CUST-04473,Male,1,Yes,Yes,46,Yes,Yes,No,No internet service,No internet service,No internet service,No internet service,No internet service,No internet service,One year,No,Mailed check,21.25,1000.64,No
CUST-04474,Female,0,Yes,No,57,Yes,Yes,Fiber optic,No,No,Yes,No,No,No,One year,No,Bank transfer (automatic),72.93,4184.12,No
CUST-04475,Male,0,Yes,Yes,69,Yes,Yes,Fiber optic,Yes,No,No,Yes,No,Yes,Month-to-month,Yes,Credit card (automatic),89.13,6113.81,Yes
CUST-04476,Female,0,Yes,Yes,65,Yes,Yes,DSL,Yes,No,Yes,No,Yes,Yes,One year,No,Credit card (automatic),73.0,4755.7,No
CUST-04477,Male,0,Yes,No,24,Yes,No,DSL,No,No,No,No,Yes,No,One year,Yes,Bank transfer (automatic),49.26,1211.42,No
CUST-04478,Female,0,Yes,No,21,Yes,No,DSL,Yes,Yes,No,Yes,Yes,Yes,Two year,Yes,Mailed check,70.41,1487.09,No
CUST-04479,Female,0,No,No,20,Yes,No,Fiber optic,No,Yes,Yes,Yes,No,No,Month-to-month,Yes,Mailed check,88.54,1768.88,Yes
CUST-04480,Male,1,No,No,56,Yes,No,DSL,Yes,No,Yes,Yes,Yes,Yes,Two year,Yes,Credit card (automatic),81.36,4528.57,No
CUST-04481,Male,1,Yes,Yes,27,Yes,Yes,No,No internet service,No internet service,No internet service,No internet service,No internet service,No internet service,Month-to-month,Yes,Bank transfer (automatic),18.0,478.71,No
CUST-04482,Female,0,Yes,Yes,60,Yes,No,No,No internet service,No internet service,No internet service,No internet service,No internet service,No internet service,Month-to-month,No,Bank transfer (automatic),24.89,1482.13,No
CUST-04483,Male,0,Yes,Yes,58,No,No phone service,No,No internet service,No internet service,No internet service,No internet service,No internet service,No internet service,Month-to-month,Yes,Mailed check,20.28,1192.77,Yes
CUST-04484,Male,0,Yes,No,48,Yes,Yes,No,No internet service,No internet service,No internet service,No internet service,No internet service,No internet service,Month-to-month,Yes,Bank transfer (automatic),22.14,1081.56,No
CUST-04485,Male,0,Yes,No,8,Yes,No,Fiber optic,Yes,No,Yes,Yes,No,No,Month-to-month,Yes,Electronic check,86.88,690.63,Yes
CUST-04486,Female,0,Yes,Yes,51,Yes,Yes,Fiber optic,No,Yes,Yes,Yes,Yes,No,Two year,No,Bank transfer (automatic),86.35,4383.78,No
CUST-04487,Male,0,Yes,No,15,Yes,Yes,No,No internet service,No internet service,No internet service,No internet service,No internet service,No internet service,One year,Yes,Electronic check,18.0,226.36,No
CUST-04488,Female,0,No,No,40,Yes,No,Fiber optic,No,No,No,No,No,No,Two year,No,Bank transfer (automatic),70.89,2846.29,Yes
CUST-04489,Male,0,No,No,16,Yes,Yes,DSL,Yes,Yes,No,No,No,Yes,Month-to-month,Yes,Bank transfer (automatic),54.39,879.23,No
CUST-04490,Male,0,No,No,4,Yes,No,Fiber optic,Yes,Yes,Yes,No,No,No,One year,No,Credit card (automatic),83.54,291.31,Yes
CUST-04491,Male,0,Yes,No,46,Yes,No,DSL,Yes,No,No,No,No,Yes,Month-to-month,No,Electronic check,63.57,2933.55,No
CUST-04492,Female,1,No,No,32,Yes,Yes,Fiber optic,No,No,No,No,No,Yes,Month-to-month,No,Credit card (automatic),76.35,2459.57,No
CUST-04493,Male,0,Yes,No,46,Yes,Yes,No,No internet service,No internet service,No internet service,No internet service,No internet service,No internet service,Month-to-month,No,Credit card (automatic),21.14,916.32,No
CUST-04494,Male,0,Yes,Yes,35,Yes,Yes,Fiber optic,Yes,No,Yes,No,Yes,Yes,One year,No,Credit card (automatic),89.21,3101.11,No
CUST-04495,Female,0,No,Yes,27,Yes,Yes,DSL,No,Yes,Yes,No,Yes,Yes,One year,Yes,Mailed check,76.16,2105.0,No
CUST-04496,Male,0,Yes,No,1,Yes,No,DSL,No,No,No,No,No,No,Month-to-month,Yes,Credit card (automatic),44.62,45.07,Yes
CUST-04497,Male,0,Yes,No,20,Yes,Yes,Fiber optic,No,No,Yes,No,Yes,No,Month-to-month,Yes,Electronic check,85.23,1749.52,Yes
CUST-04498,Male,1,No,Yes,64,Yes,No,DSL,No,No,No,No,Yes,No,Month-to-month,No,Mailed check,43.38,2780.18,No
CUST-04499,Male,0,No,No,55,Yes,Yes,Fiber optic,No,No,No,No,No,No,Month-to-month,Yes,Credit card (automatic),69.64,3851.7,Yes
CUST-04500,Female,0,No,No,33,Yes,Yes,No,No internet service,No internet service,No internet service,No internet service,No internet service,No internet service,One year,No,Bank transfer (automatic),19.07,622.69,No
CUST-04501,Female,1,Yes,Yes,2,No,No phone service,Fiber optic,No,Yes,No,No,No,No,Month-to-month,No,Credit card (automatic),73.01,132.19,Yes
CUST-04502,Female,0,Yes,Yes,71,Yes,No,Fiber optic,No,No,Yes,No,Yes,Yes,Two year,Yes,Bank transfer (automatic),84.66,5978.46,No
CUST-04503,Female,0,No,No,53,Yes,Yes,Fiber optic,Yes,No,No,No,No,No,Two year,Yes,Bank transfer (automatic),74.81,3975.33,No
CUST-04504,Male,1,Yes,No,1,Yes,No,DSL,Yes,Yes,Yes,Yes,Yes,No,Month-to-month,Yes,Bank transfer (automatic),73.21,55.83,Yes
CUST-04505,Male,0,Yes,Yes,15,Yes,Yes,Fiber optic,Yes,No,Yes,No,No,No,Two year,Yes,Bank transfer (automatic),80.75,1191.71,No
CUST-04506,Male,0,Yes,No,12,Yes,No,Fiber optic,No,Yes,No,Yes,No,No,One year,Yes,Mailed check,78.24,907.35,No
CUST-04507,Female,0,No,No,65,Yes,No,DSL,Yes,No,Yes,No,No,Yes,Month-to-month,Yes,Bank transfer (automatic),53.69,3490.24,No
CUST-04508,Male,0,No,No,69,Yes,No,Fiber optic,No,No,No,Yes,Yes,Yes,Two year,Yes,Mailed check,84.11,5818.58,No
CUST-04509,Female,0,Yes,Yes,30,Yes,No,Fiber optic,No,Yes,Yes,Yes,No,Yes,Month-to-month,Yes,Electronic check,90.45,2708.52,No
CUST-04510,Male,0,No,Yes,12,No,No phone service,DSL,No,No,Yes,Yes,Yes,No,One year,Yes,Electronic check,62.77,746.53,No
CUST-04511,Female,1,Yes,Yes,46,Yes,Yes,Fiber optic,No,No,No,No,Yes,No,One year,Yes,Bank transfer (automatic),77.77,3607.84,No
CUST-04512,Male,0,No,No,19,Yes,No,DSL,Yes,No,Yes,Yes,No,No,Two year,No,Bank transfer (automatic),65.05,1203.52,No
CUST-04513,Female,0,Yes,No,8,No,No phone service,Fiber optic,Yes,No,No,Yes,Yes,Yes,One year,Yes,Electronic check,88.3,742.46,No
CUST-04514,Female,0,Yes,No,18,Yes,No,DSL,No,No,No,Yes,No,Yes,Two year,No,Mailed check,58.78,1030.93,No
CUST-04515,Female,1,Yes,Yes,18,Yes,Yes,No,No internet service,No internet service,No internet service,No internet service,No internet service,No internet service,Month-to-month,Yes,Credit card (automatic),18.0,321.52,No
CUST-04516,Male,0,No,No,3,No,No phone service,Fiber optic,No,Yes,Yes,No,No,Yes,Two year,Yes,Credit card (automatic),91.71,282.43,No
CUST-04517,Male,0,No,No,51,Yes,No,DSL,No,Yes,Yes,Yes,Yes,No,One year,Yes,Mailed check,65.85,3377.88,No
CUST-04518,Female,0,No,No,25,Yes,No,DSL,Yes,Yes,No,No,No,Yes,One year,Yes,Bank transfer (automatic),60.4,1477.96,No
CUST-04519,Male,0,Yes,No,40,Yes,Yes,No,No internet service,No internet service,No internet service,No internet service,No internet service,No internet service,Two year,No,Bank transfer (automatic),18.0,723.27,No
CUST-04520,Female,1,Yes,No,40,Yes,Yes,Fiber optic,No,Yes,No,Yes,No,Yes,Month-to-month,No,Bank transfer (automatic),89.48,3566.86,No
CUST-04521,Female,1,Yes,Yes,56,No,No phone service,Fiber optic,No,Yes,No,Yes,No,Yes,Month-to-month,Yes,Electronic check,91.2,5127.05,Yes
CUST-04522,Female,0,Yes,Yes,55,Yes,No,No,No internet service,No internet service,No internet service,No internet service,No internet service,No internet service,Two year,No,Mailed check,18.0,977.41,No
CUST-04523,Female,0,Yes,No,41,Yes,Yes,DSL,Yes,Yes,Yes,No,Yes,Yes,Two year,No,Mailed check,70.53,2852.94,No
CUST-04524,Female,0,No,Yes,61,Yes,Yes,Fiber optic,No,No,No,No,Yes,No,One year,No,Credit card (automatic),74.6,4557.89,Yes
CUST-04525,Male,0,No,Yes,41,Yes,Yes,Fiber optic,Yes,No,No,No,Yes,Yes,Month-to-month,Yes,Electronic check,79.79,3270.74,No
CUST-04526,Male,0,No,No,1,Yes,Yes,No,No internet service,No internet service,No internet service,No internet service,No internet service,No internet service,Month-to-month,Yes,Bank transfer (automatic),18.35,53.83,No
CUST-04527,Male,0,Yes,Yes,62,No,No phone service,Fiber optic,No,No,Yes,Yes,Yes,No,Month-to-month,Yes,Mailed check,86.02,5352.46,No
CUST-04528,Male,0,Yes,No,56,Yes,No,No,No internet service,No internet service,No internet service,No internet service,No internet service,No internet service,Month-to-month,Yes,Mailed check,18.0,990.41,Yes
CUST-04529,Female,1,No,No,31,Yes,Yes,Fiber optic,Yes,Yes,Yes,Yes,Yes,No,Two year,No,Bank transfer (automatic),98.92,3085.96,No
CUST-04530,Male,0,Yes,No,28,Yes,Yes,No,No internet service,No internet service,No internet service,No internet service,No internet service,No internet service,One year,Yes,Electronic check,21.55,605.32,No
CUST-04531,Male,0,No,Yes,65,Yes,No,DSL,Yes,No,No,No,Yes,Yes,Month-to-month,Yes,Bank transfer (automatic),66.24,4319.85,No
CUST-04532,Female,0,No,No,31,Yes,No,Fiber optic,Yes,No,No,No,Yes,No,Month-to-month,No,Mailed check,87.11,2685.24,Yes
CUST-04533,Female,0,Yes,No,27,No,No phone service,DSL,No,No,Yes,Yes,Yes,No,Two year,Yes,Mailed check,67.59,1817.34,No
CUST-04534,Male,0,Yes,No,53,No,No phone service,No,No internet service,No internet service,No internet service,No internet service,No internet service,No internet service,One year,Yes,Electronic check,18.0,967.0,No
CUST-04535,Female,0,No,No,23,Yes,Yes,DSL,Yes,No,Yes,No,No,No,Month-to-month,Yes,Electronic check,51.75,1204.84,No
CUST-04536,Male,0,No,No,29,Yes,No,Fiber optic,No,No,Yes,No,Yes,No,Month-to-month,Yes,Electronic check,82.59,2352.96,Yes
CUST-04537,Female,0,No,Yes,56,No,No phone service,DSL,No,No,Yes,Yes,No,Yes,Month-to-month,Yes,Bank transfer (automatic),56.8,3192.37,No
CUST-04538,Female,1,No,Yes,16,Yes,No,DSL,No,No,No,No,No,Yes,Month-to-month,No,Mailed check,48.8,763.9,No
CUST-04539,Female,1,No,No,0,Yes,Yes,DSL,Yes,Yes,No,No,Yes,Yes,One year,Yes,Electronic check,66.99,4.69,Yes
CUST-04540,Female,0,Yes,No,24,Yes,No,No,No internet service,No internet service,No internet service,No internet service,No internet service,No internet service,Month-to-month,No,Credit card (automatic),23.87,539.8,No
CUST-04541,Female,0,No,No,12,Yes,Yes,DSL,Yes,No,No,Yes,No,Yes,Month-to-month,Yes,Credit card (automatic),64.49,791.54,No
CUST-04542,Female,0,No,Yes,26,No,No phone service,No,No internet service,No internet service,No internet service,No internet service,No internet service,No internet service,Month-to-month,No,Bank transfer (automatic),18.0,481.51,No
CUST-04543,Female,0,Yes,Yes,5,Yes,No,No,No internet service,No internet service,No internet service,No internet service,No internet service,No internet service,Month-to-month,No,Bank transfer (automatic),18.0,73.49,No
CUST-04544,Male,1,Yes,No,43,Yes,Yes,No,No internet service,No internet service,No internet service,No internet service,No internet service,No internet service,One year,Yes,Bank transfer (automatic),18.0,782.04,No
CUST-04545,Female,1,No,No,37,Yes,Yes,Fiber optic,No,Yes,No,No,Yes,No,One year,No,Credit card (automatic),82.87,3065.45,Yes
CUST-04546,Female,0,No,Yes,19,Yes,No,Fiber optic,No,Yes,Yes,Yes,Yes,No,Month-to-month,Yes,Credit card (automatic),100.2,1915.9,No
CUST-04547,Female,0,Yes,No,45,No,No phone service,Fiber optic,Yes,Yes,Yes,No,Yes,No,Month-to-month,Yes,Credit card (automatic),98.11,4387.27,No
CUST-04548,Female,0,No,No,10,Yes,No,DSL,Yes,No,No,Yes,No,Yes,One year,No,Mailed check,61.47,590.45,No
CUST-04549,Female,0,No,Yes,0,Yes,Yes,Fiber optic,No,No,No,Yes,No,No,Two year,Yes,Mailed check,79.45,0.0,Yes
CUST-04550,Male,1,No,No,34,No,No phone service,No,No internet service,No internet service,No internet service,No internet service,No internet service,No internet service,Month-to-month,No,Electronic check,20.57,698.35,No
CUST-04551,Male,0,Yes,Yes,11,Yes,Yes,DSL,Yes,Yes,No,No,Yes,No,Month-to-month,Yes,Bank transfer (automatic),61.81,712.55,Yes
CUST-04552,Male,0,Yes,No,62,Yes,Yes,DSL,No,Yes,No,Yes,Yes,No,Two year,Yes,Mailed check,58.75,3645.95,No
CUST-04553,Female,0,Yes,Yes,22,Yes,No,Fiber optic,No,No,Yes,Yes,No,Yes,Month-to-month,Yes,Bank transfer (automatic),85.84,1907.39,No
CUST-04554,Female,0,No,No,31,Yes,No,No,No internet service,No internet service,No internet service,No internet service,No internet service,No internet service,Two year,No,Bank transfer (automatic),18.66,560.93,No
CUST-04555,Male,0,No,Yes,21,Yes,No,DSL,No,Yes,No,No,No,Yes,Two year,No,Bank transfer (automatic),54.71,1137.46,No
CUST-04556,Male,1,Yes,No,31,Yes,No,No,No internet service,No internet service,No internet service,No internet service,No internet service,No internet service,Month-to-month,No,Electronic check,20.57,624.15,Yes
CUST-04557,Female,0,No,No,7,Yes,No,DSL,Yes,No,Yes,Yes,No,No,Month-to-month,No,Bank transfer (automatic),59.78,414.49,No
CUST-04558,Female,0,Yes,No,68,Yes,Yes,Fiber optic,No,No,Yes,No,No,Yes,Two year,No,Electronic check,77.78,5302.37,No
CUST-04559,Female,0,No,No,12,No,No phone service,No,No internet service,No internet service,No internet service,No internet service,No internet service,No internet service,Month-to-month,Yes,Credit card (automatic),19.78,230.65,No
CUST-04560,Male,0,Yes,No,28,Yes,Yes,Fiber optic,Yes,Yes,Yes,No,Yes,No,Month-to-month,No,Electronic check,92.75,2590.94,Yes
CUST-04561,Male,0,No,Yes,61,Yes,No,Fiber optic,No,No,No,No,Yes,No,Month-to-month,Yes,Mailed check,77.73,4753.15,Yes
CUST-04562,Male,0,No,No,31,Yes,No,No,No internet service,No internet service,No internet service,No internet service,No internet service,No internet service,One year,Yes,Mailed check,18.0,547.87,No
CUST-04563,Male,0,No,No,51,Yes,No,DSL,No,No,No,Yes,No,Yes,Two year,No,Credit card (automatic),51.85,2628.86,No
CUST-04564,Female,0,Yes,No,4,Yes,No,DSL,No,No,No,No,Yes,Yes,One year,No,Electronic check,46.76,180.33,Yes
CUST-04565,Male,0,Yes,Yes,21,Yes,Yes,No,No internet service,No internet service,No internet service,No internet service,No internet service,No internet service,Month-to-month,Yes,Bank transfer (automatic),21.24,482.54,No
CUST-04566,Female,0,Yes,Yes,55,Yes,No,Fiber optic,Yes,Yes,No,No,No,Yes,One year,Yes,Credit card (automatic),84.19,4648.06,No
CUST-04567,Female,1,No,No,19,Yes,No,No,No internet service,No internet service,No internet service,No internet service,No internet service,No internet service,One year,Yes,Credit card (automatic),18.0,379.95,No
CUST-04568,Male,0,Yes,Yes,30,Yes,Yes,No,No internet service,No internet service,No internet service,No internet service,No internet service,No internet service,Month-to-month,Yes,Mailed check,19.73,565.85,No
CUST-04569,Male,0,No,Yes,5,Yes,No,Fiber optic,No,No,No,No,Yes,No,One year,No,Mailed check,74.77,381.65,No
CUST-04570,Female,0,No,No,36,Yes,Yes,Fiber optic,Yes,No,No,Yes,Yes,Yes,One year,No,Electronic check,94.64,3399.59,No
CUST-04571,Male,0,Yes,Yes,25,Yes,No,Fiber optic,No,No,No,No,Yes,No,Month-to-month,Yes,Mailed check,78.27,1950.5,No
CUST-04572,Male,0,Yes,Yes,62,Yes,No,DSL,No,Yes,No,No,No,Yes,Two year,Yes,Mailed check,61.43,3777.85,No
CUST-04573,Female,0,Yes,Yes,29,Yes,Yes,Fiber optic,Yes,Yes,No,Yes,No,Yes,Month-to-month,Yes,Credit card (automatic),96.76,2832.04,No
CUST-04574,Female,0,No,No,60,Yes,No,No,No internet service,No internet service,No internet service,No internet service,No internet service,No internet service,Month-to-month,Yes,Credit card (automatic),23.13,1355.36,Yes
CUST-04575,Female,0,No,No,66,Yes,No,No,No internet service,No internet service,No internet service,No internet service,No internet service,No internet service,Month-to-month,Yes,Credit card (automatic),21.0,1403.79,No
CUST-04576,Male,0,Yes,Yes,61,Yes,No,No,No internet service,No internet service,No internet service,No internet service,No internet service,No internet service,Month-to-month,No,Mailed check,20.65,1251.77,No
CUST-04577,Male,1,No,No,54,Yes,No,No,No internet service,No internet service,No internet service,No internet service,No internet service,No internet service,Month-to-month,Yes,Bank transfer (automatic),21.85,1161.68,No
CUST-04578,Male,0,Yes,No,42,Yes,No,DSL,Yes,Yes,Yes,No,No,No,Month-to-month,No,Bank transfer (automatic),55.28,2302.65,No
CUST-04579,Male,1,Yes,Yes,34,Yes,No,Fiber optic,Yes,Yes,Yes,Yes,No,No,Two year,No,Mailed check,90.0,3061.0,No
CUST-04580,Male,0,No,No,5,Yes,No,DSL,Yes,Yes,Yes,No,No,Yes,One year,Yes,Electronic check,66.57,325.52,Yes
CUST-04581,Female,0,No,No,9,No,No phone service,Fiber optic,Yes,No,Yes,No,Yes,Yes,Month-to-month,Yes,Mailed check,86.94,782.55,Yes
CUST-04582,Male,0,Yes,No,27,Yes,Yes,No,No internet service,No internet service,No internet service,No internet service,No internet service,No internet service,One year,Yes,Bank transfer (automatic),18.0,446.29,No
CUST-04583,Female,0,No,No,47,Yes,No,No,No internet service,No internet service,No internet service,No internet service,No internet service,No internet service,One year,No,Electronic check,21.17,953.69,No
CUST-04584,Female,0,No,No,0,Yes,Yes,No,No internet service,No internet service,No internet service,No internet service,No internet service,No internet service,Month-to-month,Yes,Electronic check,21.8,0.0,Yes
CUST-04585,Female,0,No,No,68,Yes,No,Fiber optic,Yes,No,No,Yes,Yes,No,Two year,No,Electronic check,88.59,6040.17,No
CUST-04586,Male,0,No,No,72,Yes,No,Fiber optic,Yes,Yes,Yes,Yes,Yes,No,Month-to-month,No,Credit card (automatic),100.6,7272.16,Yes
CUST-04587,Male,0,Yes,Yes,5,Yes,No,DSL,Yes,No,Yes,Yes,No,No,Month-to-month,Yes,Credit card (automatic),59.37,291.58,No
CUST-04588,Female,0,Yes,No,7,Yes,Yes,Fiber optic,No,Yes,No,No,Yes,Yes,Month-to-month,Yes,Electronic check,87.62,628.22,Yes
CUST-04589,Male,0,No,No,61,Yes,No,DSL,No,Yes,Yes,No,No,Yes,Month-to-month,Yes,Mailed check,56.99,3483.32,Yes
CUST-04590,Female,0,No,Yes,14,Yes,No,No,No internet service,No internet service,No internet service,No internet service,No internet service,No internet service,Month-to-month,No,Credit card (automatic),18.0,275.38,Yes
CUST-04591,Male,0,Yes,No,13,No,No phone service,Fiber optic,No,No,Yes,No,No,No,Month-to-month,No,Mailed check,78.82,1048.76,No
CUST-04592,Male,0,Yes,No,13,Yes,No,Fiber optic,Yes,No,Yes,No,Yes,No,One year,No,Electronic check,90.46,1151.26,No
CUST-04593,Female,0,Yes,Yes,51,Yes,No,No,No internet service,No internet service,No internet service,No internet service,No internet service,No internet service,Two year,Yes,Bank transfer (automatic),22.87,1170.22,No
CUST-04594,Female,0,No,No,9,Yes,Yes,DSL,Yes,No,No,No,No,Yes,Two year,No,Bank transfer (automatic),59.97,556.86,No
CUST-04595,Male,0,Yes,No,13,Yes,No,Fiber optic,Yes,No,No,No,Yes,Yes,One year,Yes,Bank transfer (automatic),85.42,1127.67,No
CUST-04596,Female,0,Yes,No,29,Yes,Yes,No,No internet service,No internet service,No internet service,No internet service,No internet service,No internet service,One year,No,Mailed check,24.12,714.82,No
CUST-04597,Male,0,Yes,No,43,Yes,No,No,No internet service,No internet service,No internet service,No internet service,No internet service,No internet service,One year,Yes,Credit card (automatic),22.65,973.29,No
CUST-04598,Female,0,No,No,72,Yes,Yes,DSL,Yes,No,Yes,Yes,No,No,Month-to-month,Yes,Electronic check,62.72,4529.37,No
CUST-04599,Female,0,No,No,17,Yes,Yes,Fiber optic,Yes,No,No,Yes,No,Yes,Month-to-month,Yes,Mailed check,91.99,1535.42,Yes
CUST-04600,Female,0,Yes,Yes,18,Yes,No,Fiber optic,No,Yes,Yes,Yes,No,No,Month-to-month,No,Credit card (automatic),88.25,1561.07,No
CUST-04601,Female,0,Yes,No,39,No,No phone service,DSL,Yes,Yes,Yes,Yes,No,No,Month-to-month,No,Mailed check,59.69,2358.08,No
CUST-04602,Male,0,Yes,No,30,Yes,No,DSL,No,Yes,Yes,Yes,No,Yes,One year,Yes,Electronic check,66.88,2028.17,No
CUST-04603,Female,0,No,No,43,Yes,No,Fiber optic,No,No,Yes,No,Yes,Yes,Month-to-month,No,Bank transfer (automatic),88.36,3831.13,No
CUST-04604,Male,0,No,Yes,17,Yes,Yes,DSL,No,Yes,No,No,No,No,Month-to-month,No,Bank transfer (automatic),54.89,930.05,No
CUST-04605,Male,0,No,No,45,Yes,No,Fiber optic,Yes,No,Yes,No,No,Yes,Month-to-month,Yes,Bank transfer (automatic),84.18,3768.55,Yes
CUST-04606,Male,0,No,No,67,Yes,No,DSL,No,No,No,Yes,Yes,No,One year,Yes,Mailed check,55.78,3733.52,No
CUST-04607,Male,0,Yes,Yes,49,Yes,Yes,DSL,Yes,No,Yes,Yes,Yes,Yes,Month-to-month,Yes,Credit card (automatic),66.82,3312.94,No
CUST-04608,Female,0,Yes,No,53,Yes,Yes,Fiber optic,No,Yes,Yes,No,Yes,No,Month-to-month,No,Bank transfer (automatic),86.53,4569.32,Yes
CUST-04609,Male,0,Yes,No,5,Yes,No,DSL,No,Yes,No,No,No,Yes,Month-to-month,Yes,Bank transfer (automatic),55.41,273.58,Yes
CUST-04610,Male,1,Yes,No,65,Yes,Yes,DSL,Yes,Yes,No,Yes,No,Yes,Month-to-month,No,Bank transfer (automatic),71.06,4643.25,Yes
CUST-04611,Male,0,Yes,No,51,Yes,Yes,DSL,Yes,Yes,No,Yes,No,Yes,One year,Yes,Credit card (automatic),70.01,3572.12,No
CUST-04612,Female,0,No,Yes,45,Yes,Yes,Fiber optic,No,No,Yes,Yes,No,No,Month-to-month,Yes,Bank transfer (automatic),76.76,3446.44,Yes
CUST-04613,Female,0,Yes,No,11,Yes,No,Fiber optic,Yes,Yes,Yes,No,No,Yes,Month-to-month,Yes,Credit card (automatic),86.63,968.04,Yes
CUST-04614,Female,0,No,Yes,40,Yes,Yes,No,No internet service,No internet service,No internet service,No internet service,No internet service,No internet service,Two year,Yes,Mailed check,18.94,748.06,No
CUST-04615,Male,1,Yes,No,49,No,No phone service,Fiber optic,No,No,No,No,No,Yes,Month-to-month,No,Electronic check,77.35,3799.7,Yes
CUST-04616,Male,0,Yes,No,45,Yes,Yes,DSL,No,No,Yes,No,Yes,Yes,One year,No,Bank transfer (automatic),62.02,2742.62,No
CUST-04617,Female,0,No,Yes,9,Yes,No,DSL,No,Yes,No,Yes,Yes,No,One year,No,Mailed check,60.4,508.57,No
CUST-04618,Female,0,Yes,No,2,Yes,Yes,No,No internet service,No internet service,No internet service,No internet service,No internet service,No internet service,Month-to-month,Yes,Credit card (automatic),18.0,31.33,Yes
CUST-04619,Female,0,Yes,No,34,Yes,No,DSL,No,Yes,Yes,No,Yes,Yes,Month-to-month,Yes,Electronic check,61.17,2106.46,Yes
CUST-04620,Female,0,Yes,No,52,Yes,No,DSL,No,No,Yes,No,No,No,Month-to-month,Yes,Credit card (automatic),51.46,2672.64,No
CUST-04621,Female,0,No,Yes,28,Yes,Yes,DSL,Yes,Yes,No,No,No,Yes,Month-to-month,No,Credit card (automatic),60.08,1681.2,Yes
CUST-04622,Female,1,Yes,No,50,Yes,No,Fiber optic,Yes,No,Yes,Yes,Yes,No,Month-to-month,No,Credit card (automatic),90.21,4515.5,Yes
CUST-04623,Male,1,No,No,70,Yes,No,Fiber optic,No,Yes,No,Yes,Yes,No,One year,Yes,Mailed check,84.18,5884.37,No
CUST-04624,Male,0,No,Yes,64,Yes,Yes,Fiber optic,No,Yes,Yes,No,No,No,Month-to-month,No,Credit card (automatic),84.27,5361.1,Yes
CUST-04625,Male,1,No,No,46,Yes,No,DSL,No,No,No,Yes,Yes,Yes,Month-to-month,No,Bank transfer (automatic),56.85,2628.87,No
CUST-04626,Male,0,Yes,No,53,Yes,Yes,No,No internet service,No internet service,No internet service,No internet service,No internet service,No internet service,One year,No,Electronic check,23.64,1258.24,No
CUST-04627,Male,0,No,No,6,Yes,No,DSL,Yes,No,Yes,No,Yes,Yes,Month-to-month,Yes,Mailed check,66.67,406.87,No
CUST-04628,Female,1,Yes,No,6,Yes,Yes,Fiber optic,No,No,Yes,Yes,No,No,One year,Yes,Bank transfer (automatic),83.28,477.39,No
CUST-04629,Male,0,No,Yes,51,Yes,Yes,No,No internet service,No internet service,No internet service,No internet service,No internet service,No internet service,Month-to-month,No,Credit card (automatic),24.22,1265.75,Yes
CUST-04630,Male,0,No,No,58,Yes,No,DSL,No,No,Yes,No,Yes,Yes,One year,Yes,Mailed check,63.79,3691.23,No
CUST-04631,Male,0,Yes,Yes,14,Yes,No,Fiber optic,Yes,Yes,No,Yes,No,Yes,Two year,Yes,Mailed check,85.95,1231.91,No
CUST-04632,Male,0,Yes,No,43,No,No phone service,Fiber optic,Yes,No,Yes,Yes,Yes,Yes,Month-to-month,No,Bank transfer (automatic),100.46,4277.59,No
CUST-04633,Male,0,No,Yes,20,Yes,No,Fiber optic,Yes,Yes,No,Yes,Yes,Yes,Two year,Yes,Electronic check,96.51,1921.67,No
CUST-04634,Male,0,No,Yes,7,Yes,No,Fiber optic,No,No,Yes,Yes,No,Yes,Month-to-month,Yes,Credit card (automatic),87.42,642.4,No
CUST-04635,Female,0,No,No,27,Yes,No,Fiber optic,Yes,Yes,No,Yes,No,Yes,Month-to-month,Yes,Mailed check,91.03,2454.96,No
CUST-04636,Female,0,No,No,32,Yes,Yes,Fiber optic,No,Yes,No,Yes,No,Yes,Month-to-month,Yes,Bank transfer (automatic),89.1,2802.09,Yes
CUST-04637,Male,0,No,Yes,56,Yes,No,Fiber optic,No,No,No,No,No,Yes,Month-to-month,Yes,Mailed check,70.13,3908.08,Yes
CUST-04638,Female,0,No,No,63,No,No phone service,Fiber optic,No,Yes,No,No,No,Yes,Two year,No,Mailed check,77.91,4913.94,No
CUST-04639,Female,0,No,Yes,68,Yes,No,DSL,No,No,No,No,No,Yes,Month-to-month,Yes,Mailed check,50.91,3490.59,Yes
CUST-04640,Female,0,Yes,No,7,Yes,Yes,DSL,Yes,Yes,No,Yes,No,Yes,Month-to-month,Yes,Credit card (automatic),64.9,448.55,Yes
CUST-04641,Male,0,No,Yes,67,Yes,No,Fiber optic,Yes,Yes,Yes,No,Yes,Yes,Two year,Yes,Mailed check,90.37,6076.7,No
CUST-04642,Female,0,No,No,37,Yes,Yes,Fiber optic,Yes,Yes,No,Yes,No,Yes,Month-to-month,Yes,Credit card (automatic),93.63,3472.21,No
CUST-04643,Male,0,Yes,Yes,12,Yes,Yes,Fiber optic,No,Yes,Yes,Yes,Yes,No,One year,Yes,Electronic check,100.24,1194.64,No
CUST-04644,Male,1,Yes,No,47,No,No phone service,Fiber optic,Yes,No,No,Yes,No,Yes,Month-to-month,Yes,Mailed check,88.46,4173.36,No
CUST-04645,Male,0,Yes,No,4,Yes,No,No,No internet service,No internet service,No internet service,No internet service,No internet service,No internet service,Two year,No,Electronic check,26.72,126.09,No
CUST-04646,Female,0,Yes,No,33,Yes,Yes,Fiber optic,Yes,Yes,No,No,No,Yes,Month-to-month,No,Mailed check,83.47,2748.76,No
CUST-04647,Male,0,No,No,60,Yes,No,Fiber optic,Yes,No,Yes,Yes,Yes,No,One year,Yes,Credit card (automatic),90.54,5418.01,No
CUST-04648,Male,0,Yes,Yes,70,Yes,Yes,DSL,Yes,Yes,No,Yes,Yes,No,One year,Yes,Bank transfer (automatic),66.87,4648.56,No
CUST-04649,Male,0,No,Yes,21,Yes,No,Fiber optic,No,Yes,Yes,Yes,Yes,Yes,Two year,No,Electronic check,97.88,2063.84,No
CUST-04650,Male,0,Yes,No,12,No,No phone service,Fiber optic,No,Yes,No,No,Yes,Yes,Two year,No,Bank transfer (automatic),87.4,1037.27,No
CUST-04651,Female,0,No,Yes,42,Yes,Yes,No,No internet service,No internet service,No internet service,No internet service,No internet service,No internet service,Two year,Yes,Mailed check,25.19,1068.43,No
CUST-04652,Male,1,No,No,11,Yes,No,No,No internet service,No internet service,No internet service,No internet service,No internet service,No internet service,Month-to-month,No,Electronic check,25.1,281.96,No
CUST-04653,Male,0,No,No,71,Yes,Yes,DSL,No,Yes,Yes,Yes,No,No,Month-to-month,Yes,Electronic check,64.4,4579.44,Yes
CUST-04654,Male,0,No,No,23,Yes,Yes,No,No internet service,No internet service,No internet service,No internet service,No internet service,No internet service,Two year,No,Mailed check,19.17,437.63,No
CUST-04655,Male,0,Yes,No,13,Yes,No,Fiber optic,Yes,Yes,No,Yes,Yes,Yes,One year,No,Electronic check,94.08,1197.53,No
CUST-04656,Male,1,No,No,17,Yes,No,Fiber optic,Yes,Yes,Yes,Yes,Yes,No,Two year,No,Bank transfer (automatic),88.95,1521.61,No
CUST-04657,Female,1,No,No,27,No,No phone service,Fiber optic,Yes,No,Yes,No,No,No,Two year,Yes,Bank transfer (automatic),79.31,2158.13,No
CUST-04658,Male,0,Yes,No,54,Yes,Yes,Fiber optic,Yes,No,No,No,No,No,Month-to-month,Yes,Credit card (automatic),76.25,4164.0,Yes
CUST-04659,Male,0,No,No,63,Yes,Yes,No,No internet service,No internet service,No internet service,No internet service,No internet service,No internet service,Month-to-month,Yes,Credit card (automatic),21.98,1372.86,No
CUST-04660,Female,0,Yes,No,53,Yes,Yes,DSL,Yes,No,Yes,No,No,Yes,Month-to-month,No,Credit card (automatic),63.75,3357.8,Yes
CUST-04661,Female,0,No,No,47,Yes,No,Fiber optic,Yes,Yes,No,No,Yes,Yes,One year,Yes,Mailed check,91.22,4263.99,No
CUST-04662,Male,0,Yes,No,19,Yes,No,DSL,Yes,No,Yes,Yes,Yes,Yes,Month-to-month,Yes,Mailed check,76.07,1444.33,No
CUST-04663,Male,0,No,Yes,68,Yes,Yes,DSL,Yes,No,Yes,No,No,Yes,Month-to-month,Yes,Bank transfer (automatic),62.07,4236.82,Yes
CUST-04664,Male,1,Yes,No,72,Yes,Yes,Fiber optic,Yes,Yes,No,Yes,Yes,Yes,One year,Yes,Mailed check,96.22,6945.66,No
CUST-04665,Female,0,Yes,No,46,Yes,Yes,Fiber optic,No,Yes,No,Yes,Yes,Yes,Month-to-month,No,Credit card (automatic),90.36,4187.94,Yes
CUST-04666,Male,0,Yes,Yes,57,Yes,Yes,No,No internet service,No internet service,No internet service,No internet service,No internet service,No internet service,Month-to-month,No,Credit card (automatic),18.89,1084.44,No
CUST-04667,Male,0,No,Yes,22,Yes,Yes,Fiber optic,No,Yes,No,No,Yes,No,Month-to-month,Yes,Bank transfer (automatic),86.18,1871.97,Yes
CUST-04668,Female,0,Yes,No,32,Yes,No,Fiber optic,No,Yes,Yes,No,No,Yes,Month-to-month,Yes,Mailed check,87.0,2788.8,Yes
CUST-04669,Male,0,No,Yes,58,Yes,Yes,No,No internet service,No internet service,No internet service,No internet service,No internet service,No internet service,Month-to-month,No,Credit card (automatic),19.06,1063.5,No
CUST-04670,Male,0,No,No,30,Yes,Yes,Fiber optic,Yes,No,No,Yes,No,Yes,One year,Yes,Bank transfer (automatic),77.76,2325.87,No
CUST-04671,Female,0,No,No,55,Yes,Yes,Fiber optic,No,Yes,Yes,No,No,No,Two year,Yes,Electronic check,80.86,4438.81,No
CUST-04672,Male,0,Yes,No,62,Yes,Yes,No,No internet service,No internet service,No internet service,No internet service,No internet service,No internet service,One year,Yes,Electronic check,18.0,1125.2,No
CUST-04673,Female,0,No,Yes,68,Yes,Yes,Fiber optic,Yes,No,Yes,Yes,No,Yes,Two year,Yes,Electronic check,91.79,6250.52,No
CUST-04674,Female,0,No,No,21,Yes,Yes,Fiber optic,Yes,Yes,Yes,Yes,No,Yes,Month-to-month,Yes,Electronic check,96.56,2012.97,Yes
CUST-04675,Male,0,Yes,No,34,Yes,Yes,Fiber optic,Yes,Yes,No,No,Yes,Yes,Month-to-month,No,Mailed check,97.59,3303.87,No
CUST-04676,Female,0,Yes,No,28,No,No phone service,Fiber optic,No,No,No,Yes,No,Yes,Month-to-month,No,Bank transfer (automatic),87.69,2456.61,No
CUST-04677,Female,1,No,No,36,Yes,No,Fiber optic,No,Yes,No,No,Yes,No,One year,No,Bank transfer (automatic),80.83,2919.41,No
CUST-04678,Female,1,Yes,No,54,Yes,Yes,Fiber optic,No,Yes,No,Yes,No,No,Month-to-month,No,Mailed check,79.98,4333.63,No
CUST-04679,Male,0,Yes,Yes,23,Yes,Yes,Fiber optic,Yes,No,Yes,Yes,Yes,No,Two year,Yes,Mailed check,91.64,2098.01,Yes
CUST-04680,Male,0,Yes,No,17,Yes,Yes,DSL,No,Yes,Yes,Yes,Yes,No,One year,No,Bank transfer (automatic),65.83,1118.13,No
CUST-04681,Male,0,No,No,19,Yes,No,DSL,No,Yes,Yes,Yes,Yes,No,Two year,No,Credit card (automatic),61.12,1140.45,No
CUST-04682,Female,0,No,No,55,Yes,Yes,Fiber optic,No,Yes,No,No,Yes,Yes,Month-to-month,Yes,Bank transfer (automatic),82.43,4513.08,No
CUST-04683,Male,0,No,Yes,72,Yes,No,DSL,Yes,Yes,No,No,Yes,No,One year,Yes,Electronic check,59.33,4233.1,No
CUST-04684,Female,0,No,No,7,Yes,Yes,Fiber optic,Yes,Yes,No,Yes,No,No,Month-to-month,No,Mailed check,96.96,666.07,Yes
CUST-04685,Female,0,Yes,No,71,Yes,No,DSL,No,Yes,No,No,No,No,Month-to-month,No,Credit card (automatic),50.98,3645.16,No
CUST-04686,Female,0,Yes,No,2,Yes,Yes,DSL,Yes,No,No,No,No,No,One year,Yes,Credit card (automatic),51.6,131.54,No
CUST-04687,Male,0,Yes,No,38,Yes,Yes,No,No internet service,No internet service,No internet service,No internet service,No internet service,No internet service,Month-to-month,Yes,Mailed check,22.43,863.69,No
CUST-04688,Male,0,Yes,Yes,9,Yes,Yes,Fiber optic,Yes,Yes,No,Yes,No,No,Two year,Yes,Mailed check,95.32,877.99,No
CUST-04689,Female,0,Yes,Yes,69,Yes,Yes,No,No internet service,No internet service,No internet service,No internet service,No internet service,No internet service,One year,No,Credit card (automatic),19.32,1349.28,No
CUST-04690,Male,0,No,No,55,Yes,No,DSL,Yes,Yes,Yes,No,No,No,One year,Yes,Credit card (automatic),51.93,2859.62,No
CUST-04691,Male,0,Yes,No,25,Yes,No,DSL,Yes,No,No,Yes,Yes,No,Month-to-month,Yes,Mailed check,60.78,1470.78,No
CUST-04692,Female,0,Yes,Yes,50,Yes,No,DSL,No,Yes,No,No,No,No,Month-to-month,Yes,Electronic check,45.0,2295.31,No
CUST-04693,Female,0,Yes,No,62,Yes,Yes,DSL,No,Yes,Yes,No,No,No,Month-to-month,No,Bank transfer (automatic),56.51,3499.48,No
CUST-04694,Female,0,Yes,Yes,15,Yes,No,DSL,Yes,Yes,Yes,No,Yes,Yes,One year,Yes,Bank transfer (automatic),78.16,1168.15,No
CUST-04695,Female,1,Yes,No,46,Yes,No,Fiber optic,Yes,Yes,No,No,No,No,Month-to-month,Yes,Bank transfer (automatic),81.58,3781.9,Yes
CUST-04696,Male,0,Yes,No,21,Yes,Yes,DSL,Yes,No,Yes,Yes,Yes,No,Two year,No,Credit card (automatic),58.54,1232.54,No
CUST-04697,Male,1,Yes,Yes,52,Yes,No,No,No internet service,No internet service,No internet service,No internet service,No internet service,No internet service,Two year,Yes,Mailed check,22.57,1224.0,No
CUST-04698,Male,0,No,No,41,Yes,Yes,Fiber optic,Yes,Yes,Yes,Yes,Yes,No,Month-to-month,Yes,Credit card (automatic),97.64,3986.62,No
CUST-04699,Male,0,No,No,52,Yes,Yes,DSL,Yes,Yes,Yes,No,Yes,No,One year,Yes,Credit card (automatic),67.26,3518.25,No
CUST-04700,Female,0,No,No,46,No,No phone service,No,No internet service,No internet service,No internet service,No internet service,No internet service,No internet service,Month-to-month,No,Electronic check,19.16,876.45,Yes
CUST-04701,Male,0,No,Yes,46,No,No phone service,Fiber optic,Yes,Yes,No,Yes,No,No,Month-to-month,Yes,Bank transfer (automatic),90.18,4150.29,No
CUST-04702,Female,0,No,No,6,Yes,Yes,Fiber optic,Yes,Yes,Yes,Yes,Yes,Yes,Month-to-month,Yes,Electronic check,100.3,584.19,Yes
CUST-04703,Female,1,No,Yes,62,Yes,No,Fiber optic,Yes,Yes,No,Yes,No,Yes,Two year,Yes,Electronic check,84.83,5246.87,No
CUST-04704,Female,0,No,Yes,12,Yes,No,Fiber optic,No,No,No,Yes,No,Yes,Two year,No,Electronic check,82.19,1012.09,Yes
CUST-04705,Male,0,No,No,28,Yes,No,Fiber optic,Yes,Yes,No,Yes,No,No,Month-to-month,Yes,Credit card (automatic),89.53,2517.2,Yes
CUST-04706,Male,0,Yes,No,37,Yes,No,No,No internet service,No internet service,No internet service,No internet service,No internet service,No internet service,Month-to-month,Yes,Credit card (automatic),27.49,1025.6,Yes
CUST-04707,Female,0,Yes,Yes,61,Yes,No,Fiber optic,Yes,No,No,No,No,No,Month-to-month,No,Mailed check,78.74,4770.49,No
CUST-04708,Female,0,Yes,No,45,Yes,No,Fiber optic,No,Yes,Yes,Yes,No,No,Month-to-month,No,Credit card (automatic),91.13,4068.77,Yes
CUST-04709,Male,0,Yes,No,13,Yes,No,No,No internet service,No internet service,No internet service,No internet service,No internet service,No internet service,Month-to-month,No,Bank transfer (automatic),19.49,234.92,No
CUST-04710,Male,0,No,No,20,Yes,Yes,Fiber optic,No,No,No,No,No,Yes,Two year,Yes,Electronic check,69.93,1390.68,Yes
CUST-04711,Female,0,Yes,No,14,No,No phone service,No,No internet service,No internet service,No internet service,No internet service,No internet service,No internet service,Two year,No,Mailed check,25.02,348.22,No
CUST-04712,Female,0,No,No,43,Yes,No,No,No internet service,No internet service,No internet service,No internet service,No internet service,No internet service,Month-to-month,Yes,Bank transfer (automatic),18.0,780.33,No
CUST-04713,Male,0,No,No,52,Yes,Yes,Fiber optic,No,Yes,Yes,Yes,No,Yes,Two year,No,Bank transfer (automatic),88.11,4602.17,No
CUST-04714,Male,0,No,Yes,51,Yes,Yes,Fiber optic,No,No,No,Yes,No,No,One year,Yes,Bank transfer (automatic),78.47,4031.37,No
CUST-04715,Female,0,Yes,No,54,Yes,No,Fiber optic,No,No,Yes,Yes,No,No,One year,Yes,Bank transfer (automatic),90.31,4880.63,No
CUST-04716,Female,0,Yes,No,51,No,No phone service,DSL,No,No,No,Yes,No,Yes,Two year,Yes,Bank transfer (automatic),61.52,3120.6,No
CUST-04717,Female,0,Yes,No,65,Yes,Yes,Fiber optic,Yes,Yes,Yes,No,Yes,No,Month-to-month,Yes,Credit card (automatic),90.92,5924.39,No
CUST-04718,Male,0,No,Yes,66,Yes,No,DSL,Yes,Yes,Yes,Yes,No,No,Month-to-month,Yes,Bank transfer (automatic),77.33,5107.47,No
CUST-04719,Male,0,No,No,20,Yes,No,Fiber optic,No,Yes,Yes,No,Yes,Yes,Month-to-month,No,Mailed check,90.93,1827.93,Yes
CUST-04720,Female,0,No,No,22,Yes,No,Fiber optic,Yes,Yes,No,Yes,No,Yes,One year,Yes,Electronic check,93.91,2090.14,Yes
CUST-04721,Female,0,No,No,4,Yes,Yes,No,No internet service,No internet service,No internet service,No internet service,No internet service,No internet service,Month-to-month,No,Electronic check,24.38,89.77,Yes
CUST-04722,Female,0,No,Yes,19,Yes,Yes,DSL,No,No,No,No,Yes,Yes,Month-to-month,Yes,Mailed check,51.43,1006.29,No
CUST-04723,Male,0,No,Yes,37,Yes,No,Fiber optic,Yes,Yes,No,Yes,No,No,Month-to-month,Yes,Mailed check,86.34,3166.09,No
CUST-04724,Male,0,Yes,No,48,Yes,Yes,Fiber optic,Yes,No,Yes,No,Yes,Yes,Month-to-month,Yes,Electronic check,90.85,4375.37,Yes
CUST-04725,Male,0,Yes,Yes,63,Yes,No,Fiber optic,No,Yes,Yes,Yes,Yes,No,Month-to-month,Yes,Bank transfer (automatic),92.91,5840.31,No
CUST-04726,Male,0,Yes,No,43,Yes,Yes,DSL,No,No,Yes,Yes,No,No,Month-to-month,No,Mailed check,54.91,2365.62,Yes
CUST-04727,Female,0,No,No,70,Yes,Yes,Fiber optic,Yes,Yes,No,No,Yes,No,Two year,Yes,Mailed check,86.15,6037.08,No
CUST-04728,Male,0,No,No,40,Yes,No,Fiber optic,No,No,No,Yes,Yes,Yes,One year,Yes,Bank transfer (automatic),85.1,3396.98,No
CUST-04729,Female,1,No,No,62,Yes,No,DSL,Yes,No,No,No,No,No,Month-to-month,Yes,Credit card (automatic),50.0,3087.17,No
CUST-04730,Female,0,No,Yes,58,Yes,No,Fiber optic,No,Yes,No,No,No,No,Two year,Yes,Bank transfer (automatic),78.66,4545.29,No
CUST-04731,Female,0,No,No,35,Yes,No,DSL,No,No,Yes,Yes,Yes,Yes,Two year,Yes,Credit card (automatic),71.84,2520.14,No
CUST-04732,Female,0,Yes,No,63,Yes,Yes,Fiber optic,No,Yes,No,No,Yes,No,Month-to-month,No,Bank transfer (automatic),79.97,5050.8,No
CUST-04733,Male,0,Yes,No,63,Yes,No,No,No internet service,No internet service,No internet service,No internet service,No internet service,No internet service,One year,Yes,Credit card (automatic),21.49,1390.28,No
CUST-04734,Female,0,No,No,22,Yes,Yes,DSL,Yes,No,Yes,No,No,No,Month-to-month,No,Mailed check,61.57,1349.42,No
CUST-04735,Male,0,No,Yes,15,Yes,Yes,DSL,Yes,Yes,Yes,No,No,Yes,Month-to-month,Yes,Electronic check,75.89,1107.64,Yes
CUST-04736,Male,0,No,No,8,Yes,Yes,No,No internet service,No internet service,No internet service,No internet service,No internet service,No internet service,One year,Yes,Electronic check,19.54,165.77,No
CUST-04737,Male,0,Yes,No,67,Yes,No,DSL,Yes,No,Yes,No,No,Yes,Month-to-month,Yes,Electronic check,67.79,4507.14,No
CUST-04738,Male,0,No,No,32,Yes,No,Fiber optic,No,No,Yes,Yes,Yes,No,Month-to-month,Yes,Mailed check,86.4,2796.83,No
CUST-04739,Female,1,No,Yes,41,Yes,No,Fiber optic,No,Yes,Yes,No,No,No,Month-to-month,Yes,Mailed check,80.67,3322.63,Yes
CUST-04740,Male,0,No,Yes,19,No,No phone service,Fiber optic,Yes,Yes,No,Yes,No,Yes,Month-to-month,Yes,Bank transfer (automatic),83.94,1574.69,No
CUST-04741,Male,0,Yes,No,28,Yes,Yes,Fiber optic,Yes,No,No,Yes,Yes,No,Month-to-month,No,Credit card (automatic),78.58,2168.54,No
CUST-04742,Male,0,No,Yes,29,Yes,Yes,Fiber optic,No,Yes,No,Yes,No,No,Two year,Yes,Electronic check,85.38,2458.78,No
CUST-04743,Male,0,No,No,42,Yes,No,No,No internet service,No internet service,No internet service,No internet service,No internet service,No internet service,Month-to-month,Yes,Credit card (automatic),22.64,961.5,No
CUST-04744,Female,0,No,No,12,Yes,No,Fiber optic,Yes,Yes,No,No,No,No,Month-to-month,Yes,Bank transfer (automatic),80.37,949.06,No
CUST-04745,Male,1,No,No,57,Yes,Yes,Fiber optic,No,No,No,No,No,No,One year,No,Electronic check,67.55,3865.22,No
CUST-04746,Female,1,No,Yes,28,Yes,No,No,No internet service,No internet service,No internet service,No internet service,No internet service,No internet service,Month-to-month,Yes,Credit card (automatic),18.0,522.76,No
CUST-04747,Male,0,No,Yes,17,Yes,No,DSL,Yes,Yes,No,Yes,No,Yes,One year,Yes,Mailed check,70.26,1182.99,No
CUST-04748,Female,0,No,No,1,Yes,Yes,No,No internet service,No internet service,No internet service,No internet service,No internet service,No internet service,Month-to-month,Yes,Bank transfer (automatic),24.38,42.05,No
CUST-04749,Male,0,Yes,No,7,Yes,No,No,No internet service,No internet service,No internet service,No internet service,No internet service,No internet service,Month-to-month,No,Credit card (automatic),18.0,150.16,No
CUST-04750,Male,0,Yes,No,19,No,No phone service,No,No internet service,No internet service,No internet service,No internet service,No internet service,No internet service,Month-to-month,No,Electronic check,19.08,373.83,No
CUST-04751,Male,0,Yes,No,53,Yes,Yes,DSL,No,No,Yes,Yes,Yes,Yes,Month-to-month,Yes,Electronic check,62.15,3304.86,No
CUST-04752,Female,1,No,No,62,Yes,No,Fiber optic,No,No,No,No,Yes,Yes,One year,Yes,Electronic check,82.89,5127.93,Yes
CUST-04753,Female,0,Yes,Yes,69,Yes,Yes,No,No internet service,No internet service,No internet service,No internet service,No internet service,No internet service,One year,No,Bank transfer (automatic),24.01,1697.3,No
CUST-04754,Male,0,Yes,No,21,No,No phone service,DSL,No,Yes,No,Yes,Yes,Yes,Month-to-month,No,Credit card (automatic),69.66,1443.22,No
CUST-04755,Female,0,No,No,46,Yes,Yes,Fiber optic,Yes,No,Yes,Yes,Yes,No,Month-to-month,Yes,Bank transfer (automatic),89.39,4103.09,No
CUST-04756,Female,0,No,No,19,Yes,Yes,DSL,No,No,No,Yes,No,Yes,Two year,Yes,Bank transfer (automatic),56.41,1090.56,No
CUST-04757,Male,1,Yes,No,10,Yes,No,DSL,No,Yes,Yes,Yes,No,Yes,Month-to-month,Yes,Electronic check,65.07,643.18,No
CUST-04758,Male,0,Yes,No,39,Yes,Yes,No,No internet service,No internet service,No internet service,No internet service,No internet service,No internet service,Month-to-month,Yes,Mailed check,22.51,871.89,No
CUST-04759,Female,0,No,No,46,Yes,Yes,No,No internet service,No internet service,No internet service,No internet service,No internet service,No internet service,One year,Yes,Mailed check,23.17,1038.6,No
CUST-04760,Female,1,Yes,No,55,Yes,No,DSL,Yes,No,No,Yes,Yes,Yes,Month-to-month,Yes,Mailed check,64.44,3534.81,No
CUST-04761,Female,0,Yes,No,8,Yes,No,DSL,No,Yes,No,No,Yes,Yes,Two year,Yes,Credit card (automatic),61.89,543.41,No
CUST-04762,Male,0,Yes,Yes,54,Yes,Yes,Fiber optic,No,Yes,No,No,No,No,Month-to-month,No,Mailed check,73.61,3967.75,No
CUST-04763,Male,0,Yes,No,22,Yes,No,DSL,Yes,Yes,No,Yes,Yes,No,Two year,Yes,Electronic check,64.82,1451.62,No
CUST-04764,Male,0,No,No,20,Yes,No,Fiber optic,Yes,No,Yes,Yes,No,No,Month-to-month,Yes,Mailed check,88.6,1762.02,No
CUST-04765,Male,0,Yes,No,2,Yes,Yes,Fiber optic,No,Yes,No,Yes,Yes,Yes,Month-to-month,No,Bank transfer (automatic),89.42,157.53,Yes
CUST-04766,Female,0,No,Yes,14,Yes,Yes,Fiber optic,No,Yes,Yes,Yes,Yes,Yes,Month-to-month,Yes,Mailed check,93.24,1289.77,Yes
CUST-04767,Male,0,Yes,Yes,35,No,No phone service,Fiber optic,No,Yes,No,Yes,No,No,Two year,Yes,Credit card (automatic),79.05,2781.26,No
CUST-04768,Male,1,Yes,No,13,Yes,No,DSL,No,No,No,Yes,Yes,Yes,Month-to-month,Yes,Credit card (automatic),60.61,744.28,No
CUST-04769,Male,0,Yes,No,23,Yes,Yes,DSL,No,Yes,No,Yes,Yes,No,Month-to-month,Yes,Mailed check,57.37,1353.6,No
CUST-04770,Male,1,No,Yes,38,Yes,Yes,No,No internet service,No internet service,No internet service,No internet service,No internet service,No internet service,Two year,Yes,Credit card (automatic),21.14,812.86,No
CUST-04771,Female,1,Yes,No,7,Yes,Yes,DSL,No,Yes,No,Yes,No,No,Month-to-month,Yes,Mailed check,60.04,412.8,No
CUST-04772,Male,0,Yes,No,63,Yes,Yes,DSL,Yes,No,No,Yes,No,Yes,Month-to-month,Yes,Credit card (automatic),60.64,3804.45,No
CUST-04773,Female,0,Yes,No,22,Yes,No,Fiber optic,Yes,Yes,Yes,No,Yes,Yes,Month-to-month,Yes,Bank transfer (automatic),94.19,2061.75,No
CUST-04774,Male,0,No,Yes,55,No,No phone service,DSL,No,No,No,No,No,Yes,Two year,No,Electronic check,50.94,2824.71,No
CUST-04775,Male,0,Yes,No,47,No,No phone service,Fiber optic,Yes,No,Yes,No,No,No,Month-to-month,Yes,Mailed check,84.36,3933.36,No
CUST-04776,Male,0,No,No,54,Yes,No,No,No internet service,No internet service,No internet service,No internet service,No internet service,No internet service,Month-to-month,Yes,Bank transfer (automatic),19.84,1070.26,Yes
CUST-04777,Female,0,No,No,21,Yes,Yes,DSL,No,Yes,No,No,No,No,Two year,No,Mailed check,49.17,1055.15,No
CUST-04778,Male,0,No,No,12,Yes,No,Fiber optic,Yes,Yes,No,No,No,No,One year,Yes,Credit card (automatic),83.33,959.44,No
CUST-04779,Male,0,No,Yes,10,Yes,No,DSL,Yes,No,Yes,Yes,Yes,Yes,Month-to-month,Yes,Mailed check,73.91,726.53,No
CUST-04780,Female,0,Yes,Yes,16,Yes,No,Fiber optic,Yes,No,Yes,Yes,No,No,One year,Yes,Credit card (automatic),82.68,1292.61,Yes
CUST-04781,Female,0,No,No,39,No,No phone service,Fiber optic,No,Yes,No,Yes,Yes,Yes,Month-to-month,Yes,Credit card (automatic),93.5,3620.72,Yes
CUST-04782,Male,0,No,No,45,Yes,Yes,No,No internet service,No internet service,No internet service,No internet service,No internet service,No internet service,Month-to-month,No,Electronic check,18.05,816.58,No
CUST-04783,Female,0,Yes,Yes,54,Yes,No,DSL,No,Yes,No,No,Yes,Yes,Month-to-month,No,Bank transfer (automatic),56.8,3080.18,Yes
CUST-04784,Female,1,No,No,70,Yes,No,No,No internet service,No internet service,No internet service,No internet service,No internet service,No internet service,One year,No,Bank transfer (automatic),19.3,1342.8,No
CUST-04785,Male,1,Yes,Yes,60,Yes,Yes,No,No internet service,No internet service,No internet service,No internet service,No internet service,No internet service,One year,Yes,Electronic check,18.0,1050.01,No
CUST-04786,Female,0,No,No,26,Yes,Yes,Fiber optic,Yes,Yes,No,No,No,Yes,Month-to-month,Yes,Bank transfer (automatic),84.98,2192.17,Yes
CUST-04787,Male,0,No,No,34,Yes,No,Fiber optic,No,Yes,Yes,No,Yes,No,Month-to-month,Yes,Mailed check,82.31,2806.48,Yes
CUST-04788,Male,0,No,No,69,Yes,Yes,DSL,No,Yes,No,Yes,Yes,No,Month-to-month,Yes,Credit card (automatic),67.32,4644.37,No
CUST-04789,Female,0,Yes,No,51,Yes,Yes,Fiber optic,No,No,Yes,No,Yes,Yes,One year,No,Credit card (automatic),76.93,3899.82,No
CUST-04790,Male,0,No,No,30,Yes,Yes,Fiber optic,No,Yes,Yes,Yes,Yes,Yes,One year,Yes,Electronic check,95.78,2863.64,No
CUST-04791,Female,0,No,Yes,60,Yes,Yes,DSL,No,Yes,No,No,No,Yes,One year,Yes,Credit card (automatic),59.04,3558.0,No
CUST-04792,Female,0,Yes,No,9,No,No phone service,Fiber optic,Yes,Yes,No,No,No,Yes,Two year,Yes,Credit card (automatic),94.02,850.2,No
CUST-04793,Male,0,No,Yes,49,Yes,Yes,Fiber optic,No,Yes,No,No,Yes,Yes,Two year,No,Mailed check,89.81,4379.78,No
CUST-04794,Male,0,No,Yes,69,Yes,Yes,Fiber optic,No,Yes,Yes,No,No,No,Two year,No,Credit card (automatic),84.29,5821.12,No
CUST-04795,Male,1,No,No,38,Yes,No,No,No internet service,No internet service,No internet service,No internet service,No internet service,No internet service,One year,Yes,Bank transfer (automatic),21.9,820.96,No
CUST-04796,Female,0,No,No,44,Yes,Yes,Fiber optic,No,No,Yes,Yes,No,No,Month-to-month,No,Bank transfer (automatic),72.46,3175.32,No
CUST-04797,Male,0,Yes,No,4,Yes,No,Fiber optic,Yes,No,No,Yes,Yes,Yes,One year,Yes,Electronic check,99.31,399.88,No
CUST-04798,Male,1,Yes,Yes,44,Yes,No,Fiber optic,No,No,No,Yes,No,No,Month-to-month,No,Mailed check,74.73,3266.16,Yes
CUST-04799,Female,0,Yes,Yes,21,Yes,Yes,Fiber optic,No,No,No,No,No,Yes,Month-to-month,Yes,Electronic check,70.53,1472.32,No
CUST-04800,Female,0,Yes,Yes,72,Yes,No,Fiber optic,No,No,Yes,No,Yes,Yes,Month-to-month,Yes,Mailed check,88.73,6409.5,Yes
CUST-04801,Female,0,Yes,No,23,Yes,Yes,DSL,Yes,Yes,Yes,No,No,No,Month-to-month,Yes,Credit card (automatic),60.74,1446.41,No
CUST-04802,Male,1,No,No,22,Yes,Yes,Fiber optic,Yes,No,No,No,Yes,No,One year,Yes,Electronic check,78.28,1687.89,Yes
CUST-04803,Female,0,Yes,No,28,Yes,No,Fiber optic,No,No,Yes,No,No,Yes,Month-to-month,No,Bank transfer (automatic),82.25,2285.44,Yes
CUST-04804,Female,0,No,No,50,Yes,No,Fiber optic,Yes,Yes,Yes,No,Yes,No,Month-to-month,No,Credit card (automatic),82.88,4166.61,No
CUST-04805,Female,0,Yes,No,69,No,No phone service,DSL,No,Yes,No,Yes,Yes,No,Two year,Yes,Electronic check,55.03,3771.96,No
CUST-04806,Male,0,Yes,No,25,Yes,Yes,DSL,No,No,No,Yes,No,No,One year,Yes,Electronic check,53.17,1326.69,No
CUST-04807,Female,0,No,No,15,Yes,Yes,Fiber optic,No,Yes,No,No,Yes,No,Month-to-month,Yes,Mailed check,83.0,1280.94,Yes
CUST-04808,Male,0,No,No,55,Yes,No,DSL,Yes,No,No,No,No,No,Month-to-month,Yes,Mailed check,52.38,2866.34,Yes
CUST-04809,Female,0,Yes,No,39,Yes,No,Fiber optic,Yes,No,No,Yes,Yes,No,Month-to-month,No,Mailed check,84.32,3283.45,Yes
CUST-04810,Male,0,No,No,33,Yes,Yes,Fiber optic,No,No,No,No,No,No,Two year,No,Electronic check,68.8,2244.65,Yes
CUST-04811,Male,0,No,Yes,72,Yes,Yes,DSL,Yes,No,No,Yes,No,No,Month-to-month,Yes,Credit card (automatic),58.45,4222.13,No
CUST-04812,Female,0,Yes,Yes,36,Yes,Yes,No,No internet service,No internet service,No internet service,No internet service,No internet service,No internet service,Two year,No,Electronic check,18.0,612.22,No
CUST-04813,Female,0,No,No,45,Yes,Yes,Fiber optic,No,No,No,No,No,Yes,Month-to-month,Yes,Electronic check,75.16,3368.37,Yes
CUST-04814,Female,0,No,No,71,Yes,Yes,DSL,No,No,Yes,Yes,No,No,Two year,No,Electronic check,57.93,4087.08,No
CUST-04815,Male,0,Yes,No,15,Yes,No,No,No internet service,No internet service,No internet service,No internet service,No internet service,No internet service,Month-to-month,No,Bank transfer (automatic),18.0,263.57,No
CUST-04816,Female,1,No,No,65,Yes,Yes,Fiber optic,Yes,Yes,Yes,No,No,No,Month-to-month,Yes,Electronic check,94.21,6160.76,Yes
CUST-04817,Male,1,No,Yes,70,Yes,Yes,Fiber optic,No,No,Yes,Yes,No,No,Month-to-month,Yes,Credit card (automatic),76.6,5369.72,No
CUST-04818,Female,0,Yes,No,34,Yes,No,DSL,Yes,Yes,Yes,Yes,No,No,Month-to-month,No,Mailed check,72.76,2478.61,No
CUST-04819,Female,0,No,No,24,Yes,No,No,No internet service,No internet service,No internet service,No internet service,No internet service,No internet service,Two year,Yes,Credit card (automatic),18.0,437.91,No
CUST-04820,Female,0,Yes,Yes,11,Yes,No,DSL,No,No,Yes,No,No,Yes,One year,No,Electronic check,46.01,505.65,No
CUST-04821,Female,0,Yes,No,3,Yes,No,Fiber optic,Yes,No,Yes,Yes,No,No,Month-to-month,Yes,Credit card (automatic),95.78,313.02,Yes
CUST-04822,Female,0,Yes,No,71,Yes,Yes,No,No internet service,No internet service,No internet service,No internet service,No internet service,No internet service,One year,No,Electronic check,20.17,1447.55,No
CUST-04823,Female,1,Yes,Yes,31,Yes,Yes,No,No internet service,No internet service,No internet service,No internet service,No internet service,No internet service,Month-to-month,Yes,Bank transfer (automatic),18.0,531.98,No
CUST-04824,Male,0,Yes,Yes,48,Yes,Yes,Fiber optic,No,No,Yes,No,No,Yes,Two year,Yes,Electronic check,76.37,3685.26,No
CUST-04825,Male,0,Yes,No,17,Yes,No,DSL,Yes,Yes,No,Yes,No,No,Month-to-month,Yes,Mailed check,63.4,1082.51,No
CUST-04826,Male,1,No,No,23,Yes,Yes,DSL,No,Yes,No,Yes,No,Yes,Month-to-month,Yes,Bank transfer (automatic),61.6,1425.9,Yes
CUST-04827,Female,0,Yes,No,59,Yes,No,No,No internet service,No internet service,No internet service,No internet service,No internet service,No internet service,Month-to-month,No,Electronic check,18.0,1021.82,No
CUST-04828,Female,0,Yes,Yes,47,Yes,Yes,Fiber optic,Yes,Yes,Yes,Yes,No,No,Month-to-month,Yes,Credit card (automatic),86.78,4078.68,No
CUST-04829,Male,0,No,Yes,16,Yes,No,No,No internet service,No internet service,No internet service,No internet service,No internet service,No internet service,Two year,No,Credit card (automatic),19.45,308.42,No
CUST-04830,Male,0,Yes,No,0,Yes,Yes,DSL,No,Yes,Yes,No,Yes,Yes,Month-to-month,Yes,Bank transfer (automatic),73.74,0.0,Yes
CUST-04831,Male,1,No,No,59,Yes,No,No,No internet service,No internet service,No internet service,No internet service,No internet service,No internet service,Month-to-month,Yes,Electronic check,19.97,1199.69,No
CUST-04832,Male,0,No,Yes,5,Yes,No,DSL,No,No,Yes,Yes,No,No,Two year,No,Bank transfer (automatic),50.27,218.64,No
CUST-04833,Male,0,Yes,No,2,Yes,Yes,DSL,No,No,No,Yes,Yes,No,Month-to-month,Yes,Mailed check,53.62,167.78,Yes
CUST-04834,Female,0,Yes,Yes,21,Yes,No,No,No internet service,No internet service,No internet service,No internet service,No internet service,No internet service,Month-to-month,No,Bank transfer (automatic),18.0,355.65,No
CUST-04835,Female,1,No,No,67,Yes,No,Fiber optic,No,No,Yes,No,Yes,No,One year,Yes,Electronic check,83.67,5615.29,No
CUST-04836,Male,0,Yes,No,47,Yes,Yes,Fiber optic,Yes,No,Yes,No,Yes,No,Month-to-month,Yes,Bank transfer (automatic),84.13,3958.4,Yes
CUST-04837,Male,0,No,No,3,Yes,No,Fiber optic,No,No,Yes,No,No,Yes,Two year,No,Mailed check,77.99,257.34,Yes
CUST-04838,Female,0,No,No,66,Yes,Yes,No,No internet service,No internet service,No internet service,No internet service,No internet service,No internet service,One year,Yes,Bank transfer (automatic),19.22,1301.94,No
CUST-04839,Female,1,No,Yes,68,No,No phone service,DSL,No,Yes,No,Yes,Yes,No,Month-to-month,Yes,Mailed check,58.81,3990.38,No
CUST-04840,Female,0,Yes,No,50,Yes,No,DSL,Yes,No,Yes,No,Yes,No,Month-to-month,Yes,Mailed check,64.46,3226.52,Yes
CUST-04841,Male,0,No,No,5,Yes,Yes,Fiber optic,No,No,No,No,Yes,Yes,Month-to-month,No,Mailed check,86.76,425.26,Yes
CUST-04842,Male,1,Yes,Yes,1,Yes,No,No,No internet service,No internet service,No internet service,No internet service,No internet service,No internet service,Month-to-month,No,Credit card (automatic),23.51,4.17,No
CUST-04843,Male,0,No,No,63,Yes,No,No,No internet service,No internet service,No internet service,No internet service,No internet service,No internet service,One year,Yes,Mailed check,18.0,1134.68,No
CUST-04844,Female,0,No,Yes,60,Yes,No,Fiber optic,Yes,No,No,No,Yes,Yes,One year,No,Bank transfer (automatic),85.76,5145.06,No
CUST-04845,Female,0,Yes,Yes,60,Yes,Yes,Fiber optic,No,Yes,No,Yes,No,Yes,Month-to-month,Yes,Bank transfer (automatic),93.16,5589.82,No
CUST-04846,Female,0,Yes,No,35,Yes,Yes,Fiber optic,Yes,No,No,No,No,No,One year,No,Bank transfer (automatic),73.54,2566.33,No
CUST-04847,Male,0,Yes,No,43,Yes,No,DSL,No,Yes,Yes,Yes,Yes,Yes,Month-to-month,Yes,Credit card (automatic),71.02,3060.67,No
CUST-04848,Male,0,No,Yes,12,Yes,No,DSL,Yes,Yes,No,No,No,No,Two year,Yes,Electronic check,55.88,686.2,No
CUST-04849,Female,0,Yes,Yes,2,Yes,Yes,DSL,No,No,Yes,No,No,No,Month-to-month,No,Bank transfer (automatic),45.93,67.74,Yes
CUST-04850,Female,0,No,Yes,16,Yes,No,DSL,No,Yes,No,No,No,Yes,Two year,No,Credit card (automatic),59.16,958.9,No
CUST-04851,Female,0,No,No,45,Yes,Yes,DSL,No,Yes,No,No,No,Yes,Month-to-month,Yes,Credit card (automatic),59.44,2706.03,Yes
CUST-04852,Male,1,Yes,No,29,Yes,No,DSL,Yes,No,Yes,Yes,No,No,Month-to-month,Yes,Mailed check,63.06,1803.23,No
CUST-04853,Male,0,No,Yes,45,Yes,Yes,No,No internet service,No internet service,No internet service,No internet service,No internet service,No internet service,Month-to-month,No,Electronic check,19.81,894.54,No
CUST-04854,Male,0,Yes,No,32,Yes,Yes,DSL,Yes,Yes,Yes,No,Yes,Yes,Two year,Yes,Mailed check,76.72,2464.13,No
CUST-04855,Female,0,Yes,No,40,No,No phone service,No,No internet service,No internet service,No internet service,No internet service,No internet service,No internet service,Two year,No,Mailed check,26.94,1093.27,No
CUST-04856,Female,0,No,No,69,Yes,Yes,No,No internet service,No internet service,No internet service,No internet service,No internet service,No internet service,One year,No,Mailed check,18.69,1307.54,No
CUST-04857,Female,0,Yes,No,46,Yes,No,Fiber optic,Yes,Yes,Yes,Yes,Yes,Yes,Month-to-month,Yes,Electronic check,99.89,4619.03,Yes
CUST-04858,Male,0,No,No,69,Yes,Yes,Fiber optic,No,No,Yes,Yes,Yes,Yes,One year,Yes,Credit card (automatic),95.09,6563.93,No
CUST-04859,Female,0,No,No,70,Yes,Yes,DSL,No,No,No,Yes,Yes,Yes,Month-to-month,Yes,Bank transfer (automatic),59.52,4146.45,No
CUST-04860,Male,0,Yes,No,45,Yes,Yes,DSL,Yes,Yes,Yes,No,Yes,Yes,One year,No,Mailed check,80.13,3598.69,No
CUST-04861,Female,0,No,Yes,72,No,No phone service,Fiber optic,Yes,Yes,Yes,No,Yes,No,Month-to-month,No,Credit card (automatic),101.89,7364.95,No
CUST-04862,Female,1,Yes,Yes,18,Yes,No,Fiber optic,No,Yes,Yes,No,No,Yes,Two year,Yes,Credit card (automatic),86.51,1539.59,No
CUST-04863,Female,0,No,Yes,37,Yes,Yes,Fiber optic,Yes,No,Yes,Yes,Yes,No,One year,No,Electronic check,88.86,3298.2,No
CUST-04864,Female,0,No,No,5,Yes,Yes,No,No internet service,No internet service,No internet service,No internet service,No internet service,No internet service,Month-to-month,No,Electronic check,18.0,106.9,No
CUST-04865,Female,0,No,Yes,6,Yes,Yes,Fiber optic,Yes,No,No,Yes,No,Yes,One year,No,Bank transfer (automatic),84.98,522.12,No
CUST-04866,Male,0,No,No,9,Yes,Yes,Fiber optic,Yes,Yes,Yes,Yes,No,Yes,Month-to-month,Yes,Credit card (automatic),91.3,840.29,Yes
CUST-04867,Male,0,Yes,Yes,9,Yes,Yes,DSL,Yes,No,No,No,Yes,Yes,Month-to-month,No,Credit card (automatic),53.08,477.09,No
CUST-04868,Female,1,No,No,29,Yes,No,No,No internet service,No internet service,No internet service,No internet service,No internet service,No internet service,Month-to-month,Yes,Credit card (automatic),20.98,606.39,Yes
CUST-04869,Female,1,Yes,Yes,52,Yes,Yes,No,No internet service,No internet service,No internet service,No internet service,No internet service,No internet service,Month-to-month,Yes,Electronic check,19.08,1028.48,No
CUST-04870,Male,0,No,No,71,Yes,No,Fiber optic,Yes,Yes,No,No,Yes,Yes,Month-to-month,No,Electronic check,97.97,6995.32,Yes
CUST-04871,Female,1,Yes,No,71,Yes,No,Fiber optic,Yes,Yes,Yes,Yes,No,Yes,One year,Yes,Mailed check,94.14,6712.87,No
CUST-04872,Male,0,Yes,No,13,Yes,Yes,Fiber optic,No,Yes,Yes,Yes,Yes,No,One year,Yes,Bank transfer (automatic),97.27,1275.49,No
CUST-04873,Female,0,Yes,No,31,Yes,Yes,DSL,No,Yes,No,Yes,No,No,Month-to-month,Yes,Electronic check,49.23,1514.61,No
CUST-04874,Male,0,Yes,No,31,Yes,No,No,No internet service,No internet service,No internet service,No internet service,No internet service,No internet service,Two year,Yes,Electronic check,18.0,560.73,No
CUST-04875,Female,0,Yes,No,7,Yes,Yes,Fiber optic,No,No,Yes,Yes,Yes,Yes,Two year,Yes,Mailed check,94.72,660.45,No
CUST-04876,Male,0,Yes,No,2,Yes,Yes,Fiber optic,No,Yes,No,Yes,Yes,No,Month-to-month,No,Bank transfer (automatic),82.65,187.32,Yes
CUST-04877,Male,1,No,No,25,Yes,Yes,Fiber optic,Yes,No,No,Yes,No,Yes,Month-to-month,Yes,Credit card (automatic),85.6,2147.81,No
CUST-04878,Female,0,No,No,62,Yes,Yes,Fiber optic,No,No,No,No,Yes,No,Two year,Yes,Credit card (automatic),73.29,4555.66,No
CUST-04879,Female,0,Yes,No,28,Yes,Yes,DSL,Yes,No,No,Yes,Yes,No,Month-to-month,No,Mailed check,60.35,1689.13,No
CUST-04880,Male,0,No,No,27,Yes,No,Fiber optic,No,Yes,No,No,Yes,No,Month-to-month,No,Mailed check,85.85,2268.06,Yes
CUST-04881,Female,0,Yes,No,72,Yes,No,DSL,Yes,Yes,No,Yes,No,Yes,Two year,Yes,Credit card (automatic),72.42,5240.49,No
CUST-04882,Male,1,No,No,27,Yes,Yes,DSL,No,No,No,No,Yes,No,One year,No,Electronic check,49.81,1343.58,No
CUST-04883,Male,0,Yes,No,50,Yes,No,DSL,No,Yes,Yes,Yes,No,Yes,Two year,No,Credit card (automatic),65.47,3292.86,No
CUST-04884,Male,0,No,Yes,71,Yes,No,Fiber optic,No,Yes,No,No,Yes,Yes,Two year,No,Electronic check,98.23,6967.57,No
CUST-04885,Male,0,Yes,Yes,8,Yes,Yes,No,No internet service,No internet service,No internet service,No internet service,No internet service,No internet service,Month-to-month,Yes,Mailed check,20.11,193.32,Yes
CUST-04886,Female,0,Yes,No,37,Yes,Yes,DSL,No,Yes,No,Yes,No,Yes,One year,No,Electronic check,66.62,2454.24,No
CUST-04887,Female,0,No,No,24,Yes,Yes,Fiber optic,Yes,No,Yes,Yes,No,Yes,Two year,No,Mailed check,79.94,1917.14,No
CUST-04888,Male,0,No,No,8,No,No phone service,Fiber optic,No,No,Yes,Yes,Yes,No,Month-to-month,Yes,Electronic check,86.07,688.88,Yes
CUST-04889,Male,0,No,No,3,Yes,No,No,No internet service,No internet service,No internet service,No internet service,No internet service,No internet service,Month-to-month,No,Bank transfer (automatic),18.77,26.14,No
CUST-04890,Female,0,Yes,No,47,Yes,No,Fiber optic,No,No,Yes,Yes,Yes,Yes,Month-to-month,Yes,Mailed check,86.74,4084.99,No
CUST-04891,Female,0,No,No,47,Yes,No,No,No internet service,No internet service,No internet service,No internet service,No internet service,No internet service,One year,Yes,Bank transfer (automatic),22.33,1066.06,No
CUST-04892,Male,0,No,No,41,Yes,Yes,Fiber optic,Yes,No,No,Yes,Yes,Yes,One year,Yes,Bank transfer (automatic),96.27,3955.46,Yes
CUST-04893,Male,0,Yes,Yes,49,Yes,Yes,Fiber optic,No,Yes,Yes,Yes,No,No,Two year,Yes,Bank transfer (automatic),80.84,4007.51,No
CUST-04894,Male,1,Yes,No,52,Yes,No,Fiber optic,No,Yes,No,No,Yes,No,Month-to-month,Yes,Bank transfer (automatic),82.5,4272.18,Yes
CUST-04895,Male,1,Yes,No,4,Yes,No,DSL,No,No,No,No,Yes,No,One year,No,Mailed check,50.45,167.31,No
CUST-04896,Female,0,Yes,Yes,2,Yes,No,Fiber optic,Yes,Yes,Yes,No,Yes,No,Month-to-month,Yes,Bank transfer (automatic),92.24,160.66,Yes
CUST-04897,Female,0,Yes,No,24,Yes,No,Fiber optic,Yes,Yes,Yes,No,Yes,No,Two year,Yes,Credit card (automatic),96.57,2319.36,No
CUST-04898,Female,1,Yes,No,41,Yes,No,Fiber optic,No,Yes,No,No,Yes,Yes,One year,No,Electronic check,85.55,3531.53,Yes
CUST-04899,Female,0,No,Yes,65,Yes,No,Fiber optic,Yes,Yes,No,No,No,No,One year,No,Electronic check,80.25,5219.74,No
CUST-04900,Male,0,No,No,71,Yes,No,Fiber optic,Yes,No,Yes,No,Yes,Yes,Month-to-month,No,Credit card (automatic),94.67,6711.71,Yes
CUST-04901,Female,0,No,No,60,Yes,Yes,Fiber optic,No,No,Yes,Yes,Yes,No,Month-to-month,No,Bank transfer (automatic),95.24,5744.34,No
CUST-04902,Female,0,No,No,21,Yes,No,DSL,Yes,Yes,No,Yes,No,Yes,Month-to-month,No,Bank transfer (automatic),70.48,1477.77,No
CUST-04903,Female,0,Yes,Yes,41,Yes,No,DSL,No,Yes,No,No,Yes,Yes,Two year,No,Electronic check,55.18,2234.9,No
CUST-04904,Male,0,No,Yes,8,Yes,Yes,Fiber optic,Yes,No,No,Yes,No,Yes,Month-to-month,Yes,Mailed check,85.53,704.21,Yes
CUST-04905,Female,0,No,No,35,Yes,No,DSL,No,Yes,Yes,No,Yes,No,Two year,Yes,Bank transfer (automatic),67.51,2375.75,No
CUST-04906,Male,1,No,Yes,7,Yes,Yes,No,No internet service,No internet service,No internet service,No internet service,No internet service,No internet service,Month-to-month,No,Credit card (automatic),19.31,139.92,No
CUST-04907,Female,0,Yes,No,72,Yes,No,DSL,No,Yes,Yes,Yes,No,No,Month-to-month,Yes,Electronic check,61.42,4454.67,No
CUST-04908,Female,0,No,No,32,Yes,No,DSL,No,Yes,Yes,Yes,Yes,Yes,Month-to-month,Yes,Bank transfer (automatic),70.22,2244.95,No
CUST-04909,Female,0,No,No,52,Yes,No,Fiber optic,No,Yes,No,Yes,Yes,Yes,Month-to-month,Yes,Electronic check,94.37,4912.84,Yes
CUST-04910,Female,0,No,No,7,Yes,No,DSL,Yes,Yes,No,No,Yes,No,Month-to-month,Yes,Credit card (automatic),70.77,475.88,No
CUST-04911,Female,0,No,No,69,Yes,Yes,Fiber optic,Yes,Yes,Yes,Yes,Yes,No,Month-to-month,Yes,Electronic check,93.98,6470.54,No
CUST-04912,Male,0,No,Yes,38,Yes,Yes,DSL,No,No,Yes,Yes,Yes,Yes,Month-to-month,No,Bank transfer (automatic),69.3,2623.92,No
CUST-04913,Female,0,No,Yes,5,Yes,No,DSL,Yes,No,Yes,Yes,Yes,Yes,One year,No,Credit card (automatic),70.76,367.66,No
CUST-04914,Female,0,No,No,26,Yes,Yes,Fiber optic,No,No,No,No,Yes,Yes,Month-to-month,Yes,Mailed check,77.77,2008.5,No
CUST-04915,Male,0,No,No,15,Yes,Yes,Fiber optic,No,Yes,No,Yes,No,Yes,One year,Yes,Electronic check,83.32,1247.87,Yes
CUST-04916,Male,0,No,Yes,5,Yes,No,Fiber optic,No,Yes,Yes,Yes,Yes,Yes,One year,Yes,Bank transfer (automatic),93.96,465.34,No
CUST-04917,Male,1,Yes,No,2,Yes,Yes,DSL,Yes,No,Yes,Yes,Yes,No,Month-to-month,Yes,Mailed check,76.1,151.15,Yes
CUST-04918,Female,0,No,Yes,52,Yes,Yes,Fiber optic,No,No,No,Yes,Yes,Yes,Month-to-month,Yes,Bank transfer (automatic),87.72,4546.15,Yes
CUST-04919,Female,0,Yes,No,63,Yes,Yes,Fiber optic,Yes,No,No,No,No,Yes,Month-to-month,No,Mailed check,75.1,4727.16,No
CUST-04920,Female,0,Yes,No,48,Yes,Yes,DSL,Yes,Yes,No,Yes,Yes,No,Month-to-month,Yes,Mailed check,72.56,3459.83,No
CUST-04921,Female,0,Yes,No,50,Yes,No,Fiber optic,No,Yes,Yes,No,Yes,Yes,Month-to-month,No,Electronic check,91.27,4562.71,No
CUST-04922,Female,0,No,No,2,Yes,No,Fiber optic,No,Yes,No,No,No,Yes,One year,Yes,Mailed check,81.81,163.06,Yes
CUST-04923,Female,0,Yes,Yes,12,Yes,Yes,No,No internet service,No internet service,No internet service,No internet service,No internet service,No internet service,Month-to-month,No,Credit card (automatic),21.59,260.53,Yes
CUST-04924,Male,0,Yes,No,2,Yes,Yes,No,No internet service,No internet service,No internet service,No internet service,No internet service,No internet service,Two year,Yes,Credit card (automatic),18.0,47.19,No
CUST-04925,Male,0,Yes,No,71,Yes,Yes,Fiber optic,Yes,Yes,Yes,Yes,No,No,One year,No,Electronic check,94.84,6769.82,No
CUST-04926,Male,1,No,No,53,Yes,No,DSL,No,Yes,Yes,Yes,Yes,No,Month-to-month,No,Electronic check,66.34,3482.84,Yes
CUST-04927,Female,0,No,Yes,69,Yes,No,Fiber optic,No,No,No,No,Yes,No,One year,No,Credit card (automatic),74.79,5153.09,No
CUST-04928,Male,0,No,No,66,Yes,Yes,Fiber optic,No,Yes,No,Yes,Yes,No,Month-to-month,No,Credit card (automatic),84.64,5567.98,Yes
CUST-04929,Male,1,Yes,No,16,Yes,Yes,No,No internet service,No internet service,No internet service,No internet service,No internet service,No internet service,Month-to-month,Yes,Electronic check,19.81,323.19,No
CUST-04930,Male,0,Yes,Yes,37,Yes,No,Fiber optic,No,No,Yes,Yes,Yes,No,Two year,Yes,Mailed check,87.0,3233.16,No
CUST-04931,Female,0,No,Yes,47,Yes,Yes,DSL,Yes,No,No,No,Yes,No,Month-to-month,No,Mailed check,62.05,2892.08,No
CUST-04932,Female,0,Yes,Yes,54,Yes,No,No,No internet service,No internet service,No internet service,No internet service,No internet service,No internet service,Month-to-month,No,Credit card (automatic),21.89,1188.42,No
CUST-04933,Female,0,No,No,48,Yes,No,No,No internet service,No internet service,No internet service,No internet service,No internet service,No internet service,Two year,Yes,Credit card (automatic),22.78,1110.75,No
CUST-04934,Male,0,No,Yes,33,Yes,No,DSL,No,Yes,No,Yes,Yes,No,Two year,Yes,Credit card (automatic),63.27,2096.41,No
CUST-04935,Female,0,No,No,0,Yes,Yes,Fiber optic,Yes,No,No,Yes,No,Yes,Month-to-month,Yes,Electronic check,79.83,0.0,Yes
CUST-04936,Female,0,Yes,No,68,No,No phone service,Fiber optic,No,Yes,Yes,Yes,No,No,One year,Yes,Bank transfer (automatic),85.76,5845.2,No
CUST-04937,Female,0,Yes,No,50,Yes,Yes,Fiber optic,No,Yes,Yes,Yes,Yes,Yes,One year,Yes,Credit card (automatic),99.79,4984.4,No
CUST-04938,Male,0,No,Yes,61,Yes,No,No,No internet service,No internet service,No internet service,No internet service,No internet service,No internet service,One year,No,Mailed check,18.0,1116.11,No
CUST-04939,Male,1,Yes,No,16,Yes,Yes,DSL,Yes,No,Yes,No,No,No,Month-to-month,Yes,Mailed check,56.73,914.73,No
CUST-04940,Female,1,No,Yes,7,Yes,No,DSL,Yes,No,Yes,No,No,No,Two year,Yes,Mailed check,60.88,422.39,No
CUST-04941,Male,0,No,Yes,65,Yes,Yes,DSL,No,Yes,Yes,Yes,Yes,No,Month-to-month,Yes,Mailed check,73.07,4724.39,No
CUST-04942,Female,0,Yes,No,58,Yes,Yes,No,No internet service,No internet service,No internet service,No internet service,No internet service,No internet service,Month-to-month,Yes,Mailed check,18.0,1044.34,No
CUST-04943,Female,0,Yes,No,61,Yes,Yes,DSL,No,No,Yes,Yes,Yes,No,Month-to-month,No,Electronic check,72.08,4375.45,Yes
CUST-04944,Male,0,No,No,32,No,No phone service,Fiber optic,Yes,No,No,Yes,No,Yes,Month-to-month,Yes,Credit card (automatic),85.22,2705.3,No
CUST-04945,Female,0,Yes,No,66,Yes,No,No,No internet service,No internet service,No internet service,No internet service,No internet service,No internet service,Month-to-month,No,Electronic check,20.87,1370.46,No
CUST-04946,Male,0,No,No,16,Yes,No,No,No internet service,No internet service,No internet service,No internet service,No internet service,No internet service,Month-to-month,Yes,Electronic check,19.55,311.28,No
CUST-04947,Female,0,No,Yes,55,Yes,Yes,DSL,Yes,No,No,Yes,No,Yes,Month-to-month,No,Credit card (automatic),61.49,3358.06,No
CUST-04948,Male,0,No,No,36,Yes,No,DSL,No,No,Yes,Yes,Yes,No,Two year,Yes,Electronic check,63.11,2268.66,No
CUST-04949,Male,0,Yes,No,12,Yes,Yes,No,No internet service,No internet service,No internet service,No internet service,No internet service,No internet service,Month-to-month,No,Electronic check,18.0,211.25,No
CUST-04950,Male,0,Yes,No,52,Yes,No,Fiber optic,No,Yes,No,Yes,Yes,Yes,Month-to-month,No,Bank transfer (automatic),90.83,4711.16,Yes
CUST-04951,Male,0,No,Yes,26,Yes,Yes,DSL,Yes,Yes,No,No,No,Yes,Two year,Yes,Mailed check,62.63,1623.25,No
CUST-04952,Female,0,No,No,11,Yes,No,DSL,Yes,No,Yes,Yes,Yes,Yes,Month-to-month,Yes,Bank transfer (automatic),73.05,816.44,No
CUST-04953,Male,0,No,Yes,51,Yes,No,No,No internet service,No internet service,No internet service,No internet service,No internet service,No internet service,One year,No,Mailed check,21.54,1090.79,No
CUST-04954,Male,1,No,Yes,56,Yes,Yes,No,No internet service,No internet service,No internet service,No internet service,No internet service,No internet service,Month-to-month,Yes,Electronic check,18.0,1019.63,No
CUST-04955,Male,0,No,No,23,Yes,No,Fiber optic,Yes,No,No,Yes,No,No,One year,Yes,Mailed check,85.85,1972.96,No
CUST-04956,Male,0,Yes,No,70,Yes,No,Fiber optic,No,No,Yes,Yes,No,Yes,Month-to-month,Yes,Mailed check,83.66,5876.57,Yes
CUST-04957,Male,0,Yes,No,51,Yes,Yes,Fiber optic,No,No,No,Yes,Yes,No,Month-to-month,No,Mailed check,81.28,4161.51,Yes
CUST-04958,Female,0,No,No,1,Yes,No,DSL,No,No,Yes,No,No,No,One year,Yes,Bank transfer (automatic),53.69,49.44,No
CUST-04959,Female,0,Yes,Yes,24,Yes,No,No,No internet service,No internet service,No internet service,No internet service,No internet service,No internet service,Month-to-month,No,Electronic check,18.0,418.38,No
CUST-04960,Male,0,No,No,71,Yes,No,DSL,Yes,No,Yes,No,No,Yes,Month-to-month,No,Bank transfer (automatic),68.26,4856.16,No
CUST-04961,Female,0,Yes,Yes,12,No,No phone service,DSL,No,No,No,No,No,No,Month-to-month,No,Electronic check,53.68,633.67,Yes
CUST-04962,Female,0,Yes,No,69,Yes,No,DSL,Yes,No,No,No,No,No,One year,Yes,Bank transfer (automatic),47.44,3242.01,No
CUST-04963,Male,1,Yes,Yes,37,Yes,Yes,DSL,Yes,No,Yes,No,Yes,No,Month-to-month,Yes,Bank transfer (automatic),64.86,2414.53,No
CUST-04964,Female,1,No,No,49,Yes,Yes,Fiber optic,Yes,Yes,No,No,Yes,No,One year,Yes,Electronic check,90.07,4401.19,No
CUST-04965,Male,0,No,No,50,Yes,Yes,Fiber optic,No,Yes,Yes,No,No,Yes,One year,Yes,Bank transfer (automatic),79.01,3909.1,No
CUST-04966,Male,0,Yes,Yes,37,No,No phone service,Fiber optic,No,Yes,No,Yes,Yes,Yes,Month-to-month,Yes,Credit card (automatic),100.12,3702.91,No
CUST-04967,Male,0,Yes,No,37,Yes,No,Fiber optic,No,Yes,No,Yes,No,Yes,Two year,Yes,Credit card (automatic),88.47,3292.11,No
CUST-04968,Male,0,Yes,No,41,Yes,No,DSL,No,No,Yes,Yes,No,Yes,Two year,No,Credit card (automatic),67.42,2752.43,No
CUST-04969,Female,0,Yes,Yes,46,Yes,Yes,Fiber optic,No,No,No,No,Yes,Yes,Month-to-month,No,Bank transfer (automatic),84.64,3886.48,No
CUST-04970,Female,0,No,No,53,No,No phone service,Fiber optic,No,Yes,Yes,Yes,No,No,Month-to-month,Yes,Credit card (automatic),84.53,4490.06,Yes
CUST-04971,Male,0,Yes,Yes,31,No,No phone service,Fiber optic,No,Yes,No,Yes,No,Yes,Month-to-month,Yes,Mailed check,86.04,2658.14,Yes
CUST-04972,Female,0,Yes,No,31,Yes,No,DSL,Yes,No,Yes,No,Yes,No,Two year,No,Mailed check,58.79,1820.41,No
CUST-04973,Female,0,Yes,No,56,Yes,No,No,No internet service,No internet service,No internet service,No internet service,No internet service,No internet service,Month-to-month,Yes,Electronic check,18.0,1025.9,No
CUST-04974,Female,0,No,No,55,Yes,Yes,DSL,Yes,No,Yes,No,Yes,Yes,Month-to-month,Yes,Mailed check,71.64,3953.75,No
CUST-04975,Female,0,No,No,47,Yes,No,DSL,Yes,Yes,No,Yes,Yes,Yes,Two year,No,Bank transfer (automatic),68.67,3232.01,No
CUST-04976,Female,0,No,No,33,Yes,No,DSL,Yes,Yes,No,Yes,No,Yes,One year,No,Credit card (automatic),72.92,2373.02,No
CUST-04977,Male,0,No,No,41,Yes,No,Fiber optic,Yes,No,No,No,Yes,Yes,Month-to-month,No,Mailed check,86.27,3548.75,No
CUST-04978,Female,0,No,No,41,Yes,No,DSL,No,No,No,No,Yes,No,One year,No,Bank transfer (automatic),47.91,1956.41,No
CUST-04979,Female,1,Yes,No,31,Yes,No,DSL,No,Yes,No,Yes,Yes,Yes,Two year,No,Credit card (automatic),66.04,2057.03,No
CUST-04980,Female,0,No,No,13,Yes,No,Fiber optic,No,No,Yes,Yes,Yes,No,Month-to-month,No,Electronic check,90.22,1142.52,Yes
CUST-04981,Female,1,No,Yes,39,Yes,No,Fiber optic,No,No,No,No,Yes,Yes,Month-to-month,Yes,Electronic check,83.44,3272.91,Yes
CUST-04982,Male,0,Yes,Yes,32,No,No phone service,DSL,No,No,Yes,No,No,Yes,One year,Yes,Bank transfer (automatic),58.18,1844.95,No
CUST-04983,Male,0,No,No,3,Yes,No,Fiber optic,Yes,Yes,Yes,No,Yes,No,Month-to-month,Yes,Bank transfer (automatic),90.99,281.59,Yes
CUST-04984,Male,0,No,No,69,Yes,Yes,Fiber optic,Yes,No,Yes,Yes,No,No,Two year,No,Electronic check,88.12,6098.94,No
CUST-04985,Male,0,No,Yes,48,Yes,Yes,DSL,Yes,Yes,Yes,Yes,No,Yes,Month-to-month,Yes,Bank transfer (automatic),80.95,3893.41,No
CUST-04986,Female,0,Yes,No,8,Yes,No,DSL,No,No,Yes,Yes,Yes,Yes,One year,No,Mailed check,62.9,510.92,No
CUST-04987,Female,0,Yes,Yes,14,Yes,No,Fiber optic,No,No,No,No,Yes,Yes,Two year,Yes,Mailed check,81.49,1142.62,No
CUST-04988,Female,0,No,No,41,Yes,Yes,No,No internet service,No internet service,No internet service,No internet service,No internet service,No internet service,Month-to-month,No,Mailed check,18.0,713.6,Yes
CUST-04989,Female,0,Yes,No,62,No,No phone service,Fiber optic,Yes,No,No,Yes,Yes,Yes,Month-to-month,Yes,Mailed check,96.62,6016.95,Yes
CUST-04990,Female,1,Yes,No,35,Yes,Yes,DSL,No,Yes,No,No,No,Yes,Two year,Yes,Bank transfer (automatic),56.59,2002.56,No
CUST-04991,Female,1,Yes,No,59,Yes,No,No,No internet service,No internet service,No internet service,No internet service,No internet service,No internet service,One year,Yes,Electronic check,23.97,1406.58,No
CUST-04992,Female,0,No,No,9,Yes,Yes,Fiber optic,No,No,No,No,No,No,Month-to-month,Yes,Credit card (automatic),74.93,605.81,Yes
CUST-04993,Female,0,No,Yes,38,Yes,Yes,Fiber optic,No,Yes,No,Yes,Yes,Yes,Month-to-month,Yes,Mailed check,91.93,3513.47,Yes
CUST-04994,Female,1,No,No,60,Yes,Yes,No,No internet service,No internet service,No internet service,No internet service,No internet service,No internet service,Month-to-month,Yes,Credit card (automatic),22.86,1335.18,No
CUST-04995,Male,0,No,Yes,61,Yes,Yes,Fiber optic,No,Yes,No,No,No,No,Month-to-month,No,Electronic check,77.13,4715.57,No
CUST-04996,Female,0,Yes,No,17,Yes,No,Fiber optic,No,Yes,Yes,No,Yes,No,Month-to-month,Yes,Mailed check,82.77,1392.52,Yes
CUST-04997,Female,0,Yes,No,48,Yes,Yes,Fiber optic,Yes,Yes,Yes,Yes,No,Yes,One year,No,Mailed check,97.82,4704.96,No
CUST-04998,Female,0,Yes,Yes,2,Yes,No,No,No internet service,No internet service,No internet service,No internet service,No internet service,No internet service,Month-to-month,Yes,Electronic check,22.39,24.63,Yes
CUST-04999,Male,0,Yes,Yes,10,Yes,No,DSL,No,Yes,Yes,No,No,Yes,One year,Yes,Electronic check,52.83,528.41,No
